[2026-09-30 21:19:29] === RUN START (2026-09-30 21:19:29) — 1 task(s) ===
[2026-09-30 21:19:30] OK   same_day_reminder — sent=1 (996.2ms)
[2026-09-30 21:19:30] === RUN END — total_sent=1 failed=0 ===
[2026-09-30 21:31:05] === RUN START (2026-09-30 21:31:05) — 1 task(s) ===
[2026-09-30 21:31:06] OK   same_day_reminder — sent=1 (1020ms)
[2026-09-30 21:31:06] === RUN END — total_sent=1 failed=0 ===
[2026-09-30 21:35:07] === RUN START (2026-09-30 21:35:07) — 1 task(s) ===
[2026-09-30 21:35:08] OK   same_day_reminder — sent=1 (1055.8ms)
[2026-09-30 21:35:08] === RUN END — total_sent=1 failed=0 ===
[2026-09-30 21:36:33] === RUN START (2026-09-30 21:36:33) — 1 task(s) ===
[2026-09-30 21:36:33] OK   same_day_reminder — sent=0 (0.5ms)
[2026-09-30 21:36:33] === RUN END — total_sent=0 failed=0 ===
[2026-09-30 21:50:02] === RUN START (2026-09-30 21:50:02) — 1 task(s) ===
[2026-09-30 21:50:02] OK   same_day_reminder — sent=0 (0.5ms)
[2026-09-30 21:50:02] === RUN END — total_sent=0 failed=0 ===
[2026-09-30 21:55:01] === RUN START (2026-09-30 21:55:01) — 1 task(s) ===
[2026-09-30 21:55:03] OK   same_day_reminder — sent=1 (1181.2ms)
[2026-09-30 21:55:03] === RUN END — total_sent=1 failed=0 ===
[2026-09-30 22:00:01] === RUN START (2026-09-30 22:00:01) — 1 task(s) ===
[2026-09-30 22:00:03] OK   same_day_reminder — sent=1 (1148.7ms)
[2026-09-30 22:00:03] === RUN END — total_sent=1 failed=0 ===
[2026-09-30 22:05:01] === RUN START (2026-09-30 22:05:01) — 1 task(s) ===
[2026-09-30 22:05:01] OK   same_day_reminder — sent=0 (0.5ms)
[2026-09-30 22:05:01] === RUN END — total_sent=0 failed=0 ===
[2026-09-30 22:10:01] === RUN START (2026-09-30 22:10:01) — 1 task(s) ===
[2026-09-30 22:10:01] OK   same_day_reminder — sent=0 (0.4ms)
[2026-09-30 22:10:01] === RUN END — total_sent=0 failed=0 ===
[2026-09-30 22:15:01] === RUN START (2026-09-30 22:15:01) — 1 task(s) ===
[2026-09-30 22:15:01] OK   same_day_reminder — sent=0 (0.5ms)
[2026-09-30 22:15:01] === RUN END — total_sent=0 failed=0 ===
[2026-09-30 22:20:01] === RUN START (2026-09-30 22:20:01) — 1 task(s) ===
[2026-09-30 22:20:01] OK   same_day_reminder — sent=0 (0.4ms)
[2026-09-30 22:20:01] === RUN END — total_sent=0 failed=0 ===
[2026-09-30 22:21:00] === RUN START (2026-09-30 22:21:00) — 1 task(s) ===
[2026-09-30 22:21:00] OK   same_day_reminder — sent=0 (0.9ms)
[2026-09-30 22:21:00] === RUN END — total_sent=0 failed=0 ===
[2026-09-30 22:23:39] === RUN START (2026-09-30 22:23:39) — 1 task(s) ===
[2026-09-30 22:23:39] cronSafePush: called for user=7
[2026-09-30 22:23:39] cronSafePush: user=7 has NO subscription (returned 0)
[2026-09-30 22:23:39] cronSafePush: called for user=4
[2026-09-30 22:23:40] cronSafePush: OK user=4 sent=1
[2026-09-30 22:23:40] cronSafePush: called for user=7
[2026-09-30 22:23:40] cronSafePush: user=7 has NO subscription (returned 0)
[2026-09-30 22:23:40] OK   same_day_reminder — sent=1 (1172.5ms)
[2026-09-30 22:23:40] === RUN END — total_sent=1 failed=0 ===
[2026-09-30 22:25:01] === RUN START (2026-09-30 22:25:01) — 1 task(s) ===
[2026-09-30 22:25:01] OK   same_day_reminder — sent=0 (1ms)
[2026-09-30 22:25:01] === RUN END — total_sent=0 failed=0 ===
[2026-09-30 22:30:01] === RUN START (2026-09-30 22:30:01) — 1 task(s) ===
[2026-09-30 22:30:01] OK   same_day_reminder — sent=0 (1.2ms)
[2026-09-30 22:30:01] === RUN END — total_sent=0 failed=0 ===
[2026-09-30 22:35:01] === RUN START (2026-09-30 22:35:01) — 1 task(s) ===
[2026-09-30 22:35:01] OK   same_day_reminder — sent=0 (0.8ms)
[2026-09-30 22:35:01] === RUN END — total_sent=0 failed=0 ===
[2026-09-30 22:40:01] === RUN START (2026-09-30 22:40:01) — 1 task(s) ===
[2026-09-30 22:40:01] OK   same_day_reminder — sent=0 (0.6ms)
[2026-09-30 22:40:01] === RUN END — total_sent=0 failed=0 ===
[2026-09-30 22:45:01] === RUN START (2026-09-30 22:45:01) — 1 task(s) ===
[2026-09-30 22:45:01] OK   same_day_reminder — sent=0 (1.2ms)
[2026-09-30 22:45:01] === RUN END — total_sent=0 failed=0 ===
[2026-09-30 22:50:02] === RUN START (2026-09-30 22:50:02) — 1 task(s) ===
[2026-09-30 22:50:02] OK   same_day_reminder — sent=0 (1.2ms)
[2026-09-30 22:50:02] === RUN END — total_sent=0 failed=0 ===
[2026-09-30 22:55:01] === RUN START (2026-09-30 22:55:01) — 1 task(s) ===
[2026-09-30 22:55:01] OK   same_day_reminder — sent=0 (0.5ms)
[2026-09-30 22:55:01] === RUN END — total_sent=0 failed=0 ===
[2026-09-30 23:00:02] === RUN START (2026-09-30 23:00:02) — 1 task(s) ===
[2026-09-30 23:00:02] OK   same_day_reminder — sent=0 (0.4ms)
[2026-09-30 23:00:02] === RUN END — total_sent=0 failed=0 ===
[2026-09-30 23:05:02] === RUN START (2026-09-30 23:05:02) — 1 task(s) ===
[2026-09-30 23:05:02] OK   same_day_reminder — sent=0 (0.7ms)
[2026-09-30 23:05:02] === RUN END — total_sent=0 failed=0 ===
[2026-09-30 23:10:02] === RUN START (2026-09-30 23:10:02) — 1 task(s) ===
[2026-09-30 23:10:02] cronSafePush: called for user=7
[2026-09-30 23:10:02] cronSafePush: user=7 has NO subscription (returned 0)
[2026-09-30 23:10:02] cronSafePush: called for user=4
[2026-09-30 23:10:03] cronSafePush: OK user=4 sent=1
[2026-09-30 23:10:03] cronSafePush: called for user=7
[2026-09-30 23:10:03] cronSafePush: user=7 has NO subscription (returned 0)
[2026-09-30 23:10:03] OK   same_day_reminder — sent=1 (1330.8ms)
[2026-09-30 23:10:03] === RUN END — total_sent=1 failed=0 ===
[2026-09-30 23:15:02] === RUN START (2026-09-30 23:15:02) — 1 task(s) ===
[2026-09-30 23:15:02] OK   same_day_reminder — sent=0 (0.8ms)
[2026-09-30 23:15:02] === RUN END — total_sent=0 failed=0 ===
[2026-09-30 23:20:02] === RUN START (2026-09-30 23:20:02) — 1 task(s) ===
[2026-09-30 23:20:02] OK   same_day_reminder — sent=0 (3.3ms)
[2026-09-30 23:20:02] === RUN END — total_sent=0 failed=0 ===
[2026-09-30 23:25:02] === RUN START (2026-09-30 23:25:02) — 1 task(s) ===
[2026-09-30 23:25:02] cronSafePushResident: pushToResident not defined
[2026-09-30 23:25:02] cronSafePush: called for user=4
[2026-09-30 23:25:03] cronSafePush: OK user=4 sent=1
[2026-09-30 23:25:03] OK   same_day_reminder — sent=1 (1329.6ms)
[2026-09-30 23:25:03] === RUN END — total_sent=1 failed=0 ===
[2026-09-30 23:27:25] === RUN START (2026-09-30 23:27:25) — 1 task(s) ===
[2026-09-30 23:27:25] cronSafePushResident: pushToResident not defined
[2026-09-30 23:27:25] cronSafePush: called for user=4
[2026-09-30 23:27:26] cronSafePush: OK user=4 sent=1
[2026-09-30 23:27:26] OK   same_day_reminder — sent=1 (1025.3ms)
[2026-09-30 23:27:26] === RUN END — total_sent=1 failed=0 ===
[2026-09-30 23:30:01] === RUN START (2026-09-30 23:30:01) — 1 task(s) ===
[2026-09-30 23:30:01] OK   same_day_reminder — sent=0 (0.7ms)
[2026-09-30 23:30:01] === RUN END — total_sent=0 failed=0 ===
[2026-09-30 23:35:02] === RUN START (2026-09-30 23:35:02) — 1 task(s) ===
[2026-09-30 23:35:02] cronSafePushResident: OK resident=7 sent=1
[2026-09-30 23:35:02] cronSafePush: called for user=4
[2026-09-30 23:35:03] cronSafePush: OK user=4 sent=1
[2026-09-30 23:35:03] OK   same_day_reminder — sent=1 (1350.9ms)
[2026-09-30 23:35:03] === RUN END — total_sent=1 failed=0 ===
[2026-09-30 23:36:32] === RUN START (2026-09-30 23:36:32) — 1 task(s) ===
[2026-09-30 23:36:32] cronSafePushResident: OK resident=7 sent=1
[2026-09-30 23:36:32] cronSafePush: called for user=4
[2026-09-30 23:36:33] cronSafePush: OK user=4 sent=1
[2026-09-30 23:36:33] OK   same_day_reminder — sent=1 (1304.5ms)
[2026-09-30 23:36:33] === RUN END — total_sent=1 failed=0 ===
[2026-09-30 23:39:02] === RUN START (2026-09-30 23:39:02) — 1 task(s) ===
[2026-09-30 23:39:02] cronSafePushResident: OK resident=7 sent=1
[2026-09-30 23:39:02] cronSafePush: called for user=4
[2026-09-30 23:39:03] cronSafePush: OK user=4 sent=1
[2026-09-30 23:39:03] OK   same_day_reminder — sent=1 (1256.1ms)
[2026-09-30 23:39:03] === RUN END — total_sent=1 failed=0 ===
[2026-09-30 23:40:02] === RUN START (2026-09-30 23:40:02) — 1 task(s) ===
[2026-09-30 23:40:02] OK   same_day_reminder — sent=0 (0.7ms)
[2026-09-30 23:40:02] === RUN END — total_sent=0 failed=0 ===
[2026-09-30 23:40:12] === RUN START (2026-09-30 23:40:12) — 1 task(s) ===
[2026-09-30 23:40:13] cronSafePushResident: OK resident=7 sent=1
[2026-09-30 23:40:13] cronSafePush: called for user=4
[2026-09-30 23:40:14] cronSafePush: OK user=4 sent=1
[2026-09-30 23:40:14] OK   same_day_reminder — sent=1 (1322.1ms)
[2026-09-30 23:40:14] === RUN END — total_sent=1 failed=0 ===
[2026-09-30 23:45:02] === RUN START (2026-09-30 23:45:02) — 1 task(s) ===
[2026-09-30 23:45:02] OK   same_day_reminder — sent=0 (1.6ms)
[2026-09-30 23:45:02] === RUN END — total_sent=0 failed=0 ===
[2026-09-30 23:50:02] === RUN START (2026-09-30 23:50:02) — 1 task(s) ===
[2026-09-30 23:50:02] OK   same_day_reminder — sent=0 (0.7ms)
[2026-09-30 23:50:02] === RUN END — total_sent=0 failed=0 ===
[2026-09-30 23:55:02] === RUN START (2026-09-30 23:55:02) — 1 task(s) ===
[2026-09-30 23:55:02] OK   same_day_reminder — sent=0 (0.5ms)
[2026-09-30 23:55:02] === RUN END — total_sent=0 failed=0 ===
[2026-10-01 00:00:02] === RUN START (2026-10-01 00:00:02) — 1 task(s) ===
[2026-10-01 00:00:02] OK   same_day_reminder — sent=0 (0.7ms)
[2026-10-01 00:00:02] === RUN END — total_sent=0 failed=0 ===
[2026-10-01 00:05:02] === RUN START (2026-10-01 00:05:02) — 1 task(s) ===
[2026-10-01 00:05:02] OK   same_day_reminder — sent=0 (0.5ms)
[2026-10-01 00:05:02] === RUN END — total_sent=0 failed=0 ===
[2026-10-01 00:10:02] === RUN START (2026-10-01 00:10:02) — 5 task(s) ===
[2026-10-01 00:10:02] OK   hearing_reminder — sent=0 (0.6ms)
[2026-10-01 00:10:02] OK   pickup_reminder — sent=0 (0.6ms)
[2026-10-01 00:10:02] FAIL return_reminder — mysqli_stmt_execute(): Argument #1 ($statement) must be of type mysqli_stmt, bool given (0.2ms)
[2026-10-01 00:10:02] OK   same_day_reminder — sent=0 (0.6ms)
[2026-10-01 00:10:02] OK   unclaimed_document — sent=0 (0.8ms)
[2026-10-01 00:10:02] === RUN END — total_sent=0 failed=1 ===
[2026-10-01 00:15:02] === RUN START (2026-10-01 00:15:02) — 5 task(s) ===
[2026-10-01 00:15:02] OK   hearing_reminder — sent=0 (0.5ms)
[2026-10-01 00:15:02] OK   pickup_reminder — sent=0 (0.4ms)
[2026-10-01 00:15:02] FAIL return_reminder — mysqli_stmt_execute(): Argument #1 ($statement) must be of type mysqli_stmt, bool given (0.2ms)
[2026-10-01 00:15:02] OK   same_day_reminder — sent=0 (0.5ms)
[2026-10-01 00:15:02] OK   unclaimed_document — sent=0 (0.7ms)
[2026-10-01 00:15:02] === RUN END — total_sent=0 failed=1 ===
[2026-10-01 00:20:02] === RUN START (2026-10-01 00:20:02) — 5 task(s) ===
[2026-10-01 00:20:02] OK   hearing_reminder — sent=0 (0.6ms)
[2026-10-01 00:20:02] OK   pickup_reminder — sent=0 (0.3ms)
[2026-10-01 00:20:02] FAIL return_reminder — mysqli_stmt_execute(): Argument #1 ($statement) must be of type mysqli_stmt, bool given (0.4ms)
[2026-10-01 00:20:02] OK   same_day_reminder — sent=0 (0.6ms)
[2026-10-01 00:20:02] OK   unclaimed_document — sent=0 (0.5ms)
[2026-10-01 00:20:02] === RUN END — total_sent=0 failed=1 ===
[2026-10-01 00:20:15] return_reminder: PREPARE (due) FAILED — Unknown column 'r.reference' in 'field list'
[2026-10-01 00:20:15] return_reminder: SQL was:
SELECT r.id AS request_id,
                      r.resident_id,
                      r.`reference`,
                      r.end_datetime,
                      er.equipment_name,
                      er.quantity,
                      DATEDIFF(r.end_datetime, NOW()) AS days_until_due
               FROM requests r
               JOIN equipment_requests er ON r.id = er.request_id
               WHERE r.status IN ('approved', 'borrowed')
                 AND r.request_type = 'equipment'
                 AND r.end_datetime >= NOW()
                 AND DATEDIFF(r.end_datetime, NOW()) BETWEEN 0 AND 3
[2026-10-01 00:20:15] return_reminder: PREPARE (overdue) FAILED — Unknown column 'r.reference' in 'field list'
[2026-10-01 00:20:15] return_reminder: SQL was:
SELECT r.id AS request_id,
                       r.resident_id,
                       r.`reference`,
                       r.end_datetime,
                       er.equipment_name,
                       er.quantity,
                       DATEDIFF(NOW(), r.end_datetime) AS days_overdue
                FROM requests r
                JOIN equipment_requests er ON r.id = er.request_id
                WHERE r.status IN ('approved', 'borrowed')
                  AND r.request_type = 'equipment'
                  AND r.end_datetime < NOW()
[2026-10-01 00:25:02] === RUN START (2026-10-01 00:25:02) — 5 task(s) ===
[2026-10-01 00:25:02] OK   hearing_reminder — sent=0 (0.8ms)
[2026-10-01 00:25:02] OK   pickup_reminder — sent=0 (0.4ms)
[2026-10-01 00:25:02] return_reminder: PREPARE (due) FAILED — Unknown column 'r.reference' in 'field list'
[2026-10-01 00:25:02] return_reminder: SQL was:
SELECT r.id AS request_id,
                      r.resident_id,
                      r.`reference`,
                      r.end_datetime,
                      er.equipment_name,
                      er.quantity,
                      DATEDIFF(r.end_datetime, NOW()) AS days_until_due
               FROM requests r
               JOIN equipment_requests er ON r.id = er.request_id
               WHERE r.status IN ('approved', 'borrowed')
                 AND r.request_type = 'equipment'
                 AND r.end_datetime >= NOW()
                 AND DATEDIFF(r.end_datetime, NOW()) BETWEEN 0 AND 3
[2026-10-01 00:25:02] return_reminder: PREPARE (overdue) FAILED — Unknown column 'r.reference' in 'field list'
[2026-10-01 00:25:02] return_reminder: SQL was:
SELECT r.id AS request_id,
                       r.resident_id,
                       r.`reference`,
                       r.end_datetime,
                       er.equipment_name,
                       er.quantity,
                       DATEDIFF(NOW(), r.end_datetime) AS days_overdue
                FROM requests r
                JOIN equipment_requests er ON r.id = er.request_id
                WHERE r.status IN ('approved', 'borrowed')
                  AND r.request_type = 'equipment'
                  AND r.end_datetime < NOW()
[2026-10-01 00:25:02] OK   return_reminder — sent=0 (1.8ms)
[2026-10-01 00:25:02] OK   same_day_reminder — sent=0 (1ms)
[2026-10-01 00:25:02] OK   unclaimed_document — sent=0 (0.4ms)
[2026-10-01 00:25:02] === RUN END — total_sent=0 failed=0 ===
[2026-10-01 00:29:45] cronSafePushResident: resident=7 has NO subscription
[2026-10-01 00:29:45] return_reminder: sent to resident=7 for request=31 (days=0)
[2026-10-01 00:29:45] cronSafePushResident: resident=7 has NO subscription
[2026-10-01 00:29:45] equipment_overdue: sent to resident=7 for request=21 (overdue=140)
[2026-10-01 00:29:45] cronSafePushResident: resident=7 has NO subscription
[2026-10-01 00:29:45] equipment_overdue: sent to resident=7 for request=22 (overdue=139)
[2026-10-01 00:29:45] cronSafePushResident: resident=7 has NO subscription
[2026-10-01 00:29:45] equipment_overdue: sent to resident=7 for request=23 (overdue=140)
[2026-10-01 00:29:45] cronSafePushResident: resident=7 has NO subscription
[2026-10-01 00:29:45] equipment_overdue: sent to resident=7 for request=24 (overdue=139)
[2026-10-01 00:29:45] cronSafePushResident: resident=7 has NO subscription
[2026-10-01 00:29:45] equipment_overdue: sent to resident=7 for request=25 (overdue=133)
[2026-10-01 00:29:45] cronSafePushResident: resident=7 has NO subscription
[2026-10-01 00:29:45] equipment_overdue: sent to resident=7 for request=26 (overdue=140)
[2026-10-01 00:29:45] cronSafePushResident: resident=7 has NO subscription
[2026-10-01 00:29:45] equipment_overdue: sent to resident=7 for request=28 (overdue=132)
[2026-10-01 00:29:45] cronSafePushResident: resident=7 has NO subscription
[2026-10-01 00:29:45] equipment_overdue: sent to resident=7 for request=29 (overdue=132)
[2026-10-01 00:29:45] cronSafePushResident: resident=7 has NO subscription
[2026-10-01 00:29:45] equipment_overdue: sent to resident=7 for request=30 (overdue=5)
[2026-10-01 00:29:45] cronSafePushResident: resident=7 has NO subscription
[2026-10-01 00:29:45] pickup_reminder: sent to resident=7 for request=94
[2026-10-01 00:29:45] cronSafePushResident: resident=7 has NO subscription
[2026-10-01 00:29:45] unclaimed_document: marked request=95 unclaimed for resident=7
[2026-10-01 00:29:45] cronSafePushResident: resident=7 has NO subscription
[2026-10-01 00:29:45] cronSafePush: called for user=1
[2026-10-01 00:29:45] cronSafePush: user=1 has NO subscription (returned 0)
[2026-10-01 00:29:45] hearing_reminder: processed hearing_id=5 for #CRON-TEST-20261001002945-HEARING
[2026-10-01 00:30:02] === RUN START (2026-10-01 00:30:02) — 5 task(s) ===
[2026-10-01 00:30:02] OK   hearing_reminder — sent=0 (0.7ms)
[2026-10-01 00:30:02] OK   pickup_reminder — sent=0 (0.6ms)
[2026-10-01 00:30:02] OK   return_reminder — sent=0 (5ms)
[2026-10-01 00:30:02] OK   same_day_reminder — sent=0 (1ms)
[2026-10-01 00:30:02] OK   unclaimed_document — sent=0 (0.6ms)
[2026-10-01 00:30:02] === RUN END — total_sent=0 failed=0 ===
[2026-10-01 00:35:02] === RUN START (2026-10-01 00:35:02) — 5 task(s) ===
[2026-10-01 00:35:02] OK   hearing_reminder — sent=0 (1ms)
[2026-10-01 00:35:02] OK   pickup_reminder — sent=0 (0.9ms)
[2026-10-01 00:35:02] OK   return_reminder — sent=0 (9.7ms)
[2026-10-01 00:35:02] OK   same_day_reminder — sent=0 (1ms)
[2026-10-01 00:35:02] OK   unclaimed_document — sent=0 (1.4ms)
[2026-10-01 00:35:02] === RUN END — total_sent=0 failed=0 ===
[2026-10-01 00:40:02] === RUN START (2026-10-01 00:40:02) — 5 task(s) ===
[2026-10-01 00:40:02] OK   hearing_reminder — sent=0 (0.5ms)
[2026-10-01 00:40:02] OK   pickup_reminder — sent=0 (0.4ms)
[2026-10-01 00:40:02] OK   return_reminder — sent=0 (4.6ms)
[2026-10-01 00:40:02] OK   same_day_reminder — sent=0 (1.4ms)
[2026-10-01 00:40:02] OK   unclaimed_document — sent=0 (1ms)
[2026-10-01 00:40:02] === RUN END — total_sent=0 failed=0 ===
[2026-10-01 00:45:02] === RUN START (2026-10-01 00:45:02) — 5 task(s) ===
[2026-10-01 00:45:02] OK   hearing_reminder — sent=0 (1.1ms)
[2026-10-01 00:45:02] OK   pickup_reminder — sent=0 (1.4ms)
[2026-10-01 00:45:02] cronSafePushResident: resident=7 has NO subscription
[2026-10-01 00:45:02] equipment_overdue: sent to resident=7 for request=21 (overdue=140)
[2026-10-01 00:45:02] cronSafePushResident: resident=7 has NO subscription
[2026-10-01 00:45:02] equipment_overdue: sent to resident=7 for request=22 (overdue=139)
[2026-10-01 00:45:02] cronSafePushResident: resident=7 has NO subscription
[2026-10-01 00:45:02] equipment_overdue: sent to resident=7 for request=23 (overdue=140)
[2026-10-01 00:45:02] cronSafePushResident: resident=7 has NO subscription
[2026-10-01 00:45:02] equipment_overdue: sent to resident=7 for request=24 (overdue=139)
[2026-10-01 00:45:02] cronSafePushResident: resident=7 has NO subscription
[2026-10-01 00:45:02] equipment_overdue: sent to resident=7 for request=25 (overdue=133)
[2026-10-01 00:45:02] cronSafePushResident: resident=7 has NO subscription
[2026-10-01 00:45:02] equipment_overdue: sent to resident=7 for request=26 (overdue=140)
[2026-10-01 00:45:02] cronSafePushResident: resident=7 has NO subscription
[2026-10-01 00:45:02] equipment_overdue: sent to resident=7 for request=28 (overdue=132)
[2026-10-01 00:45:02] cronSafePushResident: resident=7 has NO subscription
[2026-10-01 00:45:02] equipment_overdue: sent to resident=7 for request=29 (overdue=132)
[2026-10-01 00:45:02] OK   return_reminder — sent=8 (33.1ms)
[2026-10-01 00:45:02] OK   same_day_reminder — sent=0 (1ms)
[2026-10-01 00:45:02] OK   unclaimed_document — sent=0 (0.7ms)
[2026-10-01 00:45:02] === RUN END — total_sent=8 failed=0 ===
[2026-10-01 00:47:14] cronSafePushResident: resident=7 has NO subscription
[2026-10-01 00:47:14] return_reminder: sent to resident=7 for request=33 (days=0)
[2026-10-01 00:47:14] equipment_overdue: SKIPPED resident=7 request=21 (last sent 0h ago)
[2026-10-01 00:47:14] equipment_overdue: SKIPPED resident=7 request=22 (last sent 0h ago)
[2026-10-01 00:47:14] equipment_overdue: SKIPPED resident=7 request=23 (last sent 0h ago)
[2026-10-01 00:47:14] equipment_overdue: SKIPPED resident=7 request=24 (last sent 0h ago)
[2026-10-01 00:47:14] equipment_overdue: SKIPPED resident=7 request=25 (last sent 0h ago)
[2026-10-01 00:47:14] equipment_overdue: SKIPPED resident=7 request=26 (last sent 0h ago)
[2026-10-01 00:47:14] equipment_overdue: SKIPPED resident=7 request=28 (last sent 0h ago)
[2026-10-01 00:47:14] equipment_overdue: SKIPPED resident=7 request=29 (last sent 0h ago)
[2026-10-01 00:47:14] cronSafePushResident: resident=7 has NO subscription
[2026-10-01 00:47:14] equipment_overdue: sent to resident=7 for request=32 (overdue=5)
[2026-10-01 00:47:14] cronSafePushResident: resident=7 has NO subscription
[2026-10-01 00:47:14] pickup_reminder: sent to resident=7 for request=96
[2026-10-01 00:47:14] cronSafePushResident: resident=7 has NO subscription
[2026-10-01 00:47:14] unclaimed_document: marked request=97 unclaimed for resident=7
[2026-10-01 00:47:14] cronSafePushResident: resident=7 has NO subscription
[2026-10-01 00:47:14] cronSafePush: called for user=1
[2026-10-01 00:47:14] cronSafePush: user=1 has NO subscription (returned 0)
[2026-10-01 00:47:14] hearing_reminder: processed hearing_id=6 for #CRON-TEST-20261001004714-HEARING
[2026-10-01 00:50:02] === RUN START (2026-10-01 00:50:02) — 5 task(s) ===
[2026-10-01 00:50:02] OK   hearing_reminder — sent=0 (2ms)
[2026-10-01 00:50:02] OK   pickup_reminder — sent=0 (0.4ms)
[2026-10-01 00:50:02] equipment_overdue: SKIPPED resident=7 request=21 (last sent 0.1h ago)
[2026-10-01 00:50:02] equipment_overdue: SKIPPED resident=7 request=22 (last sent 0.1h ago)
[2026-10-01 00:50:02] equipment_overdue: SKIPPED resident=7 request=23 (last sent 0.1h ago)
[2026-10-01 00:50:02] equipment_overdue: SKIPPED resident=7 request=24 (last sent 0.1h ago)
[2026-10-01 00:50:02] equipment_overdue: SKIPPED resident=7 request=25 (last sent 0.1h ago)
[2026-10-01 00:50:02] equipment_overdue: SKIPPED resident=7 request=26 (last sent 0.1h ago)
[2026-10-01 00:50:02] equipment_overdue: SKIPPED resident=7 request=28 (last sent 0.1h ago)
[2026-10-01 00:50:02] equipment_overdue: SKIPPED resident=7 request=29 (last sent 0.1h ago)
[2026-10-01 00:50:02] OK   return_reminder — sent=0 (3.2ms)
[2026-10-01 00:50:02] OK   same_day_reminder — sent=0 (1.2ms)
[2026-10-01 00:50:02] OK   unclaimed_document — sent=0 (1.1ms)
[2026-10-01 00:50:02] === RUN END — total_sent=0 failed=0 ===
[2026-10-01 15:57:22] === RUN START (2026-10-01 15:57:22) — 5 task(s) ===
[2026-10-01 15:57:22] OK   hearing_reminder — sent=0 (116.4ms)
[2026-10-01 15:57:22] OK   pickup_reminder — sent=0 (14.7ms)
[2026-10-01 15:57:22] cronSafePushResident: resident=7 has NO subscription
[2026-10-01 15:57:22] equipment_overdue: sent to resident=7 for request=21 (overdue=140)
[2026-10-01 15:57:22] cronSafePushResident: resident=7 has NO subscription
[2026-10-01 15:57:22] equipment_overdue: sent to resident=7 for request=22 (overdue=139)
[2026-10-01 15:57:22] cronSafePushResident: resident=7 has NO subscription
[2026-10-01 15:57:22] equipment_overdue: sent to resident=7 for request=23 (overdue=140)
[2026-10-01 15:57:22] cronSafePushResident: resident=7 has NO subscription
[2026-10-01 15:57:22] equipment_overdue: sent to resident=7 for request=24 (overdue=139)
[2026-10-01 15:57:22] cronSafePushResident: resident=7 has NO subscription
[2026-10-01 15:57:22] equipment_overdue: sent to resident=7 for request=25 (overdue=133)
[2026-10-01 15:57:22] cronSafePushResident: resident=7 has NO subscription
[2026-10-01 15:57:22] equipment_overdue: sent to resident=7 for request=26 (overdue=140)
[2026-10-01 15:57:22] cronSafePushResident: resident=7 has NO subscription
[2026-10-01 15:57:22] equipment_overdue: sent to resident=7 for request=28 (overdue=132)
[2026-10-01 15:57:22] cronSafePushResident: resident=7 has NO subscription
[2026-10-01 15:57:22] equipment_overdue: sent to resident=7 for request=29 (overdue=132)
[2026-10-01 15:57:22] OK   return_reminder — sent=8 (115.1ms)
[2026-10-01 15:57:23] OK   same_day_reminder — sent=0 (1.7ms)
[2026-10-01 15:57:23] OK   unclaimed_document — sent=0 (3.1ms)
[2026-10-01 15:57:23] === RUN END — total_sent=8 failed=0 ===
[2026-10-01 19:57:29] === RUN START (2026-10-01 19:57:29) — 5 task(s) ===
[2026-10-01 19:57:30] OK   hearing_reminder — sent=0 (10.3ms)
[2026-10-01 19:57:30] OK   pickup_reminder — sent=0 (1.8ms)
[2026-10-01 19:57:30] cronSafePushResident: resident=7 has NO subscription
[2026-10-01 19:57:30] equipment_overdue: sent to resident=7 for request=21 (overdue=140)
[2026-10-01 19:57:30] cronSafePushResident: resident=7 has NO subscription
[2026-10-01 19:57:30] equipment_overdue: sent to resident=7 for request=22 (overdue=139)
[2026-10-01 19:57:30] cronSafePushResident: resident=7 has NO subscription
[2026-10-01 19:57:30] equipment_overdue: sent to resident=7 for request=23 (overdue=140)
[2026-10-01 19:57:30] cronSafePushResident: resident=7 has NO subscription
[2026-10-01 19:57:30] equipment_overdue: sent to resident=7 for request=24 (overdue=139)
[2026-10-01 19:57:30] cronSafePushResident: resident=7 has NO subscription
[2026-10-01 19:57:30] equipment_overdue: sent to resident=7 for request=25 (overdue=133)
[2026-10-01 19:57:30] cronSafePushResident: resident=7 has NO subscription
[2026-10-01 19:57:30] equipment_overdue: sent to resident=7 for request=26 (overdue=140)
[2026-10-01 19:57:30] cronSafePushResident: resident=7 has NO subscription
[2026-10-01 19:57:30] equipment_overdue: sent to resident=7 for request=28 (overdue=132)
[2026-10-01 19:57:30] cronSafePushResident: resident=7 has NO subscription
[2026-10-01 19:57:30] equipment_overdue: sent to resident=7 for request=29 (overdue=132)
[2026-10-01 19:57:30] OK   return_reminder — sent=8 (76.9ms)
[2026-10-01 19:57:30] OK   same_day_reminder — sent=0 (0.7ms)
[2026-10-01 19:57:30] OK   unclaimed_document — sent=0 (0.8ms)
[2026-10-01 19:57:30] === RUN END — total_sent=8 failed=0 ===
[2026-10-01 20:00:01] === RUN START (2026-10-01 20:00:01) — 5 task(s) ===
[2026-10-01 20:00:01] OK   hearing_reminder — sent=0 (1.2ms)
[2026-10-01 20:00:01] OK   pickup_reminder — sent=0 (1.7ms)
[2026-10-01 20:00:01] equipment_overdue: SKIPPED resident=7 request=21 (last sent 0h ago)
[2026-10-01 20:00:01] equipment_overdue: SKIPPED resident=7 request=22 (last sent 0h ago)
[2026-10-01 20:00:01] equipment_overdue: SKIPPED resident=7 request=23 (last sent 0h ago)
[2026-10-01 20:00:01] equipment_overdue: SKIPPED resident=7 request=24 (last sent 0h ago)
[2026-10-01 20:00:01] equipment_overdue: SKIPPED resident=7 request=25 (last sent 0h ago)
[2026-10-01 20:00:01] equipment_overdue: SKIPPED resident=7 request=26 (last sent 0h ago)
[2026-10-01 20:00:01] equipment_overdue: SKIPPED resident=7 request=28 (last sent 0h ago)
[2026-10-01 20:00:01] equipment_overdue: SKIPPED resident=7 request=29 (last sent 0h ago)
[2026-10-01 20:00:01] OK   return_reminder — sent=0 (6.3ms)
[2026-10-01 20:00:01] OK   same_day_reminder — sent=0 (1.3ms)
[2026-10-01 20:00:01] OK   unclaimed_document — sent=0 (1.2ms)
[2026-10-01 20:00:01] === RUN END — total_sent=0 failed=0 ===
[2026-10-01 20:05:01] === RUN START (2026-10-01 20:05:01) — 5 task(s) ===
[2026-10-01 20:05:01] OK   hearing_reminder — sent=0 (2.5ms)
[2026-10-01 20:05:01] OK   pickup_reminder — sent=0 (1.7ms)
[2026-10-01 20:05:01] equipment_overdue: SKIPPED resident=7 request=21 (last sent 0.1h ago)
[2026-10-01 20:05:01] equipment_overdue: SKIPPED resident=7 request=22 (last sent 0.1h ago)
[2026-10-01 20:05:01] equipment_overdue: SKIPPED resident=7 request=23 (last sent 0.1h ago)
[2026-10-01 20:05:01] equipment_overdue: SKIPPED resident=7 request=24 (last sent 0.1h ago)
[2026-10-01 20:05:01] equipment_overdue: SKIPPED resident=7 request=25 (last sent 0.1h ago)
[2026-10-01 20:05:01] equipment_overdue: SKIPPED resident=7 request=26 (last sent 0.1h ago)
[2026-10-01 20:05:01] equipment_overdue: SKIPPED resident=7 request=28 (last sent 0.1h ago)
[2026-10-01 20:05:01] equipment_overdue: SKIPPED resident=7 request=29 (last sent 0.1h ago)
[2026-10-01 20:05:01] OK   return_reminder — sent=0 (7ms)
[2026-10-01 20:05:01] OK   same_day_reminder — sent=0 (1.1ms)
[2026-10-01 20:05:01] OK   unclaimed_document — sent=0 (1.3ms)
[2026-10-01 20:05:01] === RUN END — total_sent=0 failed=0 ===
[2026-10-01 20:10:01] === RUN START (2026-10-01 20:10:01) — 5 task(s) ===
[2026-10-01 20:10:01] OK   hearing_reminder — sent=0 (1.4ms)
[2026-10-01 20:10:01] OK   pickup_reminder — sent=0 (1.3ms)
[2026-10-01 20:10:01] equipment_overdue: SKIPPED resident=7 request=21 (last sent 0.2h ago)
[2026-10-01 20:10:01] equipment_overdue: SKIPPED resident=7 request=22 (last sent 0.2h ago)
[2026-10-01 20:10:01] equipment_overdue: SKIPPED resident=7 request=23 (last sent 0.2h ago)
[2026-10-01 20:10:01] equipment_overdue: SKIPPED resident=7 request=24 (last sent 0.2h ago)
[2026-10-01 20:10:01] equipment_overdue: SKIPPED resident=7 request=25 (last sent 0.2h ago)
[2026-10-01 20:10:01] equipment_overdue: SKIPPED resident=7 request=26 (last sent 0.2h ago)
[2026-10-01 20:10:01] equipment_overdue: SKIPPED resident=7 request=28 (last sent 0.2h ago)
[2026-10-01 20:10:01] equipment_overdue: SKIPPED resident=7 request=29 (last sent 0.2h ago)
[2026-10-01 20:10:01] OK   return_reminder — sent=0 (4.1ms)
[2026-10-01 20:10:01] OK   same_day_reminder — sent=0 (0.9ms)
[2026-10-01 20:10:01] OK   unclaimed_document — sent=0 (0.9ms)
[2026-10-01 20:10:01] === RUN END — total_sent=0 failed=0 ===
[2026-10-01 20:15:01] === RUN START (2026-10-01 20:15:01) — 5 task(s) ===
[2026-10-01 20:15:01] OK   hearing_reminder — sent=0 (1.3ms)
[2026-10-01 20:15:01] OK   pickup_reminder — sent=0 (1.1ms)
[2026-10-01 20:15:01] equipment_overdue: SKIPPED resident=7 request=21 (last sent 0.3h ago)
[2026-10-01 20:15:01] equipment_overdue: SKIPPED resident=7 request=22 (last sent 0.3h ago)
[2026-10-01 20:15:01] equipment_overdue: SKIPPED resident=7 request=23 (last sent 0.3h ago)
[2026-10-01 20:15:01] equipment_overdue: SKIPPED resident=7 request=24 (last sent 0.3h ago)
[2026-10-01 20:15:01] equipment_overdue: SKIPPED resident=7 request=25 (last sent 0.3h ago)
[2026-10-01 20:15:01] equipment_overdue: SKIPPED resident=7 request=26 (last sent 0.3h ago)
[2026-10-01 20:15:01] equipment_overdue: SKIPPED resident=7 request=28 (last sent 0.3h ago)
[2026-10-01 20:15:01] equipment_overdue: SKIPPED resident=7 request=29 (last sent 0.3h ago)
[2026-10-01 20:15:01] OK   return_reminder — sent=0 (4.8ms)
[2026-10-01 20:15:01] OK   same_day_reminder — sent=0 (0.7ms)
[2026-10-01 20:15:01] OK   unclaimed_document — sent=0 (0.7ms)
[2026-10-01 20:15:01] === RUN END — total_sent=0 failed=0 ===
[2026-10-01 20:20:01] === RUN START (2026-10-01 20:20:01) — 5 task(s) ===
[2026-10-01 20:20:01] OK   hearing_reminder — sent=0 (0.9ms)
[2026-10-01 20:20:01] OK   pickup_reminder — sent=0 (0.6ms)
[2026-10-01 20:20:01] equipment_overdue: SKIPPED resident=7 request=21 (last sent 0.4h ago)
[2026-10-01 20:20:01] equipment_overdue: SKIPPED resident=7 request=22 (last sent 0.4h ago)
[2026-10-01 20:20:01] equipment_overdue: SKIPPED resident=7 request=23 (last sent 0.4h ago)
[2026-10-01 20:20:01] equipment_overdue: SKIPPED resident=7 request=24 (last sent 0.4h ago)
[2026-10-01 20:20:01] equipment_overdue: SKIPPED resident=7 request=25 (last sent 0.4h ago)
[2026-10-01 20:20:01] equipment_overdue: SKIPPED resident=7 request=26 (last sent 0.4h ago)
[2026-10-01 20:20:01] equipment_overdue: SKIPPED resident=7 request=28 (last sent 0.4h ago)
[2026-10-01 20:20:01] equipment_overdue: SKIPPED resident=7 request=29 (last sent 0.4h ago)
[2026-10-01 20:20:01] OK   return_reminder — sent=0 (3.4ms)
[2026-10-01 20:20:01] OK   same_day_reminder — sent=0 (0.8ms)
[2026-10-01 20:20:01] OK   unclaimed_document — sent=0 (0.5ms)
[2026-10-01 20:20:01] === RUN END — total_sent=0 failed=0 ===
[2026-10-01 20:25:01] === RUN START (2026-10-01 20:25:01) — 5 task(s) ===
[2026-10-01 20:25:01] OK   hearing_reminder — sent=0 (1.5ms)
[2026-10-01 20:25:01] OK   pickup_reminder — sent=0 (1.1ms)
[2026-10-01 20:25:01] equipment_overdue: SKIPPED resident=7 request=21 (last sent 0.5h ago)
[2026-10-01 20:25:01] equipment_overdue: SKIPPED resident=7 request=22 (last sent 0.5h ago)
[2026-10-01 20:25:01] equipment_overdue: SKIPPED resident=7 request=23 (last sent 0.5h ago)
[2026-10-01 20:25:01] equipment_overdue: SKIPPED resident=7 request=24 (last sent 0.5h ago)
[2026-10-01 20:25:01] equipment_overdue: SKIPPED resident=7 request=25 (last sent 0.5h ago)
[2026-10-01 20:25:01] equipment_overdue: SKIPPED resident=7 request=26 (last sent 0.5h ago)
[2026-10-01 20:25:01] equipment_overdue: SKIPPED resident=7 request=28 (last sent 0.5h ago)
[2026-10-01 20:25:01] equipment_overdue: SKIPPED resident=7 request=29 (last sent 0.5h ago)
[2026-10-01 20:25:01] OK   return_reminder — sent=0 (4.2ms)
[2026-10-01 20:25:01] OK   same_day_reminder — sent=0 (0.8ms)
[2026-10-01 20:25:01] OK   unclaimed_document — sent=0 (0.5ms)
[2026-10-01 20:25:01] === RUN END — total_sent=0 failed=0 ===
[2026-10-01 20:30:02] === RUN START (2026-10-01 20:30:02) — 5 task(s) ===
[2026-10-01 20:30:02] OK   hearing_reminder — sent=0 (30ms)
[2026-10-01 20:30:02] OK   pickup_reminder — sent=0 (2.4ms)
[2026-10-01 20:30:03] equipment_overdue: SKIPPED resident=7 request=21 (last sent 0.5h ago)
[2026-10-01 20:30:03] equipment_overdue: SKIPPED resident=7 request=22 (last sent 0.5h ago)
[2026-10-01 20:30:03] equipment_overdue: SKIPPED resident=7 request=23 (last sent 0.5h ago)
[2026-10-01 20:30:03] equipment_overdue: SKIPPED resident=7 request=24 (last sent 0.5h ago)
[2026-10-01 20:30:03] equipment_overdue: SKIPPED resident=7 request=25 (last sent 0.5h ago)
[2026-10-01 20:30:03] equipment_overdue: SKIPPED resident=7 request=26 (last sent 0.5h ago)
[2026-10-01 20:30:03] equipment_overdue: SKIPPED resident=7 request=28 (last sent 0.5h ago)
[2026-10-01 20:30:03] equipment_overdue: SKIPPED resident=7 request=29 (last sent 0.5h ago)
[2026-10-01 20:30:03] OK   return_reminder — sent=0 (173ms)
[2026-10-01 20:30:03] OK   same_day_reminder — sent=0 (1.3ms)
[2026-10-01 20:30:03] OK   unclaimed_document — sent=0 (1.5ms)
[2026-10-01 20:30:03] === RUN END — total_sent=0 failed=0 ===
[2026-10-01 20:35:03] === RUN START (2026-10-01 20:35:03) — 5 task(s) ===
[2026-10-01 20:35:03] OK   hearing_reminder — sent=0 (7.8ms)
[2026-10-01 20:35:03] OK   pickup_reminder — sent=0 (3.1ms)
[2026-10-01 20:35:03] equipment_overdue: SKIPPED resident=7 request=21 (last sent 0.6h ago)
[2026-10-01 20:35:03] equipment_overdue: SKIPPED resident=7 request=22 (last sent 0.6h ago)
[2026-10-01 20:35:03] equipment_overdue: SKIPPED resident=7 request=23 (last sent 0.6h ago)
[2026-10-01 20:35:03] equipment_overdue: SKIPPED resident=7 request=24 (last sent 0.6h ago)
[2026-10-01 20:35:03] equipment_overdue: SKIPPED resident=7 request=25 (last sent 0.6h ago)
[2026-10-01 20:35:03] equipment_overdue: SKIPPED resident=7 request=26 (last sent 0.6h ago)
[2026-10-01 20:35:03] equipment_overdue: SKIPPED resident=7 request=28 (last sent 0.6h ago)
[2026-10-01 20:35:03] equipment_overdue: SKIPPED resident=7 request=29 (last sent 0.6h ago)
[2026-10-01 20:35:03] OK   return_reminder — sent=0 (17.4ms)
[2026-10-01 20:35:03] OK   same_day_reminder — sent=0 (1.7ms)
[2026-10-01 20:35:03] OK   unclaimed_document — sent=0 (2.9ms)
[2026-10-01 20:35:03] === RUN END — total_sent=0 failed=0 ===
[2026-10-01 20:40:01] === RUN START (2026-10-01 20:40:01) — 5 task(s) ===
[2026-10-01 20:40:01] OK   hearing_reminder — sent=0 (0.6ms)
[2026-10-01 20:40:01] OK   pickup_reminder — sent=0 (1ms)
[2026-10-01 20:40:01] equipment_overdue: SKIPPED resident=7 request=21 (last sent 0.7h ago)
[2026-10-01 20:40:01] equipment_overdue: SKIPPED resident=7 request=22 (last sent 0.7h ago)
[2026-10-01 20:40:01] equipment_overdue: SKIPPED resident=7 request=23 (last sent 0.7h ago)
[2026-10-01 20:40:01] equipment_overdue: SKIPPED resident=7 request=24 (last sent 0.7h ago)
[2026-10-01 20:40:01] equipment_overdue: SKIPPED resident=7 request=25 (last sent 0.7h ago)
[2026-10-01 20:40:01] equipment_overdue: SKIPPED resident=7 request=26 (last sent 0.7h ago)
[2026-10-01 20:40:01] equipment_overdue: SKIPPED resident=7 request=28 (last sent 0.7h ago)
[2026-10-01 20:40:01] equipment_overdue: SKIPPED resident=7 request=29 (last sent 0.7h ago)
[2026-10-01 20:40:01] OK   return_reminder — sent=0 (4.6ms)
[2026-10-01 20:40:01] OK   same_day_reminder — sent=0 (1.6ms)
[2026-10-01 20:40:01] OK   unclaimed_document — sent=0 (0.8ms)
[2026-10-01 20:40:01] === RUN END — total_sent=0 failed=0 ===
[2026-10-01 20:45:03] === RUN START (2026-10-01 20:45:03) — 5 task(s) ===
[2026-10-01 20:45:03] OK   hearing_reminder — sent=0 (2.5ms)
[2026-10-01 20:45:03] OK   pickup_reminder — sent=0 (2.1ms)
[2026-10-01 20:45:03] equipment_overdue: SKIPPED resident=7 request=21 (last sent 0.8h ago)
[2026-10-01 20:45:03] equipment_overdue: SKIPPED resident=7 request=22 (last sent 0.8h ago)
[2026-10-01 20:45:03] equipment_overdue: SKIPPED resident=7 request=23 (last sent 0.8h ago)
[2026-10-01 20:45:03] equipment_overdue: SKIPPED resident=7 request=24 (last sent 0.8h ago)
[2026-10-01 20:45:03] equipment_overdue: SKIPPED resident=7 request=25 (last sent 0.8h ago)
[2026-10-01 20:45:03] equipment_overdue: SKIPPED resident=7 request=26 (last sent 0.8h ago)
[2026-10-01 20:45:03] equipment_overdue: SKIPPED resident=7 request=28 (last sent 0.8h ago)
[2026-10-01 20:45:03] equipment_overdue: SKIPPED resident=7 request=29 (last sent 0.8h ago)
[2026-10-01 20:45:03] OK   return_reminder — sent=0 (39.5ms)
[2026-10-01 20:45:03] OK   same_day_reminder — sent=0 (1.8ms)
[2026-10-01 20:45:03] OK   unclaimed_document — sent=0 (2.7ms)
[2026-10-01 20:45:03] === RUN END — total_sent=0 failed=0 ===
[2026-10-01 20:50:02] === RUN START (2026-10-01 20:50:02) — 5 task(s) ===
[2026-10-01 20:50:02] OK   hearing_reminder — sent=0 (0.6ms)
[2026-10-01 20:50:02] OK   pickup_reminder — sent=0 (0.5ms)
[2026-10-01 20:50:02] equipment_overdue: SKIPPED resident=7 request=21 (last sent 0.9h ago)
[2026-10-01 20:50:02] equipment_overdue: SKIPPED resident=7 request=22 (last sent 0.9h ago)
[2026-10-01 20:50:02] equipment_overdue: SKIPPED resident=7 request=23 (last sent 0.9h ago)
[2026-10-01 20:50:02] equipment_overdue: SKIPPED resident=7 request=24 (last sent 0.9h ago)
[2026-10-01 20:50:02] equipment_overdue: SKIPPED resident=7 request=25 (last sent 0.9h ago)
[2026-10-01 20:50:02] equipment_overdue: SKIPPED resident=7 request=26 (last sent 0.9h ago)
[2026-10-01 20:50:02] equipment_overdue: SKIPPED resident=7 request=28 (last sent 0.9h ago)
[2026-10-01 20:50:02] equipment_overdue: SKIPPED resident=7 request=29 (last sent 0.9h ago)
[2026-10-01 20:50:02] OK   return_reminder — sent=0 (3.1ms)
[2026-10-01 20:50:02] OK   same_day_reminder — sent=0 (0.8ms)
[2026-10-01 20:50:02] OK   unclaimed_document — sent=0 (0.7ms)
[2026-10-01 20:50:02] === RUN END — total_sent=0 failed=0 ===
[2026-10-01 20:55:03] === RUN START (2026-10-01 20:55:03) — 5 task(s) ===
[2026-10-01 20:55:03] OK   hearing_reminder — sent=0 (1.5ms)
[2026-10-01 20:55:03] OK   pickup_reminder — sent=0 (2.1ms)
[2026-10-01 20:55:03] equipment_overdue: SKIPPED resident=7 request=21 (last sent 1h ago)
[2026-10-01 20:55:03] equipment_overdue: SKIPPED resident=7 request=22 (last sent 1h ago)
[2026-10-01 20:55:03] equipment_overdue: SKIPPED resident=7 request=23 (last sent 1h ago)
[2026-10-01 20:55:03] equipment_overdue: SKIPPED resident=7 request=24 (last sent 1h ago)
[2026-10-01 20:55:03] equipment_overdue: SKIPPED resident=7 request=25 (last sent 1h ago)
[2026-10-01 20:55:03] equipment_overdue: SKIPPED resident=7 request=26 (last sent 1h ago)
[2026-10-01 20:55:03] equipment_overdue: SKIPPED resident=7 request=28 (last sent 1h ago)
[2026-10-01 20:55:03] equipment_overdue: SKIPPED resident=7 request=29 (last sent 1h ago)
[2026-10-01 20:55:03] OK   return_reminder — sent=0 (5.4ms)
[2026-10-01 20:55:03] OK   same_day_reminder — sent=0 (1.3ms)
[2026-10-01 20:55:03] OK   unclaimed_document — sent=0 (0.8ms)
[2026-10-01 20:55:03] === RUN END — total_sent=0 failed=0 ===
[2026-10-01 21:00:02] === RUN START (2026-10-01 21:00:02) — 5 task(s) ===
[2026-10-01 21:00:02] OK   hearing_reminder — sent=0 (0.4ms)
[2026-10-01 21:00:02] OK   pickup_reminder — sent=0 (0.3ms)
[2026-10-01 21:00:02] equipment_overdue: SKIPPED resident=7 request=21 (last sent 1h ago)
[2026-10-01 21:00:02] equipment_overdue: SKIPPED resident=7 request=22 (last sent 1h ago)
[2026-10-01 21:00:02] equipment_overdue: SKIPPED resident=7 request=23 (last sent 1h ago)
[2026-10-01 21:00:02] equipment_overdue: SKIPPED resident=7 request=24 (last sent 1h ago)
[2026-10-01 21:00:02] equipment_overdue: SKIPPED resident=7 request=25 (last sent 1h ago)
[2026-10-01 21:00:02] equipment_overdue: SKIPPED resident=7 request=26 (last sent 1h ago)
[2026-10-01 21:00:02] equipment_overdue: SKIPPED resident=7 request=28 (last sent 1h ago)
[2026-10-01 21:00:02] equipment_overdue: SKIPPED resident=7 request=29 (last sent 1h ago)
[2026-10-01 21:00:02] OK   return_reminder — sent=0 (3.2ms)
[2026-10-01 21:00:02] OK   same_day_reminder — sent=0 (0.5ms)
[2026-10-01 21:00:02] OK   unclaimed_document — sent=0 (0.5ms)
[2026-10-01 21:00:02] === RUN END — total_sent=0 failed=0 ===
[2026-10-01 21:05:02] === RUN START (2026-10-01 21:05:02) — 5 task(s) ===
[2026-10-01 21:05:02] OK   hearing_reminder — sent=0 (0.4ms)
[2026-10-01 21:05:02] OK   pickup_reminder — sent=0 (0.3ms)
[2026-10-01 21:05:02] equipment_overdue: SKIPPED resident=7 request=21 (last sent 1.1h ago)
[2026-10-01 21:05:02] equipment_overdue: SKIPPED resident=7 request=22 (last sent 1.1h ago)
[2026-10-01 21:05:02] equipment_overdue: SKIPPED resident=7 request=23 (last sent 1.1h ago)
[2026-10-01 21:05:02] equipment_overdue: SKIPPED resident=7 request=24 (last sent 1.1h ago)
[2026-10-01 21:05:02] equipment_overdue: SKIPPED resident=7 request=25 (last sent 1.1h ago)
[2026-10-01 21:05:02] equipment_overdue: SKIPPED resident=7 request=26 (last sent 1.1h ago)
[2026-10-01 21:05:02] equipment_overdue: SKIPPED resident=7 request=28 (last sent 1.1h ago)
[2026-10-01 21:05:02] equipment_overdue: SKIPPED resident=7 request=29 (last sent 1.1h ago)
[2026-10-01 21:05:02] OK   return_reminder — sent=0 (2.8ms)
[2026-10-01 21:05:02] OK   same_day_reminder — sent=0 (0.7ms)
[2026-10-01 21:05:02] OK   unclaimed_document — sent=0 (1.1ms)
[2026-10-01 21:05:02] === RUN END — total_sent=0 failed=0 ===
[2026-10-01 21:10:01] === RUN START (2026-10-01 21:10:01) — 5 task(s) ===
[2026-10-01 21:10:02] OK   hearing_reminder — sent=0 (0.6ms)
[2026-10-01 21:10:02] OK   pickup_reminder — sent=0 (0.3ms)
[2026-10-01 21:10:02] equipment_overdue: SKIPPED resident=7 request=21 (last sent 1.2h ago)
[2026-10-01 21:10:02] equipment_overdue: SKIPPED resident=7 request=22 (last sent 1.2h ago)
[2026-10-01 21:10:02] equipment_overdue: SKIPPED resident=7 request=23 (last sent 1.2h ago)
[2026-10-01 21:10:02] equipment_overdue: SKIPPED resident=7 request=24 (last sent 1.2h ago)
[2026-10-01 21:10:02] equipment_overdue: SKIPPED resident=7 request=25 (last sent 1.2h ago)
[2026-10-01 21:10:02] equipment_overdue: SKIPPED resident=7 request=26 (last sent 1.2h ago)
[2026-10-01 21:10:02] equipment_overdue: SKIPPED resident=7 request=28 (last sent 1.2h ago)
[2026-10-01 21:10:02] equipment_overdue: SKIPPED resident=7 request=29 (last sent 1.2h ago)
[2026-10-01 21:10:02] OK   return_reminder — sent=0 (2.2ms)
[2026-10-01 21:10:02] OK   same_day_reminder — sent=0 (0.4ms)
[2026-10-01 21:10:02] OK   unclaimed_document — sent=0 (0.4ms)
[2026-10-01 21:10:02] === RUN END — total_sent=0 failed=0 ===
[2026-10-01 21:15:02] === RUN START (2026-10-01 21:15:02) — 5 task(s) ===
[2026-10-01 21:15:02] OK   hearing_reminder — sent=0 (0.5ms)
[2026-10-01 21:15:02] OK   pickup_reminder — sent=0 (0.3ms)
[2026-10-01 21:15:02] equipment_overdue: SKIPPED resident=7 request=21 (last sent 1.3h ago)
[2026-10-01 21:15:02] equipment_overdue: SKIPPED resident=7 request=22 (last sent 1.3h ago)
[2026-10-01 21:15:02] equipment_overdue: SKIPPED resident=7 request=23 (last sent 1.3h ago)
[2026-10-01 21:15:02] equipment_overdue: SKIPPED resident=7 request=24 (last sent 1.3h ago)
[2026-10-01 21:15:02] equipment_overdue: SKIPPED resident=7 request=25 (last sent 1.3h ago)
[2026-10-01 21:15:02] equipment_overdue: SKIPPED resident=7 request=26 (last sent 1.3h ago)
[2026-10-01 21:15:02] equipment_overdue: SKIPPED resident=7 request=28 (last sent 1.3h ago)
[2026-10-01 21:15:02] equipment_overdue: SKIPPED resident=7 request=29 (last sent 1.3h ago)
[2026-10-01 21:15:02] OK   return_reminder — sent=0 (2.5ms)
[2026-10-01 21:15:02] OK   same_day_reminder — sent=0 (0.6ms)
[2026-10-01 21:15:02] OK   unclaimed_document — sent=0 (0.5ms)
[2026-10-01 21:15:02] === RUN END — total_sent=0 failed=0 ===
[2026-10-01 21:20:02] === RUN START (2026-10-01 21:20:02) — 5 task(s) ===
[2026-10-01 21:20:02] OK   hearing_reminder — sent=0 (1.5ms)
[2026-10-01 21:20:02] OK   pickup_reminder — sent=0 (0.4ms)
[2026-10-01 21:20:02] equipment_overdue: SKIPPED resident=7 request=21 (last sent 1.4h ago)
[2026-10-01 21:20:02] equipment_overdue: SKIPPED resident=7 request=22 (last sent 1.4h ago)
[2026-10-01 21:20:02] equipment_overdue: SKIPPED resident=7 request=23 (last sent 1.4h ago)
[2026-10-01 21:20:02] equipment_overdue: SKIPPED resident=7 request=24 (last sent 1.4h ago)
[2026-10-01 21:20:02] equipment_overdue: SKIPPED resident=7 request=25 (last sent 1.4h ago)
[2026-10-01 21:20:02] equipment_overdue: SKIPPED resident=7 request=26 (last sent 1.4h ago)
[2026-10-01 21:20:02] equipment_overdue: SKIPPED resident=7 request=28 (last sent 1.4h ago)
[2026-10-01 21:20:02] equipment_overdue: SKIPPED resident=7 request=29 (last sent 1.4h ago)
[2026-10-01 21:20:02] OK   return_reminder — sent=0 (3.2ms)
[2026-10-01 21:20:02] OK   same_day_reminder — sent=0 (0.6ms)
[2026-10-01 21:20:02] OK   unclaimed_document — sent=0 (1.1ms)
[2026-10-01 21:20:02] === RUN END — total_sent=0 failed=0 ===
[2026-10-01 21:25:03] === RUN START (2026-10-01 21:25:03) — 5 task(s) ===
[2026-10-01 21:25:03] OK   hearing_reminder — sent=0 (1.9ms)
[2026-10-01 21:25:03] OK   pickup_reminder — sent=0 (1.9ms)
[2026-10-01 21:25:03] equipment_overdue: SKIPPED resident=7 request=21 (last sent 1.5h ago)
[2026-10-01 21:25:03] equipment_overdue: SKIPPED resident=7 request=22 (last sent 1.5h ago)
[2026-10-01 21:25:03] equipment_overdue: SKIPPED resident=7 request=23 (last sent 1.5h ago)
[2026-10-01 21:25:03] equipment_overdue: SKIPPED resident=7 request=24 (last sent 1.5h ago)
[2026-10-01 21:25:03] equipment_overdue: SKIPPED resident=7 request=25 (last sent 1.5h ago)
[2026-10-01 21:25:03] equipment_overdue: SKIPPED resident=7 request=26 (last sent 1.5h ago)
[2026-10-01 21:25:03] equipment_overdue: SKIPPED resident=7 request=28 (last sent 1.5h ago)
[2026-10-01 21:25:03] equipment_overdue: SKIPPED resident=7 request=29 (last sent 1.5h ago)
[2026-10-01 21:25:03] OK   return_reminder — sent=0 (10.8ms)
[2026-10-01 21:25:03] OK   same_day_reminder — sent=0 (3.1ms)
[2026-10-01 21:25:03] OK   unclaimed_document — sent=0 (1.3ms)
[2026-10-01 21:25:03] === RUN END — total_sent=0 failed=0 ===
[2026-10-01 21:30:02] === RUN START (2026-10-01 21:30:02) — 5 task(s) ===
[2026-10-01 21:30:02] OK   hearing_reminder — sent=0 (0.6ms)
[2026-10-01 21:30:02] OK   pickup_reminder — sent=0 (0.4ms)
[2026-10-01 21:30:02] equipment_overdue: SKIPPED resident=7 request=21 (last sent 1.5h ago)
[2026-10-01 21:30:02] equipment_overdue: SKIPPED resident=7 request=22 (last sent 1.5h ago)
[2026-10-01 21:30:02] equipment_overdue: SKIPPED resident=7 request=23 (last sent 1.5h ago)
[2026-10-01 21:30:02] equipment_overdue: SKIPPED resident=7 request=24 (last sent 1.5h ago)
[2026-10-01 21:30:02] equipment_overdue: SKIPPED resident=7 request=25 (last sent 1.5h ago)
[2026-10-01 21:30:02] equipment_overdue: SKIPPED resident=7 request=26 (last sent 1.5h ago)
[2026-10-01 21:30:02] equipment_overdue: SKIPPED resident=7 request=28 (last sent 1.5h ago)
[2026-10-01 21:30:02] equipment_overdue: SKIPPED resident=7 request=29 (last sent 1.5h ago)
[2026-10-01 21:30:02] OK   return_reminder — sent=0 (4.7ms)
[2026-10-01 21:30:02] OK   same_day_reminder — sent=0 (1.2ms)
[2026-10-01 21:30:02] OK   unclaimed_document — sent=0 (0.6ms)
[2026-10-01 21:30:02] === RUN END — total_sent=0 failed=0 ===
[2026-10-01 21:35:02] === RUN START (2026-10-01 21:35:02) — 5 task(s) ===
[2026-10-01 21:35:02] OK   hearing_reminder — sent=0 (0.7ms)
[2026-10-01 21:35:02] OK   pickup_reminder — sent=0 (0.8ms)
[2026-10-01 21:35:02] equipment_overdue: SKIPPED resident=7 request=21 (last sent 1.6h ago)
[2026-10-01 21:35:02] equipment_overdue: SKIPPED resident=7 request=22 (last sent 1.6h ago)
[2026-10-01 21:35:02] equipment_overdue: SKIPPED resident=7 request=23 (last sent 1.6h ago)
[2026-10-01 21:35:02] equipment_overdue: SKIPPED resident=7 request=24 (last sent 1.6h ago)
[2026-10-01 21:35:02] equipment_overdue: SKIPPED resident=7 request=25 (last sent 1.6h ago)
[2026-10-01 21:35:02] equipment_overdue: SKIPPED resident=7 request=26 (last sent 1.6h ago)
[2026-10-01 21:35:02] equipment_overdue: SKIPPED resident=7 request=28 (last sent 1.6h ago)
[2026-10-01 21:35:02] equipment_overdue: SKIPPED resident=7 request=29 (last sent 1.6h ago)
[2026-10-01 21:35:02] OK   return_reminder — sent=0 (3.6ms)
[2026-10-01 21:35:02] OK   same_day_reminder — sent=0 (0.5ms)
[2026-10-01 21:35:02] OK   unclaimed_document — sent=0 (0.5ms)
[2026-10-01 21:35:02] === RUN END — total_sent=0 failed=0 ===
[2026-10-01 21:40:02] === RUN START (2026-10-01 21:40:02) — 5 task(s) ===
[2026-10-01 21:40:02] OK   hearing_reminder — sent=0 (1.4ms)
[2026-10-01 21:40:02] OK   pickup_reminder — sent=0 (0.4ms)
[2026-10-01 21:40:02] equipment_overdue: SKIPPED resident=7 request=21 (last sent 1.7h ago)
[2026-10-01 21:40:02] equipment_overdue: SKIPPED resident=7 request=22 (last sent 1.7h ago)
[2026-10-01 21:40:02] equipment_overdue: SKIPPED resident=7 request=23 (last sent 1.7h ago)
[2026-10-01 21:40:02] equipment_overdue: SKIPPED resident=7 request=24 (last sent 1.7h ago)
[2026-10-01 21:40:02] equipment_overdue: SKIPPED resident=7 request=25 (last sent 1.7h ago)
[2026-10-01 21:40:02] equipment_overdue: SKIPPED resident=7 request=26 (last sent 1.7h ago)
[2026-10-01 21:40:02] equipment_overdue: SKIPPED resident=7 request=28 (last sent 1.7h ago)
[2026-10-01 21:40:02] equipment_overdue: SKIPPED resident=7 request=29 (last sent 1.7h ago)
[2026-10-01 21:40:02] OK   return_reminder — sent=0 (3.6ms)
[2026-10-01 21:40:02] OK   same_day_reminder — sent=0 (1.1ms)
[2026-10-01 21:40:02] OK   unclaimed_document — sent=0 (0.6ms)
[2026-10-01 21:40:02] === RUN END — total_sent=0 failed=0 ===
[2026-10-01 21:45:02] === RUN START (2026-10-01 21:45:02) — 5 task(s) ===
[2026-10-01 21:45:02] OK   hearing_reminder — sent=0 (1ms)
[2026-10-01 21:45:02] OK   pickup_reminder — sent=0 (0.3ms)
[2026-10-01 21:45:02] equipment_overdue: SKIPPED resident=7 request=21 (last sent 1.8h ago)
[2026-10-01 21:45:02] equipment_overdue: SKIPPED resident=7 request=22 (last sent 1.8h ago)
[2026-10-01 21:45:02] equipment_overdue: SKIPPED resident=7 request=23 (last sent 1.8h ago)
[2026-10-01 21:45:02] equipment_overdue: SKIPPED resident=7 request=24 (last sent 1.8h ago)
[2026-10-01 21:45:02] equipment_overdue: SKIPPED resident=7 request=25 (last sent 1.8h ago)
[2026-10-01 21:45:02] equipment_overdue: SKIPPED resident=7 request=26 (last sent 1.8h ago)
[2026-10-01 21:45:02] equipment_overdue: SKIPPED resident=7 request=28 (last sent 1.8h ago)
[2026-10-01 21:45:02] equipment_overdue: SKIPPED resident=7 request=29 (last sent 1.8h ago)
[2026-10-01 21:45:02] OK   return_reminder — sent=0 (3.2ms)
[2026-10-01 21:45:02] OK   same_day_reminder — sent=0 (1.1ms)
[2026-10-01 21:45:02] OK   unclaimed_document — sent=0 (0.6ms)
[2026-10-01 21:45:02] === RUN END — total_sent=0 failed=0 ===
[2026-10-01 21:50:02] === RUN START (2026-10-01 21:50:02) — 5 task(s) ===
[2026-10-01 21:50:02] OK   hearing_reminder — sent=0 (1.1ms)
[2026-10-01 21:50:02] OK   pickup_reminder — sent=0 (0.6ms)
[2026-10-01 21:50:02] equipment_overdue: SKIPPED resident=7 request=21 (last sent 1.9h ago)
[2026-10-01 21:50:02] equipment_overdue: SKIPPED resident=7 request=22 (last sent 1.9h ago)
[2026-10-01 21:50:02] equipment_overdue: SKIPPED resident=7 request=23 (last sent 1.9h ago)
[2026-10-01 21:50:02] equipment_overdue: SKIPPED resident=7 request=24 (last sent 1.9h ago)
[2026-10-01 21:50:02] equipment_overdue: SKIPPED resident=7 request=25 (last sent 1.9h ago)
[2026-10-01 21:50:02] equipment_overdue: SKIPPED resident=7 request=26 (last sent 1.9h ago)
[2026-10-01 21:50:02] equipment_overdue: SKIPPED resident=7 request=28 (last sent 1.9h ago)
[2026-10-01 21:50:02] equipment_overdue: SKIPPED resident=7 request=29 (last sent 1.9h ago)
[2026-10-01 21:50:02] OK   return_reminder — sent=0 (4.7ms)
[2026-10-01 21:50:02] OK   same_day_reminder — sent=0 (2.6ms)
[2026-10-01 21:50:02] OK   unclaimed_document — sent=0 (1.5ms)
[2026-10-01 21:50:02] === RUN END — total_sent=0 failed=0 ===
[2026-10-01 21:55:02] === RUN START (2026-10-01 21:55:02) — 5 task(s) ===
[2026-10-01 21:55:02] OK   hearing_reminder — sent=0 (0.5ms)
[2026-10-01 21:55:02] OK   pickup_reminder — sent=0 (0.2ms)
[2026-10-01 21:55:02] equipment_overdue: SKIPPED resident=7 request=21 (last sent 2h ago)
[2026-10-01 21:55:02] equipment_overdue: SKIPPED resident=7 request=22 (last sent 2h ago)
[2026-10-01 21:55:02] equipment_overdue: SKIPPED resident=7 request=23 (last sent 2h ago)
[2026-10-01 21:55:02] equipment_overdue: SKIPPED resident=7 request=24 (last sent 2h ago)
[2026-10-01 21:55:02] equipment_overdue: SKIPPED resident=7 request=25 (last sent 2h ago)
[2026-10-01 21:55:02] equipment_overdue: SKIPPED resident=7 request=26 (last sent 2h ago)
[2026-10-01 21:55:02] equipment_overdue: SKIPPED resident=7 request=28 (last sent 2h ago)
[2026-10-01 21:55:02] equipment_overdue: SKIPPED resident=7 request=29 (last sent 2h ago)
[2026-10-01 21:55:02] OK   return_reminder — sent=0 (3.3ms)
[2026-10-01 21:55:02] OK   same_day_reminder — sent=0 (1.1ms)
[2026-10-01 21:55:02] OK   unclaimed_document — sent=0 (0.3ms)
[2026-10-01 21:55:02] === RUN END — total_sent=0 failed=0 ===
[2026-10-01 22:00:02] === RUN START (2026-10-01 22:00:02) — 5 task(s) ===
[2026-10-01 22:00:02] OK   hearing_reminder — sent=0 (1ms)
[2026-10-01 22:00:02] OK   pickup_reminder — sent=0 (1ms)
[2026-10-01 22:00:02] equipment_overdue: SKIPPED resident=7 request=21 (last sent 2h ago)
[2026-10-01 22:00:02] equipment_overdue: SKIPPED resident=7 request=22 (last sent 2h ago)
[2026-10-01 22:00:02] equipment_overdue: SKIPPED resident=7 request=23 (last sent 2h ago)
[2026-10-01 22:00:02] equipment_overdue: SKIPPED resident=7 request=24 (last sent 2h ago)
[2026-10-01 22:00:02] equipment_overdue: SKIPPED resident=7 request=25 (last sent 2h ago)
[2026-10-01 22:00:02] equipment_overdue: SKIPPED resident=7 request=26 (last sent 2h ago)
[2026-10-01 22:00:02] equipment_overdue: SKIPPED resident=7 request=28 (last sent 2h ago)
[2026-10-01 22:00:02] equipment_overdue: SKIPPED resident=7 request=29 (last sent 2h ago)
[2026-10-01 22:00:02] OK   return_reminder — sent=0 (4ms)
[2026-10-01 22:00:02] OK   same_day_reminder — sent=0 (0.6ms)
[2026-10-01 22:00:02] OK   unclaimed_document — sent=0 (0.3ms)
[2026-10-01 22:00:02] === RUN END — total_sent=0 failed=0 ===
[2026-10-01 22:05:02] === RUN START (2026-10-01 22:05:02) — 5 task(s) ===
[2026-10-01 22:05:02] OK   hearing_reminder — sent=0 (0.6ms)
[2026-10-01 22:05:02] OK   pickup_reminder — sent=0 (0.6ms)
[2026-10-01 22:05:02] equipment_overdue: SKIPPED resident=7 request=21 (last sent 2.1h ago)
[2026-10-01 22:05:02] equipment_overdue: SKIPPED resident=7 request=22 (last sent 2.1h ago)
[2026-10-01 22:05:02] equipment_overdue: SKIPPED resident=7 request=23 (last sent 2.1h ago)
[2026-10-01 22:05:02] equipment_overdue: SKIPPED resident=7 request=24 (last sent 2.1h ago)
[2026-10-01 22:05:02] equipment_overdue: SKIPPED resident=7 request=25 (last sent 2.1h ago)
[2026-10-01 22:05:02] equipment_overdue: SKIPPED resident=7 request=26 (last sent 2.1h ago)
[2026-10-01 22:05:02] equipment_overdue: SKIPPED resident=7 request=28 (last sent 2.1h ago)
[2026-10-01 22:05:02] equipment_overdue: SKIPPED resident=7 request=29 (last sent 2.1h ago)
[2026-10-01 22:05:02] OK   return_reminder — sent=0 (2.9ms)
[2026-10-01 22:05:02] OK   same_day_reminder — sent=0 (0.8ms)
[2026-10-01 22:05:02] OK   unclaimed_document — sent=0 (0.5ms)
[2026-10-01 22:05:02] === RUN END — total_sent=0 failed=0 ===
[2026-10-01 22:10:02] === RUN START (2026-10-01 22:10:02) — 5 task(s) ===
[2026-10-01 22:10:02] OK   hearing_reminder — sent=0 (0.6ms)
[2026-10-01 22:10:02] OK   pickup_reminder — sent=0 (0.5ms)
[2026-10-01 22:10:02] equipment_overdue: SKIPPED resident=7 request=21 (last sent 2.2h ago)
[2026-10-01 22:10:02] equipment_overdue: SKIPPED resident=7 request=22 (last sent 2.2h ago)
[2026-10-01 22:10:02] equipment_overdue: SKIPPED resident=7 request=23 (last sent 2.2h ago)
[2026-10-01 22:10:02] equipment_overdue: SKIPPED resident=7 request=24 (last sent 2.2h ago)
[2026-10-01 22:10:02] equipment_overdue: SKIPPED resident=7 request=25 (last sent 2.2h ago)
[2026-10-01 22:10:02] equipment_overdue: SKIPPED resident=7 request=26 (last sent 2.2h ago)
[2026-10-01 22:10:02] equipment_overdue: SKIPPED resident=7 request=28 (last sent 2.2h ago)
[2026-10-01 22:10:02] equipment_overdue: SKIPPED resident=7 request=29 (last sent 2.2h ago)
[2026-10-01 22:10:02] OK   return_reminder — sent=0 (3.1ms)
[2026-10-01 22:10:02] OK   same_day_reminder — sent=0 (0.6ms)
[2026-10-01 22:10:02] OK   unclaimed_document — sent=0 (0.2ms)
[2026-10-01 22:10:02] === RUN END — total_sent=0 failed=0 ===
[2026-10-01 22:15:02] === RUN START (2026-10-01 22:15:02) — 5 task(s) ===
[2026-10-01 22:15:02] OK   hearing_reminder — sent=0 (0.7ms)
[2026-10-01 22:15:02] OK   pickup_reminder — sent=0 (0.7ms)
[2026-10-01 22:15:02] equipment_overdue: SKIPPED resident=7 request=21 (last sent 2.3h ago)
[2026-10-01 22:15:02] equipment_overdue: SKIPPED resident=7 request=22 (last sent 2.3h ago)
[2026-10-01 22:15:02] equipment_overdue: SKIPPED resident=7 request=23 (last sent 2.3h ago)
[2026-10-01 22:15:02] equipment_overdue: SKIPPED resident=7 request=24 (last sent 2.3h ago)
[2026-10-01 22:15:02] equipment_overdue: SKIPPED resident=7 request=25 (last sent 2.3h ago)
[2026-10-01 22:15:02] equipment_overdue: SKIPPED resident=7 request=26 (last sent 2.3h ago)
[2026-10-01 22:15:02] equipment_overdue: SKIPPED resident=7 request=28 (last sent 2.3h ago)
[2026-10-01 22:15:02] equipment_overdue: SKIPPED resident=7 request=29 (last sent 2.3h ago)
[2026-10-01 22:15:02] OK   return_reminder — sent=0 (3.3ms)
[2026-10-01 22:15:02] OK   same_day_reminder — sent=0 (0.9ms)
[2026-10-01 22:15:02] OK   unclaimed_document — sent=0 (0.5ms)
[2026-10-01 22:15:02] === RUN END — total_sent=0 failed=0 ===
[2026-10-01 22:20:02] === RUN START (2026-10-01 22:20:02) — 5 task(s) ===
[2026-10-01 22:20:02] OK   hearing_reminder — sent=0 (1ms)
[2026-10-01 22:20:02] OK   pickup_reminder — sent=0 (0.5ms)
[2026-10-01 22:20:02] equipment_overdue: SKIPPED resident=7 request=21 (last sent 2.4h ago)
[2026-10-01 22:20:02] equipment_overdue: SKIPPED resident=7 request=22 (last sent 2.4h ago)
[2026-10-01 22:20:02] equipment_overdue: SKIPPED resident=7 request=23 (last sent 2.4h ago)
[2026-10-01 22:20:02] equipment_overdue: SKIPPED resident=7 request=24 (last sent 2.4h ago)
[2026-10-01 22:20:02] equipment_overdue: SKIPPED resident=7 request=25 (last sent 2.4h ago)
[2026-10-01 22:20:02] equipment_overdue: SKIPPED resident=7 request=26 (last sent 2.4h ago)
[2026-10-01 22:20:02] equipment_overdue: SKIPPED resident=7 request=28 (last sent 2.4h ago)
[2026-10-01 22:20:02] equipment_overdue: SKIPPED resident=7 request=29 (last sent 2.4h ago)
[2026-10-01 22:20:02] OK   return_reminder — sent=0 (3.3ms)
[2026-10-01 22:20:02] OK   same_day_reminder — sent=0 (0.7ms)
[2026-10-01 22:20:02] OK   unclaimed_document — sent=0 (0.7ms)
[2026-10-01 22:20:02] === RUN END — total_sent=0 failed=0 ===
[2026-10-01 22:25:01] === RUN START (2026-10-01 22:25:01) — 5 task(s) ===
[2026-10-01 22:25:01] OK   hearing_reminder — sent=0 (0.7ms)
[2026-10-01 22:25:01] OK   pickup_reminder — sent=0 (0.9ms)
[2026-10-01 22:25:01] equipment_overdue: SKIPPED resident=7 request=21 (last sent 2.5h ago)
[2026-10-01 22:25:01] equipment_overdue: SKIPPED resident=7 request=22 (last sent 2.5h ago)
[2026-10-01 22:25:01] equipment_overdue: SKIPPED resident=7 request=23 (last sent 2.5h ago)
[2026-10-01 22:25:01] equipment_overdue: SKIPPED resident=7 request=24 (last sent 2.5h ago)
[2026-10-01 22:25:01] equipment_overdue: SKIPPED resident=7 request=25 (last sent 2.5h ago)
[2026-10-01 22:25:01] equipment_overdue: SKIPPED resident=7 request=26 (last sent 2.5h ago)
[2026-10-01 22:25:01] equipment_overdue: SKIPPED resident=7 request=28 (last sent 2.5h ago)
[2026-10-01 22:25:01] equipment_overdue: SKIPPED resident=7 request=29 (last sent 2.5h ago)
[2026-10-01 22:25:01] OK   return_reminder — sent=0 (3.7ms)
[2026-10-01 22:25:01] OK   same_day_reminder — sent=0 (0.6ms)
[2026-10-01 22:25:01] OK   unclaimed_document — sent=0 (0.2ms)
[2026-10-01 22:25:01] === RUN END — total_sent=0 failed=0 ===
[2026-10-01 22:30:01] === RUN START (2026-10-01 22:30:01) — 5 task(s) ===
[2026-10-01 22:30:01] OK   hearing_reminder — sent=0 (1.1ms)
[2026-10-01 22:30:01] OK   pickup_reminder — sent=0 (1ms)
[2026-10-01 22:30:01] equipment_overdue: SKIPPED resident=7 request=21 (last sent 2.5h ago)
[2026-10-01 22:30:01] equipment_overdue: SKIPPED resident=7 request=22 (last sent 2.5h ago)
[2026-10-01 22:30:01] equipment_overdue: SKIPPED resident=7 request=23 (last sent 2.5h ago)
[2026-10-01 22:30:01] equipment_overdue: SKIPPED resident=7 request=24 (last sent 2.5h ago)
[2026-10-01 22:30:01] equipment_overdue: SKIPPED resident=7 request=25 (last sent 2.5h ago)
[2026-10-01 22:30:01] equipment_overdue: SKIPPED resident=7 request=26 (last sent 2.5h ago)
[2026-10-01 22:30:01] equipment_overdue: SKIPPED resident=7 request=28 (last sent 2.5h ago)
[2026-10-01 22:30:01] equipment_overdue: SKIPPED resident=7 request=29 (last sent 2.5h ago)
[2026-10-01 22:30:01] OK   return_reminder — sent=0 (5.3ms)
[2026-10-01 22:30:01] OK   same_day_reminder — sent=0 (0.8ms)
[2026-10-01 22:30:01] OK   unclaimed_document — sent=0 (0.6ms)
[2026-10-01 22:30:01] === RUN END — total_sent=0 failed=0 ===
[2026-10-01 22:35:01] === RUN START (2026-10-01 22:35:01) — 5 task(s) ===
[2026-10-01 22:35:01] OK   hearing_reminder — sent=0 (1.4ms)
[2026-10-01 22:35:01] OK   pickup_reminder — sent=0 (0.5ms)
[2026-10-01 22:35:01] equipment_overdue: SKIPPED resident=7 request=21 (last sent 2.6h ago)
[2026-10-01 22:35:01] equipment_overdue: SKIPPED resident=7 request=22 (last sent 2.6h ago)
[2026-10-01 22:35:01] equipment_overdue: SKIPPED resident=7 request=23 (last sent 2.6h ago)
[2026-10-01 22:35:01] equipment_overdue: SKIPPED resident=7 request=24 (last sent 2.6h ago)
[2026-10-01 22:35:01] equipment_overdue: SKIPPED resident=7 request=25 (last sent 2.6h ago)
[2026-10-01 22:35:01] equipment_overdue: SKIPPED resident=7 request=26 (last sent 2.6h ago)
[2026-10-01 22:35:01] equipment_overdue: SKIPPED resident=7 request=28 (last sent 2.6h ago)
[2026-10-01 22:35:01] equipment_overdue: SKIPPED resident=7 request=29 (last sent 2.6h ago)
[2026-10-01 22:35:01] OK   return_reminder — sent=0 (2.8ms)
[2026-10-01 22:35:01] OK   same_day_reminder — sent=0 (1ms)
[2026-10-01 22:35:01] OK   unclaimed_document — sent=0 (1ms)
[2026-10-01 22:35:01] === RUN END — total_sent=0 failed=0 ===
[2026-10-01 22:40:01] === RUN START (2026-10-01 22:40:01) — 5 task(s) ===
[2026-10-01 22:40:01] OK   hearing_reminder — sent=0 (0.8ms)
[2026-10-01 22:40:01] OK   pickup_reminder — sent=0 (0.6ms)
[2026-10-01 22:40:01] equipment_overdue: SKIPPED resident=7 request=21 (last sent 2.7h ago)
[2026-10-01 22:40:01] equipment_overdue: SKIPPED resident=7 request=22 (last sent 2.7h ago)
[2026-10-01 22:40:01] equipment_overdue: SKIPPED resident=7 request=23 (last sent 2.7h ago)
[2026-10-01 22:40:01] equipment_overdue: SKIPPED resident=7 request=24 (last sent 2.7h ago)
[2026-10-01 22:40:01] equipment_overdue: SKIPPED resident=7 request=25 (last sent 2.7h ago)
[2026-10-01 22:40:01] equipment_overdue: SKIPPED resident=7 request=26 (last sent 2.7h ago)
[2026-10-01 22:40:01] equipment_overdue: SKIPPED resident=7 request=28 (last sent 2.7h ago)
[2026-10-01 22:40:01] equipment_overdue: SKIPPED resident=7 request=29 (last sent 2.7h ago)
[2026-10-01 22:40:01] OK   return_reminder — sent=0 (2.5ms)
[2026-10-01 22:40:01] OK   same_day_reminder — sent=0 (0.7ms)
[2026-10-01 22:40:01] OK   unclaimed_document — sent=0 (0.5ms)
[2026-10-01 22:40:01] === RUN END — total_sent=0 failed=0 ===
[2026-10-01 22:45:01] === RUN START (2026-10-01 22:45:01) — 5 task(s) ===
[2026-10-01 22:45:01] OK   hearing_reminder — sent=0 (0.7ms)
[2026-10-01 22:45:01] OK   pickup_reminder — sent=0 (0.3ms)
[2026-10-01 22:45:01] equipment_overdue: SKIPPED resident=7 request=21 (last sent 2.8h ago)
[2026-10-01 22:45:01] equipment_overdue: SKIPPED resident=7 request=22 (last sent 2.8h ago)
[2026-10-01 22:45:01] equipment_overdue: SKIPPED resident=7 request=23 (last sent 2.8h ago)
[2026-10-01 22:45:01] equipment_overdue: SKIPPED resident=7 request=24 (last sent 2.8h ago)
[2026-10-01 22:45:01] equipment_overdue: SKIPPED resident=7 request=25 (last sent 2.8h ago)
[2026-10-01 22:45:01] equipment_overdue: SKIPPED resident=7 request=26 (last sent 2.8h ago)
[2026-10-01 22:45:01] equipment_overdue: SKIPPED resident=7 request=28 (last sent 2.8h ago)
[2026-10-01 22:45:01] equipment_overdue: SKIPPED resident=7 request=29 (last sent 2.8h ago)
[2026-10-01 22:45:01] OK   return_reminder — sent=0 (2.8ms)
[2026-10-01 22:45:01] OK   same_day_reminder — sent=0 (1.8ms)
[2026-10-01 22:45:01] OK   unclaimed_document — sent=0 (0.5ms)
[2026-10-01 22:45:01] === RUN END — total_sent=0 failed=0 ===
[2026-10-01 22:50:01] === RUN START (2026-10-01 22:50:01) — 5 task(s) ===
[2026-10-01 22:50:01] OK   hearing_reminder — sent=0 (0.5ms)
[2026-10-01 22:50:01] OK   pickup_reminder — sent=0 (0.5ms)
[2026-10-01 22:50:01] equipment_overdue: SKIPPED resident=7 request=21 (last sent 2.9h ago)
[2026-10-01 22:50:01] equipment_overdue: SKIPPED resident=7 request=22 (last sent 2.9h ago)
[2026-10-01 22:50:01] equipment_overdue: SKIPPED resident=7 request=23 (last sent 2.9h ago)
[2026-10-01 22:50:01] equipment_overdue: SKIPPED resident=7 request=24 (last sent 2.9h ago)
[2026-10-01 22:50:01] equipment_overdue: SKIPPED resident=7 request=25 (last sent 2.9h ago)
[2026-10-01 22:50:01] equipment_overdue: SKIPPED resident=7 request=26 (last sent 2.9h ago)
[2026-10-01 22:50:01] equipment_overdue: SKIPPED resident=7 request=28 (last sent 2.9h ago)
[2026-10-01 22:50:01] equipment_overdue: SKIPPED resident=7 request=29 (last sent 2.9h ago)
[2026-10-01 22:50:01] OK   return_reminder — sent=0 (2.4ms)
[2026-10-01 22:50:01] OK   same_day_reminder — sent=0 (1.5ms)
[2026-10-01 22:50:01] OK   unclaimed_document — sent=0 (0.5ms)
[2026-10-01 22:50:01] === RUN END — total_sent=0 failed=0 ===
[2026-10-01 23:35:01] === RUN START (2026-10-01 23:35:01) — 5 task(s) ===
[2026-10-01 23:35:01] OK   hearing_reminder — sent=0 (31.3ms)
[2026-10-01 23:35:01] OK   pickup_reminder — sent=0 (2.2ms)
[2026-10-01 23:35:01] cronSafePushResident: resident=7 has NO subscription
[2026-10-01 23:35:01] equipment_overdue: sent to resident=7 for request=21 (overdue=140)
[2026-10-01 23:35:01] cronSafePushResident: resident=7 has NO subscription
[2026-10-01 23:35:01] equipment_overdue: sent to resident=7 for request=22 (overdue=139)
[2026-10-01 23:35:01] cronSafePushResident: resident=7 has NO subscription
[2026-10-01 23:35:01] equipment_overdue: sent to resident=7 for request=23 (overdue=140)
[2026-10-01 23:35:01] cronSafePushResident: resident=7 has NO subscription
[2026-10-01 23:35:01] equipment_overdue: sent to resident=7 for request=24 (overdue=139)
[2026-10-01 23:35:01] cronSafePushResident: resident=7 has NO subscription
[2026-10-01 23:35:01] equipment_overdue: sent to resident=7 for request=25 (overdue=133)
[2026-10-01 23:35:01] cronSafePushResident: resident=7 has NO subscription
[2026-10-01 23:35:01] equipment_overdue: sent to resident=7 for request=26 (overdue=140)
[2026-10-01 23:35:01] cronSafePushResident: resident=7 has NO subscription
[2026-10-01 23:35:02] equipment_overdue: sent to resident=7 for request=28 (overdue=132)
[2026-10-01 23:35:02] cronSafePushResident: resident=7 has NO subscription
[2026-10-01 23:35:02] equipment_overdue: sent to resident=7 for request=29 (overdue=132)
[2026-10-01 23:35:02] OK   return_reminder — sent=8 (92.9ms)
[2026-10-01 23:35:02] OK   same_day_reminder — sent=0 (0.8ms)
[2026-10-01 23:35:02] OK   unclaimed_document — sent=0 (2.7ms)
[2026-10-01 23:35:02] === RUN END — total_sent=8 failed=0 ===
[2026-10-01 23:40:01] === RUN START (2026-10-01 23:40:01) — 5 task(s) ===
[2026-10-01 23:40:01] OK   hearing_reminder — sent=0 (0.5ms)
[2026-10-01 23:40:01] OK   pickup_reminder — sent=0 (0.5ms)
[2026-10-01 23:40:01] equipment_overdue: SKIPPED resident=7 request=21 (last sent 0.1h ago)
[2026-10-01 23:40:01] equipment_overdue: SKIPPED resident=7 request=22 (last sent 0.1h ago)
[2026-10-01 23:40:01] equipment_overdue: SKIPPED resident=7 request=23 (last sent 0.1h ago)
[2026-10-01 23:40:01] equipment_overdue: SKIPPED resident=7 request=24 (last sent 0.1h ago)
[2026-10-01 23:40:01] equipment_overdue: SKIPPED resident=7 request=25 (last sent 0.1h ago)
[2026-10-01 23:40:01] equipment_overdue: SKIPPED resident=7 request=26 (last sent 0.1h ago)
[2026-10-01 23:40:01] equipment_overdue: SKIPPED resident=7 request=28 (last sent 0.1h ago)
[2026-10-01 23:40:01] equipment_overdue: SKIPPED resident=7 request=29 (last sent 0.1h ago)
[2026-10-01 23:40:01] OK   return_reminder — sent=0 (5.6ms)
[2026-10-01 23:40:01] OK   same_day_reminder — sent=0 (0.4ms)
[2026-10-01 23:40:01] OK   unclaimed_document — sent=0 (0.5ms)
[2026-10-01 23:40:01] === RUN END — total_sent=0 failed=0 ===
[2026-10-01 23:45:01] === RUN START (2026-10-01 23:45:01) — 5 task(s) ===
[2026-10-01 23:45:01] OK   hearing_reminder — sent=0 (0.5ms)
[2026-10-01 23:45:01] OK   pickup_reminder — sent=0 (1.3ms)
[2026-10-01 23:45:01] equipment_overdue: SKIPPED resident=7 request=21 (last sent 0.2h ago)
[2026-10-01 23:45:01] equipment_overdue: SKIPPED resident=7 request=22 (last sent 0.2h ago)
[2026-10-01 23:45:01] equipment_overdue: SKIPPED resident=7 request=23 (last sent 0.2h ago)
[2026-10-01 23:45:01] equipment_overdue: SKIPPED resident=7 request=24 (last sent 0.2h ago)
[2026-10-01 23:45:01] equipment_overdue: SKIPPED resident=7 request=25 (last sent 0.2h ago)
[2026-10-01 23:45:01] equipment_overdue: SKIPPED resident=7 request=26 (last sent 0.2h ago)
[2026-10-01 23:45:01] equipment_overdue: SKIPPED resident=7 request=28 (last sent 0.2h ago)
[2026-10-01 23:45:01] equipment_overdue: SKIPPED resident=7 request=29 (last sent 0.2h ago)
[2026-10-01 23:45:01] OK   return_reminder — sent=0 (3.6ms)
[2026-10-01 23:45:01] OK   same_day_reminder — sent=0 (0.7ms)
[2026-10-01 23:45:01] OK   unclaimed_document — sent=0 (0.6ms)
[2026-10-01 23:45:01] === RUN END — total_sent=0 failed=0 ===
[2026-10-01 23:50:01] === RUN START (2026-10-01 23:50:01) — 5 task(s) ===
[2026-10-01 23:50:01] OK   hearing_reminder — sent=0 (0.5ms)
[2026-10-01 23:50:01] OK   pickup_reminder — sent=0 (0.6ms)
[2026-10-01 23:50:01] equipment_overdue: SKIPPED resident=7 request=21 (last sent 0.3h ago)
[2026-10-01 23:50:01] equipment_overdue: SKIPPED resident=7 request=22 (last sent 0.3h ago)
[2026-10-01 23:50:01] equipment_overdue: SKIPPED resident=7 request=23 (last sent 0.3h ago)
[2026-10-01 23:50:01] equipment_overdue: SKIPPED resident=7 request=24 (last sent 0.3h ago)
[2026-10-01 23:50:01] equipment_overdue: SKIPPED resident=7 request=25 (last sent 0.3h ago)
[2026-10-01 23:50:01] equipment_overdue: SKIPPED resident=7 request=26 (last sent 0.3h ago)
[2026-10-01 23:50:01] equipment_overdue: SKIPPED resident=7 request=28 (last sent 0.2h ago)
[2026-10-01 23:50:01] equipment_overdue: SKIPPED resident=7 request=29 (last sent 0.2h ago)
[2026-10-01 23:50:01] OK   return_reminder — sent=0 (4.8ms)
[2026-10-01 23:50:01] OK   same_day_reminder — sent=0 (1.3ms)
[2026-10-01 23:50:01] OK   unclaimed_document — sent=0 (0.4ms)
[2026-10-01 23:50:01] === RUN END — total_sent=0 failed=0 ===
[2026-10-01 23:55:01] === RUN START (2026-10-01 23:55:01) — 5 task(s) ===
[2026-10-01 23:55:01] OK   hearing_reminder — sent=0 (0.7ms)
[2026-10-01 23:55:01] OK   pickup_reminder — sent=0 (0.6ms)
[2026-10-01 23:55:01] equipment_overdue: SKIPPED resident=7 request=21 (last sent 0.3h ago)
[2026-10-01 23:55:01] equipment_overdue: SKIPPED resident=7 request=22 (last sent 0.3h ago)
[2026-10-01 23:55:01] equipment_overdue: SKIPPED resident=7 request=23 (last sent 0.3h ago)
[2026-10-01 23:55:01] equipment_overdue: SKIPPED resident=7 request=24 (last sent 0.3h ago)
[2026-10-01 23:55:01] equipment_overdue: SKIPPED resident=7 request=25 (last sent 0.3h ago)
[2026-10-01 23:55:01] equipment_overdue: SKIPPED resident=7 request=26 (last sent 0.3h ago)
[2026-10-01 23:55:01] equipment_overdue: SKIPPED resident=7 request=28 (last sent 0.3h ago)
[2026-10-01 23:55:01] equipment_overdue: SKIPPED resident=7 request=29 (last sent 0.3h ago)
[2026-10-01 23:55:01] OK   return_reminder — sent=0 (4.8ms)
[2026-10-01 23:55:01] OK   same_day_reminder — sent=0 (1.2ms)
[2026-10-01 23:55:01] OK   unclaimed_document — sent=0 (0.6ms)
[2026-10-01 23:55:01] === RUN END — total_sent=0 failed=0 ===
[2026-10-02 00:00:01] === RUN START (2026-10-02 00:00:01) — 5 task(s) ===
[2026-10-02 00:00:01] OK   hearing_reminder — sent=0 (1.1ms)
[2026-10-02 00:00:01] OK   pickup_reminder — sent=0 (1ms)
[2026-10-02 00:00:01] equipment_overdue: SKIPPED resident=7 request=21 (last sent 0.4h ago)
[2026-10-02 00:00:01] equipment_overdue: SKIPPED resident=7 request=22 (last sent 0.4h ago)
[2026-10-02 00:00:01] equipment_overdue: SKIPPED resident=7 request=23 (last sent 0.4h ago)
[2026-10-02 00:00:01] equipment_overdue: SKIPPED resident=7 request=24 (last sent 0.4h ago)
[2026-10-02 00:00:01] equipment_overdue: SKIPPED resident=7 request=25 (last sent 0.4h ago)
[2026-10-02 00:00:01] equipment_overdue: SKIPPED resident=7 request=26 (last sent 0.4h ago)
[2026-10-02 00:00:01] equipment_overdue: SKIPPED resident=7 request=28 (last sent 0.4h ago)
[2026-10-02 00:00:01] equipment_overdue: SKIPPED resident=7 request=29 (last sent 0.4h ago)
[2026-10-02 00:00:01] OK   return_reminder — sent=0 (6.6ms)
[2026-10-02 00:00:01] OK   same_day_reminder — sent=0 (1.2ms)
[2026-10-02 00:00:01] OK   unclaimed_document — sent=0 (5.2ms)
[2026-10-02 00:00:01] === RUN END — total_sent=0 failed=0 ===
[2026-10-02 00:05:01] === RUN START (2026-10-02 00:05:01) — 5 task(s) ===
[2026-10-02 00:05:01] OK   hearing_reminder — sent=0 (0.6ms)
[2026-10-02 00:05:01] OK   pickup_reminder — sent=0 (0.8ms)
[2026-10-02 00:05:01] equipment_overdue: SKIPPED resident=7 request=21 (last sent 0.5h ago)
[2026-10-02 00:05:01] equipment_overdue: SKIPPED resident=7 request=22 (last sent 0.5h ago)
[2026-10-02 00:05:01] equipment_overdue: SKIPPED resident=7 request=23 (last sent 0.5h ago)
[2026-10-02 00:05:01] equipment_overdue: SKIPPED resident=7 request=24 (last sent 0.5h ago)
[2026-10-02 00:05:01] equipment_overdue: SKIPPED resident=7 request=25 (last sent 0.5h ago)
[2026-10-02 00:05:01] equipment_overdue: SKIPPED resident=7 request=26 (last sent 0.5h ago)
[2026-10-02 00:05:01] equipment_overdue: SKIPPED resident=7 request=28 (last sent 0.5h ago)
[2026-10-02 00:05:01] equipment_overdue: SKIPPED resident=7 request=29 (last sent 0.5h ago)
[2026-10-02 00:05:01] OK   return_reminder — sent=0 (4.6ms)
[2026-10-02 00:05:01] OK   same_day_reminder — sent=0 (5.2ms)
[2026-10-02 00:05:01] OK   unclaimed_document — sent=0 (5.3ms)
[2026-10-02 00:05:01] === RUN END — total_sent=0 failed=0 ===
[2026-10-02 00:10:01] === RUN START (2026-10-02 00:10:01) — 5 task(s) ===
[2026-10-02 00:10:01] OK   hearing_reminder — sent=0 (0.5ms)
[2026-10-02 00:10:01] OK   pickup_reminder — sent=0 (0.3ms)
[2026-10-02 00:10:01] equipment_overdue: SKIPPED resident=7 request=21 (last sent 0.6h ago)
[2026-10-02 00:10:01] equipment_overdue: SKIPPED resident=7 request=22 (last sent 0.6h ago)
[2026-10-02 00:10:01] equipment_overdue: SKIPPED resident=7 request=23 (last sent 0.6h ago)
[2026-10-02 00:10:01] equipment_overdue: SKIPPED resident=7 request=24 (last sent 0.6h ago)
[2026-10-02 00:10:01] equipment_overdue: SKIPPED resident=7 request=25 (last sent 0.6h ago)
[2026-10-02 00:10:01] equipment_overdue: SKIPPED resident=7 request=26 (last sent 0.6h ago)
[2026-10-02 00:10:01] equipment_overdue: SKIPPED resident=7 request=28 (last sent 0.6h ago)
[2026-10-02 00:10:01] equipment_overdue: SKIPPED resident=7 request=29 (last sent 0.6h ago)
[2026-10-02 00:10:01] OK   return_reminder — sent=0 (2.2ms)
[2026-10-02 00:10:01] OK   same_day_reminder — sent=0 (0.5ms)
[2026-10-02 00:10:01] OK   unclaimed_document — sent=0 (0.6ms)
[2026-10-02 00:10:01] === RUN END — total_sent=0 failed=0 ===
[2026-10-02 00:15:01] === RUN START (2026-10-02 00:15:01) — 5 task(s) ===
[2026-10-02 00:15:01] OK   hearing_reminder — sent=0 (0.5ms)
[2026-10-02 00:15:01] OK   pickup_reminder — sent=0 (0.5ms)
[2026-10-02 00:15:01] equipment_overdue: SKIPPED resident=7 request=21 (last sent 0.7h ago)
[2026-10-02 00:15:01] equipment_overdue: SKIPPED resident=7 request=22 (last sent 0.7h ago)
[2026-10-02 00:15:01] equipment_overdue: SKIPPED resident=7 request=23 (last sent 0.7h ago)
[2026-10-02 00:15:01] equipment_overdue: SKIPPED resident=7 request=24 (last sent 0.7h ago)
[2026-10-02 00:15:01] equipment_overdue: SKIPPED resident=7 request=25 (last sent 0.7h ago)
[2026-10-02 00:15:01] equipment_overdue: SKIPPED resident=7 request=26 (last sent 0.7h ago)
[2026-10-02 00:15:01] equipment_overdue: SKIPPED resident=7 request=28 (last sent 0.7h ago)
[2026-10-02 00:15:01] equipment_overdue: SKIPPED resident=7 request=29 (last sent 0.7h ago)
[2026-10-02 00:15:01] OK   return_reminder — sent=0 (3ms)
[2026-10-02 00:15:01] OK   same_day_reminder — sent=0 (1ms)
[2026-10-02 00:15:01] OK   unclaimed_document — sent=0 (0.9ms)
[2026-10-02 00:15:01] === RUN END — total_sent=0 failed=0 ===
[2026-10-02 00:20:01] === RUN START (2026-10-02 00:20:01) — 5 task(s) ===
[2026-10-02 00:20:01] OK   hearing_reminder — sent=0 (0.4ms)
[2026-10-02 00:20:01] OK   pickup_reminder — sent=0 (0.5ms)
[2026-10-02 00:20:01] equipment_overdue: SKIPPED resident=7 request=21 (last sent 0.8h ago)
[2026-10-02 00:20:01] equipment_overdue: SKIPPED resident=7 request=22 (last sent 0.8h ago)
[2026-10-02 00:20:01] equipment_overdue: SKIPPED resident=7 request=23 (last sent 0.8h ago)
[2026-10-02 00:20:01] equipment_overdue: SKIPPED resident=7 request=24 (last sent 0.8h ago)
[2026-10-02 00:20:01] equipment_overdue: SKIPPED resident=7 request=25 (last sent 0.8h ago)
[2026-10-02 00:20:01] equipment_overdue: SKIPPED resident=7 request=26 (last sent 0.8h ago)
[2026-10-02 00:20:01] equipment_overdue: SKIPPED resident=7 request=28 (last sent 0.7h ago)
[2026-10-02 00:20:01] equipment_overdue: SKIPPED resident=7 request=29 (last sent 0.7h ago)
[2026-10-02 00:20:01] OK   return_reminder — sent=0 (3.5ms)
[2026-10-02 00:20:01] OK   same_day_reminder — sent=0 (0.9ms)
[2026-10-02 00:20:01] OK   unclaimed_document — sent=0 (0.5ms)
[2026-10-02 00:20:01] === RUN END — total_sent=0 failed=0 ===
[2026-10-02 00:25:01] === RUN START (2026-10-02 00:25:01) — 5 task(s) ===
[2026-10-02 00:25:01] OK   hearing_reminder — sent=0 (0.7ms)
[2026-10-02 00:25:01] OK   pickup_reminder — sent=0 (1.1ms)
[2026-10-02 00:25:01] equipment_overdue: SKIPPED resident=7 request=21 (last sent 0.8h ago)
[2026-10-02 00:25:01] equipment_overdue: SKIPPED resident=7 request=22 (last sent 0.8h ago)
[2026-10-02 00:25:01] equipment_overdue: SKIPPED resident=7 request=23 (last sent 0.8h ago)
[2026-10-02 00:25:01] equipment_overdue: SKIPPED resident=7 request=24 (last sent 0.8h ago)
[2026-10-02 00:25:01] equipment_overdue: SKIPPED resident=7 request=25 (last sent 0.8h ago)
[2026-10-02 00:25:01] equipment_overdue: SKIPPED resident=7 request=26 (last sent 0.8h ago)
[2026-10-02 00:25:01] equipment_overdue: SKIPPED resident=7 request=28 (last sent 0.8h ago)
[2026-10-02 00:25:01] equipment_overdue: SKIPPED resident=7 request=29 (last sent 0.8h ago)
[2026-10-02 00:25:01] OK   return_reminder — sent=0 (4.4ms)
[2026-10-02 00:25:01] OK   same_day_reminder — sent=0 (0.6ms)
[2026-10-02 00:25:01] OK   unclaimed_document — sent=0 (0.7ms)
[2026-10-02 00:25:01] === RUN END — total_sent=0 failed=0 ===
[2026-10-02 00:30:01] === RUN START (2026-10-02 00:30:01) — 5 task(s) ===
[2026-10-02 00:30:01] OK   hearing_reminder — sent=0 (0.4ms)
[2026-10-02 00:30:01] OK   pickup_reminder — sent=0 (0.9ms)
[2026-10-02 00:30:01] equipment_overdue: SKIPPED resident=7 request=21 (last sent 0.9h ago)
[2026-10-02 00:30:01] equipment_overdue: SKIPPED resident=7 request=22 (last sent 0.9h ago)
[2026-10-02 00:30:01] equipment_overdue: SKIPPED resident=7 request=23 (last sent 0.9h ago)
[2026-10-02 00:30:01] equipment_overdue: SKIPPED resident=7 request=24 (last sent 0.9h ago)
[2026-10-02 00:30:01] equipment_overdue: SKIPPED resident=7 request=25 (last sent 0.9h ago)
[2026-10-02 00:30:01] equipment_overdue: SKIPPED resident=7 request=26 (last sent 0.9h ago)
[2026-10-02 00:30:01] equipment_overdue: SKIPPED resident=7 request=28 (last sent 0.9h ago)
[2026-10-02 00:30:01] equipment_overdue: SKIPPED resident=7 request=29 (last sent 0.9h ago)
[2026-10-02 00:30:01] OK   return_reminder — sent=0 (2.9ms)
[2026-10-02 00:30:01] OK   same_day_reminder — sent=0 (0.6ms)
[2026-10-02 00:30:01] OK   unclaimed_document — sent=0 (0.4ms)
[2026-10-02 00:30:01] === RUN END — total_sent=0 failed=0 ===
[2026-10-02 00:35:01] === RUN START (2026-10-02 00:35:01) — 5 task(s) ===
[2026-10-02 00:35:01] OK   hearing_reminder — sent=0 (0.4ms)
[2026-10-02 00:35:01] OK   pickup_reminder — sent=0 (1.1ms)
[2026-10-02 00:35:01] equipment_overdue: SKIPPED resident=7 request=21 (last sent 1h ago)
[2026-10-02 00:35:01] equipment_overdue: SKIPPED resident=7 request=22 (last sent 1h ago)
[2026-10-02 00:35:01] equipment_overdue: SKIPPED resident=7 request=23 (last sent 1h ago)
[2026-10-02 00:35:01] equipment_overdue: SKIPPED resident=7 request=24 (last sent 1h ago)
[2026-10-02 00:35:01] equipment_overdue: SKIPPED resident=7 request=25 (last sent 1h ago)
[2026-10-02 00:35:01] equipment_overdue: SKIPPED resident=7 request=26 (last sent 1h ago)
[2026-10-02 00:35:01] equipment_overdue: SKIPPED resident=7 request=28 (last sent 1h ago)
[2026-10-02 00:35:01] equipment_overdue: SKIPPED resident=7 request=29 (last sent 1h ago)
[2026-10-02 00:35:01] OK   return_reminder — sent=0 (2.6ms)
[2026-10-02 00:35:01] OK   same_day_reminder — sent=0 (0.4ms)
[2026-10-02 00:35:01] OK   unclaimed_document — sent=0 (0.2ms)
[2026-10-02 00:35:01] === RUN END — total_sent=0 failed=0 ===
[2026-10-02 00:40:01] === RUN START (2026-10-02 00:40:01) — 5 task(s) ===
[2026-10-02 00:40:01] OK   hearing_reminder — sent=0 (0.6ms)
[2026-10-02 00:40:01] OK   pickup_reminder — sent=0 (0.5ms)
[2026-10-02 00:40:01] equipment_overdue: SKIPPED resident=7 request=21 (last sent 1.1h ago)
[2026-10-02 00:40:01] equipment_overdue: SKIPPED resident=7 request=22 (last sent 1.1h ago)
[2026-10-02 00:40:01] equipment_overdue: SKIPPED resident=7 request=23 (last sent 1.1h ago)
[2026-10-02 00:40:01] equipment_overdue: SKIPPED resident=7 request=24 (last sent 1.1h ago)
[2026-10-02 00:40:01] equipment_overdue: SKIPPED resident=7 request=25 (last sent 1.1h ago)
[2026-10-02 00:40:01] equipment_overdue: SKIPPED resident=7 request=26 (last sent 1.1h ago)
[2026-10-02 00:40:01] equipment_overdue: SKIPPED resident=7 request=28 (last sent 1.1h ago)
[2026-10-02 00:40:01] equipment_overdue: SKIPPED resident=7 request=29 (last sent 1.1h ago)
[2026-10-02 00:40:01] OK   return_reminder — sent=0 (4.1ms)
[2026-10-02 00:40:01] OK   same_day_reminder — sent=0 (0.8ms)
[2026-10-02 00:40:01] OK   unclaimed_document — sent=0 (0.8ms)
[2026-10-02 00:40:01] === RUN END — total_sent=0 failed=0 ===
[2026-10-02 01:15:01] === RUN START (2026-10-02 01:15:01) — 5 task(s) ===
[2026-10-02 01:15:01] OK   hearing_reminder — sent=0 (0.8ms)
[2026-10-02 01:15:01] OK   pickup_reminder — sent=0 (1.4ms)
[2026-10-02 01:15:01] equipment_overdue: SKIPPED resident=7 request=21 (last sent 1.7h ago)
[2026-10-02 01:15:01] equipment_overdue: SKIPPED resident=7 request=22 (last sent 1.7h ago)
[2026-10-02 01:15:01] equipment_overdue: SKIPPED resident=7 request=23 (last sent 1.7h ago)
[2026-10-02 01:15:01] equipment_overdue: SKIPPED resident=7 request=24 (last sent 1.7h ago)
[2026-10-02 01:15:01] equipment_overdue: SKIPPED resident=7 request=25 (last sent 1.7h ago)
[2026-10-02 01:15:01] equipment_overdue: SKIPPED resident=7 request=26 (last sent 1.7h ago)
[2026-10-02 01:15:01] equipment_overdue: SKIPPED resident=7 request=28 (last sent 1.7h ago)
[2026-10-02 01:15:01] equipment_overdue: SKIPPED resident=7 request=29 (last sent 1.7h ago)
[2026-10-02 01:15:01] OK   return_reminder — sent=0 (6.3ms)
[2026-10-02 01:15:01] OK   same_day_reminder — sent=0 (0.9ms)
[2026-10-02 01:15:01] OK   unclaimed_document — sent=0 (1.6ms)
[2026-10-02 01:15:01] === RUN END — total_sent=0 failed=0 ===
[2026-10-02 01:20:01] === RUN START (2026-10-02 01:20:01) — 5 task(s) ===
[2026-10-02 01:20:01] OK   hearing_reminder — sent=0 (0.6ms)
[2026-10-02 01:20:01] OK   pickup_reminder — sent=0 (1.5ms)
[2026-10-02 01:20:01] equipment_overdue: SKIPPED resident=7 request=21 (last sent 1.8h ago)
[2026-10-02 01:20:01] equipment_overdue: SKIPPED resident=7 request=22 (last sent 1.8h ago)
[2026-10-02 01:20:01] equipment_overdue: SKIPPED resident=7 request=23 (last sent 1.8h ago)
[2026-10-02 01:20:01] equipment_overdue: SKIPPED resident=7 request=24 (last sent 1.8h ago)
[2026-10-02 01:20:01] equipment_overdue: SKIPPED resident=7 request=25 (last sent 1.8h ago)
[2026-10-02 01:20:01] equipment_overdue: SKIPPED resident=7 request=26 (last sent 1.8h ago)
[2026-10-02 01:20:01] equipment_overdue: SKIPPED resident=7 request=28 (last sent 1.7h ago)
[2026-10-02 01:20:01] equipment_overdue: SKIPPED resident=7 request=29 (last sent 1.7h ago)
[2026-10-02 01:20:01] OK   return_reminder — sent=0 (8.6ms)
[2026-10-02 01:20:01] OK   same_day_reminder — sent=0 (0.8ms)
[2026-10-02 01:20:01] OK   unclaimed_document — sent=0 (0.5ms)
[2026-10-02 01:20:01] === RUN END — total_sent=0 failed=0 ===
[2026-10-02 01:25:01] === RUN START (2026-10-02 01:25:01) — 5 task(s) ===
[2026-10-02 01:25:01] OK   hearing_reminder — sent=0 (0.7ms)
[2026-10-02 01:25:01] OK   pickup_reminder — sent=0 (1ms)
[2026-10-02 01:25:01] equipment_overdue: SKIPPED resident=7 request=21 (last sent 1.8h ago)
[2026-10-02 01:25:01] equipment_overdue: SKIPPED resident=7 request=22 (last sent 1.8h ago)
[2026-10-02 01:25:01] equipment_overdue: SKIPPED resident=7 request=23 (last sent 1.8h ago)
[2026-10-02 01:25:01] equipment_overdue: SKIPPED resident=7 request=24 (last sent 1.8h ago)
[2026-10-02 01:25:01] equipment_overdue: SKIPPED resident=7 request=25 (last sent 1.8h ago)
[2026-10-02 01:25:01] equipment_overdue: SKIPPED resident=7 request=26 (last sent 1.8h ago)
[2026-10-02 01:25:01] equipment_overdue: SKIPPED resident=7 request=28 (last sent 1.8h ago)
[2026-10-02 01:25:01] equipment_overdue: SKIPPED resident=7 request=29 (last sent 1.8h ago)
[2026-10-02 01:25:01] OK   return_reminder — sent=0 (4.6ms)
[2026-10-02 01:25:01] OK   same_day_reminder — sent=0 (1.1ms)
[2026-10-02 01:25:02] OK   unclaimed_document — sent=0 (1.3ms)
[2026-10-02 01:25:02] === RUN END — total_sent=0 failed=0 ===
[2026-10-02 01:30:01] === RUN START (2026-10-02 01:30:01) — 5 task(s) ===
[2026-10-02 01:30:01] OK   hearing_reminder — sent=0 (0.5ms)
[2026-10-02 01:30:01] OK   pickup_reminder — sent=0 (0.6ms)
[2026-10-02 01:30:01] equipment_overdue: SKIPPED resident=7 request=21 (last sent 1.9h ago)
[2026-10-02 01:30:01] equipment_overdue: SKIPPED resident=7 request=22 (last sent 1.9h ago)
[2026-10-02 01:30:01] equipment_overdue: SKIPPED resident=7 request=23 (last sent 1.9h ago)
[2026-10-02 01:30:01] equipment_overdue: SKIPPED resident=7 request=24 (last sent 1.9h ago)
[2026-10-02 01:30:01] equipment_overdue: SKIPPED resident=7 request=25 (last sent 1.9h ago)
[2026-10-02 01:30:01] equipment_overdue: SKIPPED resident=7 request=26 (last sent 1.9h ago)
[2026-10-02 01:30:01] equipment_overdue: SKIPPED resident=7 request=28 (last sent 1.9h ago)
[2026-10-02 01:30:01] equipment_overdue: SKIPPED resident=7 request=29 (last sent 1.9h ago)
[2026-10-02 01:30:01] OK   return_reminder — sent=0 (3.1ms)
[2026-10-02 01:30:01] OK   same_day_reminder — sent=0 (0.7ms)
[2026-10-02 01:30:01] OK   unclaimed_document — sent=0 (0.5ms)
[2026-10-02 01:30:01] === RUN END — total_sent=0 failed=0 ===
[2026-10-02 01:35:01] === RUN START (2026-10-02 01:35:01) — 5 task(s) ===
[2026-10-02 01:35:01] OK   hearing_reminder — sent=0 (0.4ms)
[2026-10-02 01:35:01] OK   pickup_reminder — sent=0 (0.5ms)
[2026-10-02 01:35:01] equipment_overdue: SKIPPED resident=7 request=21 (last sent 2h ago)
[2026-10-02 01:35:01] equipment_overdue: SKIPPED resident=7 request=22 (last sent 2h ago)
[2026-10-02 01:35:01] equipment_overdue: SKIPPED resident=7 request=23 (last sent 2h ago)
[2026-10-02 01:35:01] equipment_overdue: SKIPPED resident=7 request=24 (last sent 2h ago)
[2026-10-02 01:35:01] equipment_overdue: SKIPPED resident=7 request=25 (last sent 2h ago)
[2026-10-02 01:35:01] equipment_overdue: SKIPPED resident=7 request=26 (last sent 2h ago)
[2026-10-02 01:35:01] equipment_overdue: SKIPPED resident=7 request=28 (last sent 2h ago)
[2026-10-02 01:35:01] equipment_overdue: SKIPPED resident=7 request=29 (last sent 2h ago)
[2026-10-02 01:35:01] OK   return_reminder — sent=0 (6.8ms)
[2026-10-02 01:35:01] OK   same_day_reminder — sent=0 (5.2ms)
[2026-10-02 01:35:01] OK   unclaimed_document — sent=0 (3.7ms)
[2026-10-02 01:35:01] === RUN END — total_sent=0 failed=0 ===
[2026-10-02 01:40:01] === RUN START (2026-10-02 01:40:01) — 5 task(s) ===
[2026-10-02 01:40:01] OK   hearing_reminder — sent=0 (0.4ms)
[2026-10-02 01:40:01] OK   pickup_reminder — sent=0 (0.8ms)
[2026-10-02 01:40:01] equipment_overdue: SKIPPED resident=7 request=21 (last sent 2.1h ago)
[2026-10-02 01:40:01] equipment_overdue: SKIPPED resident=7 request=22 (last sent 2.1h ago)
[2026-10-02 01:40:01] equipment_overdue: SKIPPED resident=7 request=23 (last sent 2.1h ago)
[2026-10-02 01:40:01] equipment_overdue: SKIPPED resident=7 request=24 (last sent 2.1h ago)
[2026-10-02 01:40:01] equipment_overdue: SKIPPED resident=7 request=25 (last sent 2.1h ago)
[2026-10-02 01:40:01] equipment_overdue: SKIPPED resident=7 request=26 (last sent 2.1h ago)
[2026-10-02 01:40:01] equipment_overdue: SKIPPED resident=7 request=28 (last sent 2.1h ago)
[2026-10-02 01:40:01] equipment_overdue: SKIPPED resident=7 request=29 (last sent 2.1h ago)
[2026-10-02 01:40:01] OK   return_reminder — sent=0 (3.4ms)
[2026-10-02 01:40:01] OK   same_day_reminder — sent=0 (0.4ms)
[2026-10-02 01:40:01] OK   unclaimed_document — sent=0 (0.6ms)
[2026-10-02 01:40:01] === RUN END — total_sent=0 failed=0 ===
[2026-10-02 01:45:02] === RUN START (2026-10-02 01:45:02) — 5 task(s) ===
[2026-10-02 01:45:02] OK   hearing_reminder — sent=0 (1.5ms)
[2026-10-02 01:45:02] OK   pickup_reminder — sent=0 (1ms)
[2026-10-02 01:45:02] equipment_overdue: SKIPPED resident=7 request=21 (last sent 2.2h ago)
[2026-10-02 01:45:02] equipment_overdue: SKIPPED resident=7 request=22 (last sent 2.2h ago)
[2026-10-02 01:45:02] equipment_overdue: SKIPPED resident=7 request=23 (last sent 2.2h ago)
[2026-10-02 01:45:02] equipment_overdue: SKIPPED resident=7 request=24 (last sent 2.2h ago)
[2026-10-02 01:45:02] equipment_overdue: SKIPPED resident=7 request=25 (last sent 2.2h ago)
[2026-10-02 01:45:02] equipment_overdue: SKIPPED resident=7 request=26 (last sent 2.2h ago)
[2026-10-02 01:45:02] equipment_overdue: SKIPPED resident=7 request=28 (last sent 2.2h ago)
[2026-10-02 01:45:02] equipment_overdue: SKIPPED resident=7 request=29 (last sent 2.2h ago)
[2026-10-02 01:45:02] OK   return_reminder — sent=0 (6.1ms)
[2026-10-02 01:45:02] OK   same_day_reminder — sent=0 (1.4ms)
[2026-10-02 01:45:02] OK   unclaimed_document — sent=0 (1.2ms)
[2026-10-02 01:45:02] === RUN END — total_sent=0 failed=0 ===
[2026-10-02 01:50:02] === RUN START (2026-10-02 01:50:02) — 5 task(s) ===
[2026-10-02 01:50:02] OK   hearing_reminder — sent=0 (0.4ms)
[2026-10-02 01:50:02] OK   pickup_reminder — sent=0 (0.2ms)
[2026-10-02 01:50:02] equipment_overdue: SKIPPED resident=7 request=21 (last sent 2.3h ago)
[2026-10-02 01:50:02] equipment_overdue: SKIPPED resident=7 request=22 (last sent 2.3h ago)
[2026-10-02 01:50:02] equipment_overdue: SKIPPED resident=7 request=23 (last sent 2.3h ago)
[2026-10-02 01:50:02] equipment_overdue: SKIPPED resident=7 request=24 (last sent 2.3h ago)
[2026-10-02 01:50:02] equipment_overdue: SKIPPED resident=7 request=25 (last sent 2.3h ago)
[2026-10-02 01:50:02] equipment_overdue: SKIPPED resident=7 request=26 (last sent 2.3h ago)
[2026-10-02 01:50:02] equipment_overdue: SKIPPED resident=7 request=28 (last sent 2.3h ago)
[2026-10-02 01:50:02] equipment_overdue: SKIPPED resident=7 request=29 (last sent 2.3h ago)
[2026-10-02 01:50:02] OK   return_reminder — sent=0 (5ms)
[2026-10-02 01:50:02] OK   same_day_reminder — sent=0 (1ms)
[2026-10-02 01:50:02] OK   unclaimed_document — sent=0 (0.3ms)
[2026-10-02 01:50:02] === RUN END — total_sent=0 failed=0 ===
[2026-10-02 01:55:02] === RUN START (2026-10-02 01:55:02) — 5 task(s) ===
[2026-10-02 01:55:02] OK   hearing_reminder — sent=0 (0.8ms)
[2026-10-02 01:55:02] OK   pickup_reminder — sent=0 (1ms)
[2026-10-02 01:55:02] equipment_overdue: SKIPPED resident=7 request=21 (last sent 2.3h ago)
[2026-10-02 01:55:02] equipment_overdue: SKIPPED resident=7 request=22 (last sent 2.3h ago)
[2026-10-02 01:55:02] equipment_overdue: SKIPPED resident=7 request=23 (last sent 2.3h ago)
[2026-10-02 01:55:02] equipment_overdue: SKIPPED resident=7 request=24 (last sent 2.3h ago)
[2026-10-02 01:55:02] equipment_overdue: SKIPPED resident=7 request=25 (last sent 2.3h ago)
[2026-10-02 01:55:02] equipment_overdue: SKIPPED resident=7 request=26 (last sent 2.3h ago)
[2026-10-02 01:55:02] equipment_overdue: SKIPPED resident=7 request=28 (last sent 2.3h ago)
[2026-10-02 01:55:02] equipment_overdue: SKIPPED resident=7 request=29 (last sent 2.3h ago)
[2026-10-02 01:55:02] OK   return_reminder — sent=0 (3.1ms)
[2026-10-02 01:55:02] OK   same_day_reminder — sent=0 (0.8ms)
[2026-10-02 01:55:02] OK   unclaimed_document — sent=0 (0.9ms)
[2026-10-02 01:55:02] === RUN END — total_sent=0 failed=0 ===
[2026-10-02 02:00:02] === RUN START (2026-10-02 02:00:02) — 5 task(s) ===
[2026-10-02 02:00:02] OK   hearing_reminder — sent=0 (1.1ms)
[2026-10-02 02:00:02] OK   pickup_reminder — sent=0 (2ms)
[2026-10-02 02:00:02] equipment_overdue: SKIPPED resident=7 request=21 (last sent 2.4h ago)
[2026-10-02 02:00:02] equipment_overdue: SKIPPED resident=7 request=22 (last sent 2.4h ago)
[2026-10-02 02:00:02] equipment_overdue: SKIPPED resident=7 request=23 (last sent 2.4h ago)
[2026-10-02 02:00:02] equipment_overdue: SKIPPED resident=7 request=24 (last sent 2.4h ago)
[2026-10-02 02:00:02] equipment_overdue: SKIPPED resident=7 request=25 (last sent 2.4h ago)
[2026-10-02 02:00:02] equipment_overdue: SKIPPED resident=7 request=26 (last sent 2.4h ago)
[2026-10-02 02:00:02] equipment_overdue: SKIPPED resident=7 request=28 (last sent 2.4h ago)
[2026-10-02 02:00:02] equipment_overdue: SKIPPED resident=7 request=29 (last sent 2.4h ago)
[2026-10-02 02:00:02] OK   return_reminder — sent=0 (7.9ms)
[2026-10-02 02:00:02] OK   same_day_reminder — sent=0 (1.5ms)
[2026-10-02 02:00:02] OK   unclaimed_document — sent=0 (1.5ms)
[2026-10-02 02:00:02] === RUN END — total_sent=0 failed=0 ===
[2026-10-02 02:05:02] === RUN START (2026-10-02 02:05:02) — 5 task(s) ===
[2026-10-02 02:05:02] OK   hearing_reminder — sent=0 (0.7ms)
[2026-10-02 02:05:02] OK   pickup_reminder — sent=0 (0.6ms)
[2026-10-02 02:05:02] equipment_overdue: SKIPPED resident=7 request=21 (last sent 2.5h ago)
[2026-10-02 02:05:02] equipment_overdue: SKIPPED resident=7 request=22 (last sent 2.5h ago)
[2026-10-02 02:05:02] equipment_overdue: SKIPPED resident=7 request=23 (last sent 2.5h ago)
[2026-10-02 02:05:02] equipment_overdue: SKIPPED resident=7 request=24 (last sent 2.5h ago)
[2026-10-02 02:05:02] equipment_overdue: SKIPPED resident=7 request=25 (last sent 2.5h ago)
[2026-10-02 02:05:02] equipment_overdue: SKIPPED resident=7 request=26 (last sent 2.5h ago)
[2026-10-02 02:05:02] equipment_overdue: SKIPPED resident=7 request=28 (last sent 2.5h ago)
[2026-10-02 02:05:02] equipment_overdue: SKIPPED resident=7 request=29 (last sent 2.5h ago)
[2026-10-02 02:05:02] OK   return_reminder — sent=0 (3.3ms)
[2026-10-02 02:05:02] OK   same_day_reminder — sent=0 (0.3ms)
[2026-10-02 02:05:02] OK   unclaimed_document — sent=0 (0.8ms)
[2026-10-02 02:05:02] === RUN END — total_sent=0 failed=0 ===
[2026-10-02 02:10:02] === RUN START (2026-10-02 02:10:02) — 5 task(s) ===
[2026-10-02 02:10:02] OK   hearing_reminder — sent=0 (0.8ms)
[2026-10-02 02:10:02] OK   pickup_reminder — sent=0 (1ms)
[2026-10-02 02:10:02] equipment_overdue: SKIPPED resident=7 request=21 (last sent 2.6h ago)
[2026-10-02 02:10:02] equipment_overdue: SKIPPED resident=7 request=22 (last sent 2.6h ago)
[2026-10-02 02:10:02] equipment_overdue: SKIPPED resident=7 request=23 (last sent 2.6h ago)
[2026-10-02 02:10:02] equipment_overdue: SKIPPED resident=7 request=24 (last sent 2.6h ago)
[2026-10-02 02:10:02] equipment_overdue: SKIPPED resident=7 request=25 (last sent 2.6h ago)
[2026-10-02 02:10:02] equipment_overdue: SKIPPED resident=7 request=26 (last sent 2.6h ago)
[2026-10-02 02:10:02] equipment_overdue: SKIPPED resident=7 request=28 (last sent 2.6h ago)
[2026-10-02 02:10:02] equipment_overdue: SKIPPED resident=7 request=29 (last sent 2.6h ago)
[2026-10-02 02:10:02] OK   return_reminder — sent=0 (3.4ms)
[2026-10-02 02:10:02] OK   same_day_reminder — sent=0 (0.8ms)
[2026-10-02 02:10:02] OK   unclaimed_document — sent=0 (0.7ms)
[2026-10-02 02:10:02] === RUN END — total_sent=0 failed=0 ===
[2026-10-02 02:15:02] === RUN START (2026-10-02 02:15:02) — 5 task(s) ===
[2026-10-02 02:15:02] OK   hearing_reminder — sent=0 (1ms)
[2026-10-02 02:15:02] OK   pickup_reminder — sent=0 (0.5ms)
[2026-10-02 02:15:02] equipment_overdue: SKIPPED resident=7 request=21 (last sent 2.7h ago)
[2026-10-02 02:15:02] equipment_overdue: SKIPPED resident=7 request=22 (last sent 2.7h ago)
[2026-10-02 02:15:02] equipment_overdue: SKIPPED resident=7 request=23 (last sent 2.7h ago)
[2026-10-02 02:15:02] equipment_overdue: SKIPPED resident=7 request=24 (last sent 2.7h ago)
[2026-10-02 02:15:02] equipment_overdue: SKIPPED resident=7 request=25 (last sent 2.7h ago)
[2026-10-02 02:15:02] equipment_overdue: SKIPPED resident=7 request=26 (last sent 2.7h ago)
[2026-10-02 02:15:02] equipment_overdue: SKIPPED resident=7 request=28 (last sent 2.7h ago)
[2026-10-02 02:15:02] equipment_overdue: SKIPPED resident=7 request=29 (last sent 2.7h ago)
[2026-10-02 02:15:02] OK   return_reminder — sent=0 (3ms)
[2026-10-02 02:15:02] OK   same_day_reminder — sent=0 (1ms)
[2026-10-02 02:15:02] OK   unclaimed_document — sent=0 (0.9ms)
[2026-10-02 02:15:02] === RUN END — total_sent=0 failed=0 ===
[2026-10-02 02:20:02] === RUN START (2026-10-02 02:20:02) — 5 task(s) ===
[2026-10-02 02:20:02] OK   hearing_reminder — sent=0 (0.5ms)
[2026-10-02 02:20:02] OK   pickup_reminder — sent=0 (1.2ms)
[2026-10-02 02:20:02] equipment_overdue: SKIPPED resident=7 request=21 (last sent 2.8h ago)
[2026-10-02 02:20:02] equipment_overdue: SKIPPED resident=7 request=22 (last sent 2.8h ago)
[2026-10-02 02:20:02] equipment_overdue: SKIPPED resident=7 request=23 (last sent 2.8h ago)
[2026-10-02 02:20:02] equipment_overdue: SKIPPED resident=7 request=24 (last sent 2.8h ago)
[2026-10-02 02:20:02] equipment_overdue: SKIPPED resident=7 request=25 (last sent 2.8h ago)
[2026-10-02 02:20:02] equipment_overdue: SKIPPED resident=7 request=26 (last sent 2.8h ago)
[2026-10-02 02:20:02] equipment_overdue: SKIPPED resident=7 request=28 (last sent 2.8h ago)
[2026-10-02 02:20:02] equipment_overdue: SKIPPED resident=7 request=29 (last sent 2.8h ago)
[2026-10-02 02:20:02] OK   return_reminder — sent=0 (3.5ms)
[2026-10-02 02:20:02] OK   same_day_reminder — sent=0 (0.9ms)
[2026-10-02 02:20:02] OK   unclaimed_document — sent=0 (0.8ms)
[2026-10-02 02:20:02] === RUN END — total_sent=0 failed=0 ===
[2026-10-02 02:25:02] === RUN START (2026-10-02 02:25:02) — 5 task(s) ===
[2026-10-02 02:25:02] OK   hearing_reminder — sent=0 (0.5ms)
[2026-10-02 02:25:02] OK   pickup_reminder — sent=0 (0.5ms)
[2026-10-02 02:25:02] equipment_overdue: SKIPPED resident=7 request=21 (last sent 2.8h ago)
[2026-10-02 02:25:02] equipment_overdue: SKIPPED resident=7 request=22 (last sent 2.8h ago)
[2026-10-02 02:25:02] equipment_overdue: SKIPPED resident=7 request=23 (last sent 2.8h ago)
[2026-10-02 02:25:02] equipment_overdue: SKIPPED resident=7 request=24 (last sent 2.8h ago)
[2026-10-02 02:25:02] equipment_overdue: SKIPPED resident=7 request=25 (last sent 2.8h ago)
[2026-10-02 02:25:02] equipment_overdue: SKIPPED resident=7 request=26 (last sent 2.8h ago)
[2026-10-02 02:25:02] equipment_overdue: SKIPPED resident=7 request=28 (last sent 2.8h ago)
[2026-10-02 02:25:02] equipment_overdue: SKIPPED resident=7 request=29 (last sent 2.8h ago)
[2026-10-02 02:25:02] OK   return_reminder — sent=0 (2.6ms)
[2026-10-02 02:25:02] OK   same_day_reminder — sent=0 (0.5ms)
[2026-10-02 02:25:02] OK   unclaimed_document — sent=0 (0.4ms)
[2026-10-02 02:25:02] === RUN END — total_sent=0 failed=0 ===
[2026-10-02 02:30:02] === RUN START (2026-10-02 02:30:02) — 5 task(s) ===
[2026-10-02 02:30:02] OK   hearing_reminder — sent=0 (1.3ms)
[2026-10-02 02:30:02] OK   pickup_reminder — sent=0 (1.6ms)
[2026-10-02 02:30:02] equipment_overdue: SKIPPED resident=7 request=21 (last sent 2.9h ago)
[2026-10-02 02:30:02] equipment_overdue: SKIPPED resident=7 request=22 (last sent 2.9h ago)
[2026-10-02 02:30:02] equipment_overdue: SKIPPED resident=7 request=23 (last sent 2.9h ago)
[2026-10-02 02:30:02] equipment_overdue: SKIPPED resident=7 request=24 (last sent 2.9h ago)
[2026-10-02 02:30:02] equipment_overdue: SKIPPED resident=7 request=25 (last sent 2.9h ago)
[2026-10-02 02:30:02] equipment_overdue: SKIPPED resident=7 request=26 (last sent 2.9h ago)
[2026-10-02 02:30:02] equipment_overdue: SKIPPED resident=7 request=28 (last sent 2.9h ago)
[2026-10-02 02:30:02] equipment_overdue: SKIPPED resident=7 request=29 (last sent 2.9h ago)
[2026-10-02 02:30:02] OK   return_reminder — sent=0 (4.4ms)
[2026-10-02 02:30:02] OK   same_day_reminder — sent=0 (1.2ms)
[2026-10-02 02:30:02] OK   unclaimed_document — sent=0 (0.9ms)
[2026-10-02 02:30:02] === RUN END — total_sent=0 failed=0 ===
[2026-10-02 02:35:02] === RUN START (2026-10-02 02:35:02) — 5 task(s) ===
[2026-10-02 02:35:02] OK   hearing_reminder — sent=0 (0.5ms)
[2026-10-02 02:35:02] OK   pickup_reminder — sent=0 (0.6ms)
[2026-10-02 02:35:02] cronSafePushResident: resident=7 has NO subscription
[2026-10-02 02:35:02] equipment_overdue: sent to resident=7 for request=21 (overdue=141)
[2026-10-02 02:35:02] cronSafePushResident: resident=7 has NO subscription
[2026-10-02 02:35:02] equipment_overdue: sent to resident=7 for request=22 (overdue=140)
[2026-10-02 02:35:02] cronSafePushResident: resident=7 has NO subscription
[2026-10-02 02:35:02] equipment_overdue: sent to resident=7 for request=23 (overdue=141)
[2026-10-02 02:35:02] cronSafePushResident: resident=7 has NO subscription
[2026-10-02 02:35:02] equipment_overdue: sent to resident=7 for request=24 (overdue=140)
[2026-10-02 02:35:02] cronSafePushResident: resident=7 has NO subscription
[2026-10-02 02:35:02] equipment_overdue: sent to resident=7 for request=25 (overdue=134)
[2026-10-02 02:35:02] cronSafePushResident: resident=7 has NO subscription
[2026-10-02 02:35:02] equipment_overdue: sent to resident=7 for request=26 (overdue=141)
[2026-10-02 02:35:02] cronSafePushResident: resident=7 has NO subscription
[2026-10-02 02:35:02] equipment_overdue: sent to resident=7 for request=28 (overdue=133)
[2026-10-02 02:35:02] cronSafePushResident: resident=7 has NO subscription
[2026-10-02 02:35:02] equipment_overdue: sent to resident=7 for request=29 (overdue=133)
[2026-10-02 02:35:02] OK   return_reminder — sent=8 (43.1ms)
[2026-10-02 02:35:02] OK   same_day_reminder — sent=0 (0.8ms)
[2026-10-02 02:35:02] OK   unclaimed_document — sent=0 (1ms)
[2026-10-02 02:35:02] === RUN END — total_sent=8 failed=0 ===
[2026-10-02 02:40:02] === RUN START (2026-10-02 02:40:02) — 5 task(s) ===
[2026-10-02 02:40:02] OK   hearing_reminder — sent=0 (0.6ms)
[2026-10-02 02:40:02] OK   pickup_reminder — sent=0 (1.2ms)
[2026-10-02 02:40:02] equipment_overdue: SKIPPED resident=7 request=21 (last sent 0.1h ago)
[2026-10-02 02:40:02] equipment_overdue: SKIPPED resident=7 request=22 (last sent 0.1h ago)
[2026-10-02 02:40:02] equipment_overdue: SKIPPED resident=7 request=23 (last sent 0.1h ago)
[2026-10-02 02:40:02] equipment_overdue: SKIPPED resident=7 request=24 (last sent 0.1h ago)
[2026-10-02 02:40:02] equipment_overdue: SKIPPED resident=7 request=25 (last sent 0.1h ago)
[2026-10-02 02:40:02] equipment_overdue: SKIPPED resident=7 request=26 (last sent 0.1h ago)
[2026-10-02 02:40:02] equipment_overdue: SKIPPED resident=7 request=28 (last sent 0.1h ago)
[2026-10-02 02:40:02] equipment_overdue: SKIPPED resident=7 request=29 (last sent 0.1h ago)
[2026-10-02 02:40:02] OK   return_reminder — sent=0 (4.8ms)
[2026-10-02 02:40:02] OK   same_day_reminder — sent=0 (1.6ms)
[2026-10-02 02:40:02] OK   unclaimed_document — sent=0 (0.9ms)
[2026-10-02 02:40:02] === RUN END — total_sent=0 failed=0 ===
[2026-10-02 02:45:02] === RUN START (2026-10-02 02:45:02) — 5 task(s) ===
[2026-10-02 02:45:02] OK   hearing_reminder — sent=0 (0.6ms)
[2026-10-02 02:45:02] OK   pickup_reminder — sent=0 (1.5ms)
[2026-10-02 02:45:02] equipment_overdue: SKIPPED resident=7 request=21 (last sent 0.2h ago)
[2026-10-02 02:45:02] equipment_overdue: SKIPPED resident=7 request=22 (last sent 0.2h ago)
[2026-10-02 02:45:02] equipment_overdue: SKIPPED resident=7 request=23 (last sent 0.2h ago)
[2026-10-02 02:45:02] equipment_overdue: SKIPPED resident=7 request=24 (last sent 0.2h ago)
[2026-10-02 02:45:02] equipment_overdue: SKIPPED resident=7 request=25 (last sent 0.2h ago)
[2026-10-02 02:45:02] equipment_overdue: SKIPPED resident=7 request=26 (last sent 0.2h ago)
[2026-10-02 02:45:02] equipment_overdue: SKIPPED resident=7 request=28 (last sent 0.2h ago)
[2026-10-02 02:45:02] equipment_overdue: SKIPPED resident=7 request=29 (last sent 0.2h ago)
[2026-10-02 02:45:02] OK   return_reminder — sent=0 (7.8ms)
[2026-10-02 02:45:02] OK   same_day_reminder — sent=0 (0.6ms)
[2026-10-02 02:45:02] OK   unclaimed_document — sent=0 (1.2ms)
[2026-10-02 02:45:02] === RUN END — total_sent=0 failed=0 ===
[2026-10-02 02:50:02] === RUN START (2026-10-02 02:50:02) — 5 task(s) ===
[2026-10-02 02:50:02] OK   hearing_reminder — sent=0 (0.7ms)
[2026-10-02 02:50:02] OK   pickup_reminder — sent=0 (1.8ms)
[2026-10-02 02:50:02] equipment_overdue: SKIPPED resident=7 request=21 (last sent 0.3h ago)
[2026-10-02 02:50:02] equipment_overdue: SKIPPED resident=7 request=22 (last sent 0.3h ago)
[2026-10-02 02:50:02] equipment_overdue: SKIPPED resident=7 request=23 (last sent 0.3h ago)
[2026-10-02 02:50:02] equipment_overdue: SKIPPED resident=7 request=24 (last sent 0.3h ago)
[2026-10-02 02:50:02] equipment_overdue: SKIPPED resident=7 request=25 (last sent 0.3h ago)
[2026-10-02 02:50:02] equipment_overdue: SKIPPED resident=7 request=26 (last sent 0.3h ago)
[2026-10-02 02:50:02] equipment_overdue: SKIPPED resident=7 request=28 (last sent 0.3h ago)
[2026-10-02 02:50:02] equipment_overdue: SKIPPED resident=7 request=29 (last sent 0.3h ago)
[2026-10-02 02:50:02] OK   return_reminder — sent=0 (4.2ms)
[2026-10-02 02:50:02] OK   same_day_reminder — sent=0 (0.9ms)
[2026-10-02 02:50:02] OK   unclaimed_document — sent=0 (0.7ms)
[2026-10-02 02:50:02] === RUN END — total_sent=0 failed=0 ===
[2026-10-02 02:55:03] === RUN START (2026-10-02 02:55:03) — 5 task(s) ===
[2026-10-02 02:55:03] OK   hearing_reminder — sent=0 (1.2ms)
[2026-10-02 02:55:03] OK   pickup_reminder — sent=0 (1.1ms)
[2026-10-02 02:55:03] equipment_overdue: SKIPPED resident=7 request=21 (last sent 0.3h ago)
[2026-10-02 02:55:03] equipment_overdue: SKIPPED resident=7 request=22 (last sent 0.3h ago)
[2026-10-02 02:55:03] equipment_overdue: SKIPPED resident=7 request=23 (last sent 0.3h ago)
[2026-10-02 02:55:03] equipment_overdue: SKIPPED resident=7 request=24 (last sent 0.3h ago)
[2026-10-02 02:55:03] equipment_overdue: SKIPPED resident=7 request=25 (last sent 0.3h ago)
[2026-10-02 02:55:03] equipment_overdue: SKIPPED resident=7 request=26 (last sent 0.3h ago)
[2026-10-02 02:55:03] equipment_overdue: SKIPPED resident=7 request=28 (last sent 0.3h ago)
[2026-10-02 02:55:03] equipment_overdue: SKIPPED resident=7 request=29 (last sent 0.3h ago)
[2026-10-02 02:55:03] OK   return_reminder — sent=0 (8.5ms)
[2026-10-02 02:55:03] OK   same_day_reminder — sent=0 (3.7ms)
[2026-10-02 02:55:03] OK   unclaimed_document — sent=0 (0.7ms)
[2026-10-02 02:55:03] === RUN END — total_sent=0 failed=0 ===
[2026-10-02 03:00:02] === RUN START (2026-10-02 03:00:02) — 5 task(s) ===
[2026-10-02 03:00:02] OK   hearing_reminder — sent=0 (0.9ms)
[2026-10-02 03:00:02] OK   pickup_reminder — sent=0 (1.5ms)
[2026-10-02 03:00:02] equipment_overdue: SKIPPED resident=7 request=21 (last sent 0.4h ago)
[2026-10-02 03:00:02] equipment_overdue: SKIPPED resident=7 request=22 (last sent 0.4h ago)
[2026-10-02 03:00:02] equipment_overdue: SKIPPED resident=7 request=23 (last sent 0.4h ago)
[2026-10-02 03:00:02] equipment_overdue: SKIPPED resident=7 request=24 (last sent 0.4h ago)
[2026-10-02 03:00:02] equipment_overdue: SKIPPED resident=7 request=25 (last sent 0.4h ago)
[2026-10-02 03:00:02] equipment_overdue: SKIPPED resident=7 request=26 (last sent 0.4h ago)
[2026-10-02 03:00:02] equipment_overdue: SKIPPED resident=7 request=28 (last sent 0.4h ago)
[2026-10-02 03:00:02] equipment_overdue: SKIPPED resident=7 request=29 (last sent 0.4h ago)
[2026-10-02 03:00:02] OK   return_reminder — sent=0 (7.5ms)
[2026-10-02 03:00:02] OK   same_day_reminder — sent=0 (1.7ms)
[2026-10-02 03:00:02] OK   unclaimed_document — sent=0 (1.4ms)
[2026-10-02 03:00:02] === RUN END — total_sent=0 failed=0 ===
[2026-10-02 03:05:02] === RUN START (2026-10-02 03:05:02) — 5 task(s) ===
[2026-10-02 03:05:02] OK   hearing_reminder — sent=0 (0.5ms)
[2026-10-02 03:05:02] OK   pickup_reminder — sent=0 (1.8ms)
[2026-10-02 03:05:02] equipment_overdue: SKIPPED resident=7 request=21 (last sent 0.5h ago)
[2026-10-02 03:05:02] equipment_overdue: SKIPPED resident=7 request=22 (last sent 0.5h ago)
[2026-10-02 03:05:02] equipment_overdue: SKIPPED resident=7 request=23 (last sent 0.5h ago)
[2026-10-02 03:05:02] equipment_overdue: SKIPPED resident=7 request=24 (last sent 0.5h ago)
[2026-10-02 03:05:02] equipment_overdue: SKIPPED resident=7 request=25 (last sent 0.5h ago)
[2026-10-02 03:05:02] equipment_overdue: SKIPPED resident=7 request=26 (last sent 0.5h ago)
[2026-10-02 03:05:02] equipment_overdue: SKIPPED resident=7 request=28 (last sent 0.5h ago)
[2026-10-02 03:05:02] equipment_overdue: SKIPPED resident=7 request=29 (last sent 0.5h ago)
[2026-10-02 03:05:02] OK   return_reminder — sent=0 (6.3ms)
[2026-10-02 03:05:02] OK   same_day_reminder — sent=0 (1.4ms)
[2026-10-02 03:05:02] OK   unclaimed_document — sent=0 (1.1ms)
[2026-10-02 03:05:02] === RUN END — total_sent=0 failed=0 ===
[2026-10-02 03:10:02] === RUN START (2026-10-02 03:10:02) — 5 task(s) ===
[2026-10-02 03:10:02] OK   hearing_reminder — sent=0 (0.4ms)
[2026-10-02 03:10:02] OK   pickup_reminder — sent=0 (0.5ms)
[2026-10-02 03:10:02] equipment_overdue: SKIPPED resident=7 request=21 (last sent 0.6h ago)
[2026-10-02 03:10:02] equipment_overdue: SKIPPED resident=7 request=22 (last sent 0.6h ago)
[2026-10-02 03:10:02] equipment_overdue: SKIPPED resident=7 request=23 (last sent 0.6h ago)
[2026-10-02 03:10:02] equipment_overdue: SKIPPED resident=7 request=24 (last sent 0.6h ago)
[2026-10-02 03:10:02] equipment_overdue: SKIPPED resident=7 request=25 (last sent 0.6h ago)
[2026-10-02 03:10:02] equipment_overdue: SKIPPED resident=7 request=26 (last sent 0.6h ago)
[2026-10-02 03:10:02] equipment_overdue: SKIPPED resident=7 request=28 (last sent 0.6h ago)
[2026-10-02 03:10:02] equipment_overdue: SKIPPED resident=7 request=29 (last sent 0.6h ago)
[2026-10-02 03:10:02] OK   return_reminder — sent=0 (2.8ms)
[2026-10-02 03:10:02] OK   same_day_reminder — sent=0 (0.6ms)
[2026-10-02 03:10:02] OK   unclaimed_document — sent=0 (1.3ms)
[2026-10-02 03:10:02] === RUN END — total_sent=0 failed=0 ===
[2026-10-02 03:15:01] === RUN START (2026-10-02 03:15:01) — 5 task(s) ===
[2026-10-02 03:15:01] OK   hearing_reminder — sent=0 (0.4ms)
[2026-10-02 03:15:01] OK   pickup_reminder — sent=0 (0.5ms)
[2026-10-02 03:15:01] equipment_overdue: SKIPPED resident=7 request=21 (last sent 0.7h ago)
[2026-10-02 03:15:01] equipment_overdue: SKIPPED resident=7 request=22 (last sent 0.7h ago)
[2026-10-02 03:15:01] equipment_overdue: SKIPPED resident=7 request=23 (last sent 0.7h ago)
[2026-10-02 03:15:01] equipment_overdue: SKIPPED resident=7 request=24 (last sent 0.7h ago)
[2026-10-02 03:15:01] equipment_overdue: SKIPPED resident=7 request=25 (last sent 0.7h ago)
[2026-10-02 03:15:01] equipment_overdue: SKIPPED resident=7 request=26 (last sent 0.7h ago)
[2026-10-02 03:15:01] equipment_overdue: SKIPPED resident=7 request=28 (last sent 0.7h ago)
[2026-10-02 03:15:01] equipment_overdue: SKIPPED resident=7 request=29 (last sent 0.7h ago)
[2026-10-02 03:15:01] OK   return_reminder — sent=0 (2.6ms)
[2026-10-02 03:15:01] OK   same_day_reminder — sent=0 (1.1ms)
[2026-10-02 03:15:01] OK   unclaimed_document — sent=0 (0.6ms)
[2026-10-02 03:15:01] === RUN END — total_sent=0 failed=0 ===
[2026-10-02 03:20:01] === RUN START (2026-10-02 03:20:01) — 5 task(s) ===
[2026-10-02 03:20:01] OK   hearing_reminder — sent=0 (1.2ms)
[2026-10-02 03:20:01] OK   pickup_reminder — sent=0 (1.1ms)
[2026-10-02 03:20:01] equipment_overdue: SKIPPED resident=7 request=21 (last sent 0.7h ago)
[2026-10-02 03:20:01] equipment_overdue: SKIPPED resident=7 request=22 (last sent 0.7h ago)
[2026-10-02 03:20:01] equipment_overdue: SKIPPED resident=7 request=23 (last sent 0.7h ago)
[2026-10-02 03:20:01] equipment_overdue: SKIPPED resident=7 request=24 (last sent 0.7h ago)
[2026-10-02 03:20:01] equipment_overdue: SKIPPED resident=7 request=25 (last sent 0.7h ago)
[2026-10-02 03:20:01] equipment_overdue: SKIPPED resident=7 request=26 (last sent 0.7h ago)
[2026-10-02 03:20:01] equipment_overdue: SKIPPED resident=7 request=28 (last sent 0.7h ago)
[2026-10-02 03:20:01] equipment_overdue: SKIPPED resident=7 request=29 (last sent 0.7h ago)
[2026-10-02 03:20:01] OK   return_reminder — sent=0 (4.1ms)
[2026-10-02 03:20:01] OK   same_day_reminder — sent=0 (0.8ms)
[2026-10-02 03:20:01] OK   unclaimed_document — sent=0 (0.7ms)
[2026-10-02 03:20:01] === RUN END — total_sent=0 failed=0 ===
[2026-10-03 13:24:48] === RUN START (2026-10-03 13:24:48) — 5 task(s) ===
[2026-10-03 13:24:48] cronSafePushResident: resident=7 has NO subscription
[2026-10-03 13:24:48] cronSafePush: called for user=9
[2026-10-03 13:24:48] cronSafePush: user=9 has NO subscription (returned 0)
[2026-10-03 13:24:48] hearing_reminder: processed hearing_id=9 for #CMP-20261002-58FB19
[2026-10-03 13:24:48] OK   hearing_reminder — sent=1 (181.6ms)
[2026-10-03 13:24:48] OK   pickup_reminder — sent=0 (3.3ms)
[2026-10-03 13:24:49] cronSafePushResident: resident=7 has NO subscription
[2026-10-03 13:24:49] equipment_overdue: sent to resident=7 for request=21 (overdue=142)
[2026-10-03 13:24:49] cronSafePushResident: resident=7 has NO subscription
[2026-10-03 13:24:49] equipment_overdue: sent to resident=7 for request=22 (overdue=141)
[2026-10-03 13:24:49] cronSafePushResident: resident=7 has NO subscription
[2026-10-03 13:24:49] equipment_overdue: sent to resident=7 for request=23 (overdue=142)
[2026-10-03 13:24:49] cronSafePushResident: resident=7 has NO subscription
[2026-10-03 13:24:49] equipment_overdue: sent to resident=7 for request=24 (overdue=141)
[2026-10-03 13:24:49] cronSafePushResident: resident=7 has NO subscription
[2026-10-03 13:24:49] equipment_overdue: sent to resident=7 for request=25 (overdue=135)
[2026-10-03 13:24:49] cronSafePushResident: resident=7 has NO subscription
[2026-10-03 13:24:49] equipment_overdue: sent to resident=7 for request=26 (overdue=142)
[2026-10-03 13:24:49] cronSafePushResident: resident=7 has NO subscription
[2026-10-03 13:24:49] equipment_overdue: sent to resident=7 for request=28 (overdue=134)
[2026-10-03 13:24:49] cronSafePushResident: resident=7 has NO subscription
[2026-10-03 13:24:49] equipment_overdue: sent to resident=7 for request=29 (overdue=134)
[2026-10-03 13:24:49] OK   return_reminder — sent=8 (143.7ms)
[2026-10-03 13:24:49] OK   same_day_reminder — sent=0 (1ms)
[2026-10-03 13:24:49] OK   unclaimed_document — sent=0 (1.2ms)
[2026-10-03 13:24:49] === RUN END — total_sent=9 failed=0 ===
[2026-10-03 13:25:01] === RUN START (2026-10-03 13:25:01) — 5 task(s) ===
[2026-10-03 13:25:01] OK   hearing_reminder — sent=0 (0.9ms)
[2026-10-03 13:25:01] OK   pickup_reminder — sent=0 (1.2ms)
[2026-10-03 13:25:01] equipment_overdue: SKIPPED resident=7 request=21 (last sent 0h ago)
[2026-10-03 13:25:01] equipment_overdue: SKIPPED resident=7 request=22 (last sent 0h ago)
[2026-10-03 13:25:01] equipment_overdue: SKIPPED resident=7 request=23 (last sent 0h ago)
[2026-10-03 13:25:01] equipment_overdue: SKIPPED resident=7 request=24 (last sent 0h ago)
[2026-10-03 13:25:01] equipment_overdue: SKIPPED resident=7 request=25 (last sent 0h ago)
[2026-10-03 13:25:01] equipment_overdue: SKIPPED resident=7 request=26 (last sent 0h ago)
[2026-10-03 13:25:01] equipment_overdue: SKIPPED resident=7 request=28 (last sent 0h ago)
[2026-10-03 13:25:01] equipment_overdue: SKIPPED resident=7 request=29 (last sent 0h ago)
[2026-10-03 13:25:01] OK   return_reminder — sent=0 (4.4ms)
[2026-10-03 13:25:01] OK   same_day_reminder — sent=0 (1.3ms)
[2026-10-03 13:25:01] OK   unclaimed_document — sent=0 (1.1ms)
[2026-10-03 13:25:01] === RUN END — total_sent=0 failed=0 ===
[2026-10-03 13:30:01] === RUN START (2026-10-03 13:30:01) — 5 task(s) ===
[2026-10-03 13:30:01] OK   hearing_reminder — sent=0 (23.5ms)
[2026-10-03 13:30:01] OK   pickup_reminder — sent=0 (1.6ms)
[2026-10-03 13:30:01] equipment_overdue: SKIPPED resident=7 request=21 (last sent 0.1h ago)
[2026-10-03 13:30:01] equipment_overdue: SKIPPED resident=7 request=22 (last sent 0.1h ago)
[2026-10-03 13:30:01] equipment_overdue: SKIPPED resident=7 request=23 (last sent 0.1h ago)
[2026-10-03 13:30:01] equipment_overdue: SKIPPED resident=7 request=24 (last sent 0.1h ago)
[2026-10-03 13:30:01] equipment_overdue: SKIPPED resident=7 request=25 (last sent 0.1h ago)
[2026-10-03 13:30:01] equipment_overdue: SKIPPED resident=7 request=26 (last sent 0.1h ago)
[2026-10-03 13:30:01] equipment_overdue: SKIPPED resident=7 request=28 (last sent 0.1h ago)
[2026-10-03 13:30:01] equipment_overdue: SKIPPED resident=7 request=29 (last sent 0.1h ago)
[2026-10-03 13:30:01] OK   return_reminder — sent=0 (6.9ms)
[2026-10-03 13:30:01] OK   same_day_reminder — sent=0 (1.7ms)
[2026-10-03 13:30:01] OK   unclaimed_document — sent=0 (1.5ms)
[2026-10-03 13:30:01] === RUN END — total_sent=0 failed=0 ===
[2026-10-03 13:35:01] === RUN START (2026-10-03 13:35:01) — 5 task(s) ===
[2026-10-03 13:35:01] OK   hearing_reminder — sent=0 (0.8ms)
[2026-10-03 13:35:01] OK   pickup_reminder — sent=0 (0.7ms)
[2026-10-03 13:35:01] equipment_overdue: SKIPPED resident=7 request=21 (last sent 0.2h ago)
[2026-10-03 13:35:01] equipment_overdue: SKIPPED resident=7 request=22 (last sent 0.2h ago)
[2026-10-03 13:35:01] equipment_overdue: SKIPPED resident=7 request=23 (last sent 0.2h ago)
[2026-10-03 13:35:01] equipment_overdue: SKIPPED resident=7 request=24 (last sent 0.2h ago)
[2026-10-03 13:35:01] equipment_overdue: SKIPPED resident=7 request=25 (last sent 0.2h ago)
[2026-10-03 13:35:01] equipment_overdue: SKIPPED resident=7 request=26 (last sent 0.2h ago)
[2026-10-03 13:35:01] equipment_overdue: SKIPPED resident=7 request=28 (last sent 0.2h ago)
[2026-10-03 13:35:01] equipment_overdue: SKIPPED resident=7 request=29 (last sent 0.2h ago)
[2026-10-03 13:35:01] OK   return_reminder — sent=0 (4.5ms)
[2026-10-03 13:35:01] OK   same_day_reminder — sent=0 (0.8ms)
[2026-10-03 13:35:01] OK   unclaimed_document — sent=0 (0.4ms)
[2026-10-03 13:35:01] === RUN END — total_sent=0 failed=0 ===
[2026-10-03 13:40:01] === RUN START (2026-10-03 13:40:01) — 5 task(s) ===
[2026-10-03 13:40:01] OK   hearing_reminder — sent=0 (1ms)
[2026-10-03 13:40:01] OK   pickup_reminder — sent=0 (0.4ms)
[2026-10-03 13:40:01] equipment_overdue: SKIPPED resident=7 request=21 (last sent 0.3h ago)
[2026-10-03 13:40:01] equipment_overdue: SKIPPED resident=7 request=22 (last sent 0.3h ago)
[2026-10-03 13:40:01] equipment_overdue: SKIPPED resident=7 request=23 (last sent 0.3h ago)
[2026-10-03 13:40:01] equipment_overdue: SKIPPED resident=7 request=24 (last sent 0.3h ago)
[2026-10-03 13:40:01] equipment_overdue: SKIPPED resident=7 request=25 (last sent 0.3h ago)
[2026-10-03 13:40:01] equipment_overdue: SKIPPED resident=7 request=26 (last sent 0.3h ago)
[2026-10-03 13:40:01] equipment_overdue: SKIPPED resident=7 request=28 (last sent 0.3h ago)
[2026-10-03 13:40:01] equipment_overdue: SKIPPED resident=7 request=29 (last sent 0.3h ago)
[2026-10-03 13:40:01] OK   return_reminder — sent=0 (5.1ms)
[2026-10-03 13:40:01] OK   same_day_reminder — sent=0 (0.9ms)
[2026-10-03 13:40:01] OK   unclaimed_document — sent=0 (0.6ms)
[2026-10-03 13:40:01] === RUN END — total_sent=0 failed=0 ===
[2026-10-03 13:45:01] === RUN START (2026-10-03 13:45:01) — 5 task(s) ===
[2026-10-03 13:45:01] OK   hearing_reminder — sent=0 (0.8ms)
[2026-10-03 13:45:01] OK   pickup_reminder — sent=0 (0.6ms)
[2026-10-03 13:45:01] equipment_overdue: SKIPPED resident=7 request=21 (last sent 0.3h ago)
[2026-10-03 13:45:01] equipment_overdue: SKIPPED resident=7 request=22 (last sent 0.3h ago)
[2026-10-03 13:45:01] equipment_overdue: SKIPPED resident=7 request=23 (last sent 0.3h ago)
[2026-10-03 13:45:01] equipment_overdue: SKIPPED resident=7 request=24 (last sent 0.3h ago)
[2026-10-03 13:45:01] equipment_overdue: SKIPPED resident=7 request=25 (last sent 0.3h ago)
[2026-10-03 13:45:01] equipment_overdue: SKIPPED resident=7 request=26 (last sent 0.3h ago)
[2026-10-03 13:45:01] equipment_overdue: SKIPPED resident=7 request=28 (last sent 0.3h ago)
[2026-10-03 13:45:01] equipment_overdue: SKIPPED resident=7 request=29 (last sent 0.3h ago)
[2026-10-03 13:45:01] OK   return_reminder — sent=0 (3ms)
[2026-10-03 13:45:01] OK   same_day_reminder — sent=0 (0.5ms)
[2026-10-03 13:45:01] OK   unclaimed_document — sent=0 (1ms)
[2026-10-03 13:45:01] === RUN END — total_sent=0 failed=0 ===
[2026-10-03 13:50:01] === RUN START (2026-10-03 13:50:01) — 5 task(s) ===
[2026-10-03 13:50:01] OK   hearing_reminder — sent=0 (1.3ms)
[2026-10-03 13:50:01] OK   pickup_reminder — sent=0 (0.4ms)
[2026-10-03 13:50:01] equipment_overdue: SKIPPED resident=7 request=21 (last sent 0.4h ago)
[2026-10-03 13:50:01] equipment_overdue: SKIPPED resident=7 request=22 (last sent 0.4h ago)
[2026-10-03 13:50:01] equipment_overdue: SKIPPED resident=7 request=23 (last sent 0.4h ago)
[2026-10-03 13:50:01] equipment_overdue: SKIPPED resident=7 request=24 (last sent 0.4h ago)
[2026-10-03 13:50:01] equipment_overdue: SKIPPED resident=7 request=25 (last sent 0.4h ago)
[2026-10-03 13:50:01] equipment_overdue: SKIPPED resident=7 request=26 (last sent 0.4h ago)
[2026-10-03 13:50:01] equipment_overdue: SKIPPED resident=7 request=28 (last sent 0.4h ago)
[2026-10-03 13:50:01] equipment_overdue: SKIPPED resident=7 request=29 (last sent 0.4h ago)
[2026-10-03 13:50:01] OK   return_reminder — sent=0 (2.9ms)
[2026-10-03 13:50:01] OK   same_day_reminder — sent=0 (0.6ms)
[2026-10-03 13:50:01] OK   unclaimed_document — sent=0 (0.4ms)
[2026-10-03 13:50:01] === RUN END — total_sent=0 failed=0 ===
[2026-10-03 13:55:01] === RUN START (2026-10-03 13:55:01) — 5 task(s) ===
[2026-10-03 13:55:01] OK   hearing_reminder — sent=0 (1.9ms)
[2026-10-03 13:55:01] OK   pickup_reminder — sent=0 (1.8ms)
[2026-10-03 13:55:01] equipment_overdue: SKIPPED resident=7 request=21 (last sent 0.5h ago)
[2026-10-03 13:55:01] equipment_overdue: SKIPPED resident=7 request=22 (last sent 0.5h ago)
[2026-10-03 13:55:01] equipment_overdue: SKIPPED resident=7 request=23 (last sent 0.5h ago)
[2026-10-03 13:55:01] equipment_overdue: SKIPPED resident=7 request=24 (last sent 0.5h ago)
[2026-10-03 13:55:01] equipment_overdue: SKIPPED resident=7 request=25 (last sent 0.5h ago)
[2026-10-03 13:55:01] equipment_overdue: SKIPPED resident=7 request=26 (last sent 0.5h ago)
[2026-10-03 13:55:01] equipment_overdue: SKIPPED resident=7 request=28 (last sent 0.5h ago)
[2026-10-03 13:55:01] equipment_overdue: SKIPPED resident=7 request=29 (last sent 0.5h ago)
[2026-10-03 13:55:01] OK   return_reminder — sent=0 (3.4ms)
[2026-10-03 13:55:01] OK   same_day_reminder — sent=0 (1.3ms)
[2026-10-03 13:55:01] OK   unclaimed_document — sent=0 (1.1ms)
[2026-10-03 13:55:01] === RUN END — total_sent=0 failed=0 ===
[2026-10-03 14:00:01] === RUN START (2026-10-03 14:00:01) — 5 task(s) ===
[2026-10-03 14:00:01] OK   hearing_reminder — sent=0 (1.1ms)
[2026-10-03 14:00:01] OK   pickup_reminder — sent=0 (0.8ms)
[2026-10-03 14:00:01] equipment_overdue: SKIPPED resident=7 request=21 (last sent 0.6h ago)
[2026-10-03 14:00:01] equipment_overdue: SKIPPED resident=7 request=22 (last sent 0.6h ago)
[2026-10-03 14:00:01] equipment_overdue: SKIPPED resident=7 request=23 (last sent 0.6h ago)
[2026-10-03 14:00:01] equipment_overdue: SKIPPED resident=7 request=24 (last sent 0.6h ago)
[2026-10-03 14:00:01] equipment_overdue: SKIPPED resident=7 request=25 (last sent 0.6h ago)
[2026-10-03 14:00:01] equipment_overdue: SKIPPED resident=7 request=26 (last sent 0.6h ago)
[2026-10-03 14:00:01] equipment_overdue: SKIPPED resident=7 request=28 (last sent 0.6h ago)
[2026-10-03 14:00:01] equipment_overdue: SKIPPED resident=7 request=29 (last sent 0.6h ago)
[2026-10-03 14:00:01] OK   return_reminder — sent=0 (4.2ms)
[2026-10-03 14:00:01] OK   same_day_reminder — sent=0 (1.3ms)
[2026-10-03 14:00:01] OK   unclaimed_document — sent=0 (1.3ms)
[2026-10-03 14:00:01] === RUN END — total_sent=0 failed=0 ===
[2026-10-03 14:05:01] === RUN START (2026-10-03 14:05:01) — 5 task(s) ===
[2026-10-03 14:05:01] OK   hearing_reminder — sent=0 (0.8ms)
[2026-10-03 14:05:01] OK   pickup_reminder — sent=0 (0.6ms)
[2026-10-03 14:05:01] equipment_overdue: SKIPPED resident=7 request=21 (last sent 0.7h ago)
[2026-10-03 14:05:01] equipment_overdue: SKIPPED resident=7 request=22 (last sent 0.7h ago)
[2026-10-03 14:05:01] equipment_overdue: SKIPPED resident=7 request=23 (last sent 0.7h ago)
[2026-10-03 14:05:01] equipment_overdue: SKIPPED resident=7 request=24 (last sent 0.7h ago)
[2026-10-03 14:05:01] equipment_overdue: SKIPPED resident=7 request=25 (last sent 0.7h ago)
[2026-10-03 14:05:01] equipment_overdue: SKIPPED resident=7 request=26 (last sent 0.7h ago)
[2026-10-03 14:05:01] equipment_overdue: SKIPPED resident=7 request=28 (last sent 0.7h ago)
[2026-10-03 14:05:01] equipment_overdue: SKIPPED resident=7 request=29 (last sent 0.7h ago)
[2026-10-03 14:05:01] OK   return_reminder — sent=0 (35.2ms)
[2026-10-03 14:05:01] OK   same_day_reminder — sent=0 (1.6ms)
[2026-10-03 14:05:01] OK   unclaimed_document — sent=0 (1.4ms)
[2026-10-03 14:05:01] === RUN END — total_sent=0 failed=0 ===
[2026-10-03 14:15:01] === RUN START (2026-10-03 14:15:01) — 5 task(s) ===
[2026-10-03 14:15:01] OK   hearing_reminder — sent=0 (35.1ms)
[2026-10-03 14:15:01] OK   pickup_reminder — sent=0 (7.6ms)
[2026-10-03 14:15:01] equipment_overdue: SKIPPED resident=7 request=21 (last sent 0.8h ago)
[2026-10-03 14:15:01] equipment_overdue: SKIPPED resident=7 request=22 (last sent 0.8h ago)
[2026-10-03 14:15:01] equipment_overdue: SKIPPED resident=7 request=23 (last sent 0.8h ago)
[2026-10-03 14:15:01] equipment_overdue: SKIPPED resident=7 request=24 (last sent 0.8h ago)
[2026-10-03 14:15:01] equipment_overdue: SKIPPED resident=7 request=25 (last sent 0.8h ago)
[2026-10-03 14:15:01] equipment_overdue: SKIPPED resident=7 request=26 (last sent 0.8h ago)
[2026-10-03 14:15:01] equipment_overdue: SKIPPED resident=7 request=28 (last sent 0.8h ago)
[2026-10-03 14:15:01] equipment_overdue: SKIPPED resident=7 request=29 (last sent 0.8h ago)
[2026-10-03 14:15:01] OK   return_reminder — sent=0 (11.6ms)
[2026-10-03 14:15:01] OK   same_day_reminder — sent=0 (1.3ms)
[2026-10-03 14:15:01] OK   unclaimed_document — sent=0 (0.9ms)
[2026-10-03 14:15:01] === RUN END — total_sent=0 failed=0 ===
[2026-10-03 14:20:01] === RUN START (2026-10-03 14:20:01) — 5 task(s) ===
[2026-10-03 14:20:01] OK   hearing_reminder — sent=0 (35.3ms)
[2026-10-03 14:20:01] OK   pickup_reminder — sent=0 (7.3ms)
[2026-10-03 14:20:01] equipment_overdue: SKIPPED resident=7 request=21 (last sent 0.9h ago)
[2026-10-03 14:20:01] equipment_overdue: SKIPPED resident=7 request=22 (last sent 0.9h ago)
[2026-10-03 14:20:01] equipment_overdue: SKIPPED resident=7 request=23 (last sent 0.9h ago)
[2026-10-03 14:20:01] equipment_overdue: SKIPPED resident=7 request=24 (last sent 0.9h ago)
[2026-10-03 14:20:01] equipment_overdue: SKIPPED resident=7 request=25 (last sent 0.9h ago)
[2026-10-03 14:20:01] equipment_overdue: SKIPPED resident=7 request=26 (last sent 0.9h ago)
[2026-10-03 14:20:01] equipment_overdue: SKIPPED resident=7 request=28 (last sent 0.9h ago)
[2026-10-03 14:20:01] equipment_overdue: SKIPPED resident=7 request=29 (last sent 0.9h ago)
[2026-10-03 14:20:01] OK   return_reminder — sent=0 (17.9ms)
[2026-10-03 14:20:01] OK   same_day_reminder — sent=0 (1.5ms)
[2026-10-03 14:20:01] OK   unclaimed_document — sent=0 (2.6ms)
[2026-10-03 14:20:01] === RUN END — total_sent=0 failed=0 ===
[2026-10-03 14:25:01] === RUN START (2026-10-03 14:25:01) — 5 task(s) ===
[2026-10-03 14:25:01] OK   hearing_reminder — sent=0 (5ms)
[2026-10-03 14:25:01] OK   pickup_reminder — sent=0 (0.6ms)
[2026-10-03 14:25:01] equipment_overdue: SKIPPED resident=7 request=21 (last sent 1h ago)
[2026-10-03 14:25:01] equipment_overdue: SKIPPED resident=7 request=22 (last sent 1h ago)
[2026-10-03 14:25:01] equipment_overdue: SKIPPED resident=7 request=23 (last sent 1h ago)
[2026-10-03 14:25:01] equipment_overdue: SKIPPED resident=7 request=24 (last sent 1h ago)
[2026-10-03 14:25:01] equipment_overdue: SKIPPED resident=7 request=25 (last sent 1h ago)
[2026-10-03 14:25:01] equipment_overdue: SKIPPED resident=7 request=26 (last sent 1h ago)
[2026-10-03 14:25:01] equipment_overdue: SKIPPED resident=7 request=28 (last sent 1h ago)
[2026-10-03 14:25:01] equipment_overdue: SKIPPED resident=7 request=29 (last sent 1h ago)
[2026-10-03 14:25:01] OK   return_reminder — sent=0 (30.7ms)
[2026-10-03 14:25:01] OK   same_day_reminder — sent=0 (5.5ms)
[2026-10-03 14:25:01] OK   unclaimed_document — sent=0 (4ms)
[2026-10-03 14:25:01] === RUN END — total_sent=0 failed=0 ===
[2026-10-03 14:30:04] === RUN START (2026-10-03 14:30:04) — 5 task(s) ===
[2026-10-03 14:30:04] OK   hearing_reminder — sent=0 (2.7ms)
[2026-10-03 14:30:04] OK   pickup_reminder — sent=0 (1.3ms)
[2026-10-03 14:30:04] equipment_overdue: SKIPPED resident=7 request=21 (last sent 1.1h ago)
[2026-10-03 14:30:04] equipment_overdue: SKIPPED resident=7 request=22 (last sent 1.1h ago)
[2026-10-03 14:30:04] equipment_overdue: SKIPPED resident=7 request=23 (last sent 1.1h ago)
[2026-10-03 14:30:04] equipment_overdue: SKIPPED resident=7 request=24 (last sent 1.1h ago)
[2026-10-03 14:30:04] equipment_overdue: SKIPPED resident=7 request=25 (last sent 1.1h ago)
[2026-10-03 14:30:04] equipment_overdue: SKIPPED resident=7 request=26 (last sent 1.1h ago)
[2026-10-03 14:30:04] equipment_overdue: SKIPPED resident=7 request=28 (last sent 1.1h ago)
[2026-10-03 14:30:04] equipment_overdue: SKIPPED resident=7 request=29 (last sent 1.1h ago)
[2026-10-03 14:30:04] OK   return_reminder — sent=0 (11.9ms)
[2026-10-03 14:30:04] OK   same_day_reminder — sent=0 (1.4ms)
[2026-10-03 14:30:04] OK   unclaimed_document — sent=0 (1.3ms)
[2026-10-03 14:30:04] === RUN END — total_sent=0 failed=0 ===
[2026-10-03 14:35:01] === RUN START (2026-10-03 14:35:01) — 5 task(s) ===
[2026-10-03 14:35:01] OK   hearing_reminder — sent=0 (3.5ms)
[2026-10-03 14:35:01] OK   pickup_reminder — sent=0 (0.6ms)
[2026-10-03 14:35:01] equipment_overdue: SKIPPED resident=7 request=21 (last sent 1.2h ago)
[2026-10-03 14:35:01] equipment_overdue: SKIPPED resident=7 request=22 (last sent 1.2h ago)
[2026-10-03 14:35:01] equipment_overdue: SKIPPED resident=7 request=23 (last sent 1.2h ago)
[2026-10-03 14:35:01] equipment_overdue: SKIPPED resident=7 request=24 (last sent 1.2h ago)
[2026-10-03 14:35:01] equipment_overdue: SKIPPED resident=7 request=25 (last sent 1.2h ago)
[2026-10-03 14:35:01] equipment_overdue: SKIPPED resident=7 request=26 (last sent 1.2h ago)
[2026-10-03 14:35:01] equipment_overdue: SKIPPED resident=7 request=28 (last sent 1.2h ago)
[2026-10-03 14:35:01] equipment_overdue: SKIPPED resident=7 request=29 (last sent 1.2h ago)
[2026-10-03 14:35:01] OK   return_reminder — sent=0 (3.7ms)
[2026-10-03 14:35:01] OK   same_day_reminder — sent=0 (0.9ms)
[2026-10-03 14:35:01] OK   unclaimed_document — sent=0 (0.7ms)
[2026-10-03 14:35:01] === RUN END — total_sent=0 failed=0 ===
[2026-10-03 14:40:01] === RUN START (2026-10-03 14:40:01) — 5 task(s) ===
[2026-10-03 14:40:01] OK   hearing_reminder — sent=0 (1.9ms)
[2026-10-03 14:40:01] OK   pickup_reminder — sent=0 (0.7ms)
[2026-10-03 14:40:01] equipment_overdue: SKIPPED resident=7 request=21 (last sent 1.3h ago)
[2026-10-03 14:40:01] equipment_overdue: SKIPPED resident=7 request=22 (last sent 1.3h ago)
[2026-10-03 14:40:01] equipment_overdue: SKIPPED resident=7 request=23 (last sent 1.3h ago)
[2026-10-03 14:40:01] equipment_overdue: SKIPPED resident=7 request=24 (last sent 1.3h ago)
[2026-10-03 14:40:01] equipment_overdue: SKIPPED resident=7 request=25 (last sent 1.3h ago)
[2026-10-03 14:40:01] equipment_overdue: SKIPPED resident=7 request=26 (last sent 1.3h ago)
[2026-10-03 14:40:01] equipment_overdue: SKIPPED resident=7 request=28 (last sent 1.3h ago)
[2026-10-03 14:40:01] equipment_overdue: SKIPPED resident=7 request=29 (last sent 1.3h ago)
[2026-10-03 14:40:01] OK   return_reminder — sent=0 (6.2ms)
[2026-10-03 14:40:01] OK   same_day_reminder — sent=0 (0.7ms)
[2026-10-03 14:40:01] OK   unclaimed_document — sent=0 (1.2ms)
[2026-10-03 14:40:01] === RUN END — total_sent=0 failed=0 ===
[2026-10-04 20:15:01] === RUN START (2026-10-04 20:15:01) — 5 task(s) ===
[2026-10-04 20:15:02] OK   hearing_reminder — sent=0 (1.6ms)
[2026-10-04 20:15:02] OK   pickup_reminder — sent=0 (3ms)
[2026-10-04 20:15:02] cronSafePushResident: resident=7 has NO subscription
[2026-10-04 20:15:02] equipment_overdue: sent to resident=7 for request=21 (overdue=143)
[2026-10-04 20:15:02] cronSafePushResident: resident=7 has NO subscription
[2026-10-04 20:15:02] equipment_overdue: sent to resident=7 for request=22 (overdue=142)
[2026-10-04 20:15:02] cronSafePushResident: resident=7 has NO subscription
[2026-10-04 20:15:02] equipment_overdue: sent to resident=7 for request=23 (overdue=143)
[2026-10-04 20:15:02] cronSafePushResident: resident=7 has NO subscription
[2026-10-04 20:15:02] equipment_overdue: sent to resident=7 for request=24 (overdue=142)
[2026-10-04 20:15:02] cronSafePushResident: resident=7 has NO subscription
[2026-10-04 20:15:02] equipment_overdue: sent to resident=7 for request=25 (overdue=136)
[2026-10-04 20:15:02] cronSafePushResident: resident=7 has NO subscription
[2026-10-04 20:15:02] equipment_overdue: sent to resident=7 for request=26 (overdue=143)
[2026-10-04 20:15:02] cronSafePushResident: resident=7 has NO subscription
[2026-10-04 20:15:02] equipment_overdue: sent to resident=7 for request=28 (overdue=135)
[2026-10-04 20:15:02] cronSafePushResident: resident=7 has NO subscription
[2026-10-04 20:15:02] equipment_overdue: sent to resident=7 for request=29 (overdue=135)
[2026-10-04 20:15:02] OK   return_reminder — sent=8 (57.8ms)
[2026-10-04 20:15:02] OK   same_day_reminder — sent=0 (1.4ms)
[2026-10-04 20:15:02] OK   unclaimed_document — sent=0 (2.4ms)
[2026-10-04 20:15:02] === RUN END — total_sent=8 failed=0 ===
[2026-10-04 20:20:01] === RUN START (2026-10-04 20:20:01) — 5 task(s) ===
[2026-10-04 20:20:01] OK   hearing_reminder — sent=0 (0.6ms)
[2026-10-04 20:20:01] OK   pickup_reminder — sent=0 (1.4ms)
[2026-10-04 20:20:01] equipment_overdue: SKIPPED resident=7 request=21 (last sent 0.1h ago)
[2026-10-04 20:20:01] equipment_overdue: SKIPPED resident=7 request=22 (last sent 0.1h ago)
[2026-10-04 20:20:01] equipment_overdue: SKIPPED resident=7 request=23 (last sent 0.1h ago)
[2026-10-04 20:20:01] equipment_overdue: SKIPPED resident=7 request=24 (last sent 0.1h ago)
[2026-10-04 20:20:01] equipment_overdue: SKIPPED resident=7 request=25 (last sent 0.1h ago)
[2026-10-04 20:20:01] equipment_overdue: SKIPPED resident=7 request=26 (last sent 0.1h ago)
[2026-10-04 20:20:01] equipment_overdue: SKIPPED resident=7 request=28 (last sent 0.1h ago)
[2026-10-04 20:20:01] equipment_overdue: SKIPPED resident=7 request=29 (last sent 0.1h ago)
[2026-10-04 20:20:01] OK   return_reminder — sent=0 (5.2ms)
[2026-10-04 20:20:01] OK   same_day_reminder — sent=0 (1ms)
[2026-10-04 20:20:01] OK   unclaimed_document — sent=0 (0.9ms)
[2026-10-04 20:20:01] === RUN END — total_sent=0 failed=0 ===
[2026-10-04 20:25:02] === RUN START (2026-10-04 20:25:02) — 5 task(s) ===
[2026-10-04 20:25:02] OK   hearing_reminder — sent=0 (0.4ms)
[2026-10-04 20:25:02] OK   pickup_reminder — sent=0 (0.6ms)
[2026-10-04 20:25:02] equipment_overdue: SKIPPED resident=7 request=21 (last sent 0.2h ago)
[2026-10-04 20:25:02] equipment_overdue: SKIPPED resident=7 request=22 (last sent 0.2h ago)
[2026-10-04 20:25:02] equipment_overdue: SKIPPED resident=7 request=23 (last sent 0.2h ago)
[2026-10-04 20:25:02] equipment_overdue: SKIPPED resident=7 request=24 (last sent 0.2h ago)
[2026-10-04 20:25:02] equipment_overdue: SKIPPED resident=7 request=25 (last sent 0.2h ago)
[2026-10-04 20:25:02] equipment_overdue: SKIPPED resident=7 request=26 (last sent 0.2h ago)
[2026-10-04 20:25:02] equipment_overdue: SKIPPED resident=7 request=28 (last sent 0.2h ago)
[2026-10-04 20:25:02] equipment_overdue: SKIPPED resident=7 request=29 (last sent 0.2h ago)
[2026-10-04 20:25:02] OK   return_reminder — sent=0 (5ms)
[2026-10-04 20:25:02] OK   same_day_reminder — sent=0 (1.9ms)
[2026-10-04 20:25:02] OK   unclaimed_document — sent=0 (1.9ms)
[2026-10-04 20:25:02] === RUN END — total_sent=0 failed=0 ===
[2026-10-04 20:30:01] === RUN START (2026-10-04 20:30:01) — 5 task(s) ===
[2026-10-04 20:30:01] OK   hearing_reminder — sent=0 (0.8ms)
[2026-10-04 20:30:01] OK   pickup_reminder — sent=0 (0.4ms)
[2026-10-04 20:30:01] equipment_overdue: SKIPPED resident=7 request=21 (last sent 0.2h ago)
[2026-10-04 20:30:01] equipment_overdue: SKIPPED resident=7 request=22 (last sent 0.2h ago)
[2026-10-04 20:30:01] equipment_overdue: SKIPPED resident=7 request=23 (last sent 0.2h ago)
[2026-10-04 20:30:01] equipment_overdue: SKIPPED resident=7 request=24 (last sent 0.2h ago)
[2026-10-04 20:30:01] equipment_overdue: SKIPPED resident=7 request=25 (last sent 0.2h ago)
[2026-10-04 20:30:01] equipment_overdue: SKIPPED resident=7 request=26 (last sent 0.2h ago)
[2026-10-04 20:30:01] equipment_overdue: SKIPPED resident=7 request=28 (last sent 0.2h ago)
[2026-10-04 20:30:01] equipment_overdue: SKIPPED resident=7 request=29 (last sent 0.2h ago)
[2026-10-04 20:30:01] OK   return_reminder — sent=0 (4ms)
[2026-10-04 20:30:01] OK   same_day_reminder — sent=0 (0.4ms)
[2026-10-04 20:30:01] OK   unclaimed_document — sent=0 (0.5ms)
[2026-10-04 20:30:01] === RUN END — total_sent=0 failed=0 ===
[2026-10-04 20:35:01] === RUN START (2026-10-04 20:35:01) — 5 task(s) ===
[2026-10-04 20:35:01] OK   hearing_reminder — sent=0 (1.2ms)
[2026-10-04 20:35:01] OK   pickup_reminder — sent=0 (21.5ms)
[2026-10-04 20:35:01] equipment_overdue: SKIPPED resident=7 request=21 (last sent 0.3h ago)
[2026-10-04 20:35:01] equipment_overdue: SKIPPED resident=7 request=22 (last sent 0.3h ago)
[2026-10-04 20:35:01] equipment_overdue: SKIPPED resident=7 request=23 (last sent 0.3h ago)
[2026-10-04 20:35:01] equipment_overdue: SKIPPED resident=7 request=24 (last sent 0.3h ago)
[2026-10-04 20:35:01] equipment_overdue: SKIPPED resident=7 request=25 (last sent 0.3h ago)
[2026-10-04 20:35:01] equipment_overdue: SKIPPED resident=7 request=26 (last sent 0.3h ago)
[2026-10-04 20:35:01] equipment_overdue: SKIPPED resident=7 request=28 (last sent 0.3h ago)
[2026-10-04 20:35:01] equipment_overdue: SKIPPED resident=7 request=29 (last sent 0.3h ago)
[2026-10-04 20:35:01] OK   return_reminder — sent=0 (21.3ms)
[2026-10-04 20:35:02] OK   same_day_reminder — sent=0 (7.9ms)
[2026-10-04 20:35:02] OK   unclaimed_document — sent=0 (11.1ms)
[2026-10-04 20:35:02] === RUN END — total_sent=0 failed=0 ===
[2026-10-04 20:40:01] === RUN START (2026-10-04 20:40:01) — 5 task(s) ===
[2026-10-04 20:40:01] OK   hearing_reminder — sent=0 (0.9ms)
[2026-10-04 20:40:01] OK   pickup_reminder — sent=0 (0.8ms)
[2026-10-04 20:40:01] equipment_overdue: SKIPPED resident=7 request=21 (last sent 0.4h ago)
[2026-10-04 20:40:01] equipment_overdue: SKIPPED resident=7 request=22 (last sent 0.4h ago)
[2026-10-04 20:40:01] equipment_overdue: SKIPPED resident=7 request=23 (last sent 0.4h ago)
[2026-10-04 20:40:01] equipment_overdue: SKIPPED resident=7 request=24 (last sent 0.4h ago)
[2026-10-04 20:40:01] equipment_overdue: SKIPPED resident=7 request=25 (last sent 0.4h ago)
[2026-10-04 20:40:01] equipment_overdue: SKIPPED resident=7 request=26 (last sent 0.4h ago)
[2026-10-04 20:40:01] equipment_overdue: SKIPPED resident=7 request=28 (last sent 0.4h ago)
[2026-10-04 20:40:01] equipment_overdue: SKIPPED resident=7 request=29 (last sent 0.4h ago)
[2026-10-04 20:40:01] OK   return_reminder — sent=0 (5.8ms)
[2026-10-04 20:40:01] OK   same_day_reminder — sent=0 (1.1ms)
[2026-10-04 20:40:01] OK   unclaimed_document — sent=0 (1ms)
[2026-10-04 20:40:01] === RUN END — total_sent=0 failed=0 ===
[2026-10-04 20:45:01] === RUN START (2026-10-04 20:45:01) — 5 task(s) ===
[2026-10-04 20:45:01] OK   hearing_reminder — sent=0 (0.6ms)
[2026-10-04 20:45:01] OK   pickup_reminder — sent=0 (1.5ms)
[2026-10-04 20:45:01] equipment_overdue: SKIPPED resident=7 request=21 (last sent 0.5h ago)
[2026-10-04 20:45:01] equipment_overdue: SKIPPED resident=7 request=22 (last sent 0.5h ago)
[2026-10-04 20:45:01] equipment_overdue: SKIPPED resident=7 request=23 (last sent 0.5h ago)
[2026-10-04 20:45:01] equipment_overdue: SKIPPED resident=7 request=24 (last sent 0.5h ago)
[2026-10-04 20:45:01] equipment_overdue: SKIPPED resident=7 request=25 (last sent 0.5h ago)
[2026-10-04 20:45:01] equipment_overdue: SKIPPED resident=7 request=26 (last sent 0.5h ago)
[2026-10-04 20:45:01] equipment_overdue: SKIPPED resident=7 request=28 (last sent 0.5h ago)
[2026-10-04 20:45:01] equipment_overdue: SKIPPED resident=7 request=29 (last sent 0.5h ago)
[2026-10-04 20:45:01] OK   return_reminder — sent=0 (9.3ms)
[2026-10-04 20:45:01] OK   same_day_reminder — sent=0 (1.2ms)
[2026-10-04 20:45:01] OK   unclaimed_document — sent=0 (1.4ms)
[2026-10-04 20:45:01] === RUN END — total_sent=0 failed=0 ===
[2026-10-04 20:50:01] === RUN START (2026-10-04 20:50:01) — 5 task(s) ===
[2026-10-04 20:50:01] OK   hearing_reminder — sent=0 (0.7ms)
[2026-10-04 20:50:02] OK   pickup_reminder — sent=0 (1.5ms)
[2026-10-04 20:50:02] equipment_overdue: SKIPPED resident=7 request=21 (last sent 0.6h ago)
[2026-10-04 20:50:02] equipment_overdue: SKIPPED resident=7 request=22 (last sent 0.6h ago)
[2026-10-04 20:50:02] equipment_overdue: SKIPPED resident=7 request=23 (last sent 0.6h ago)
[2026-10-04 20:50:02] equipment_overdue: SKIPPED resident=7 request=24 (last sent 0.6h ago)
[2026-10-04 20:50:02] equipment_overdue: SKIPPED resident=7 request=25 (last sent 0.6h ago)
[2026-10-04 20:50:02] equipment_overdue: SKIPPED resident=7 request=26 (last sent 0.6h ago)
[2026-10-04 20:50:02] equipment_overdue: SKIPPED resident=7 request=28 (last sent 0.6h ago)
[2026-10-04 20:50:02] equipment_overdue: SKIPPED resident=7 request=29 (last sent 0.6h ago)
[2026-10-04 20:50:02] OK   return_reminder — sent=0 (8.9ms)
[2026-10-04 20:50:02] OK   same_day_reminder — sent=0 (1.7ms)
[2026-10-04 20:50:02] OK   unclaimed_document — sent=0 (1.3ms)
[2026-10-04 20:50:02] === RUN END — total_sent=0 failed=0 ===
[2026-10-04 20:55:01] === RUN START (2026-10-04 20:55:01) — 5 task(s) ===
[2026-10-04 20:55:01] OK   hearing_reminder — sent=0 (0.7ms)
[2026-10-04 20:55:01] OK   pickup_reminder — sent=0 (0.9ms)
[2026-10-04 20:55:01] equipment_overdue: SKIPPED resident=7 request=21 (last sent 0.7h ago)
[2026-10-04 20:55:01] equipment_overdue: SKIPPED resident=7 request=22 (last sent 0.7h ago)
[2026-10-04 20:55:01] equipment_overdue: SKIPPED resident=7 request=23 (last sent 0.7h ago)
[2026-10-04 20:55:01] equipment_overdue: SKIPPED resident=7 request=24 (last sent 0.7h ago)
[2026-10-04 20:55:01] equipment_overdue: SKIPPED resident=7 request=25 (last sent 0.7h ago)
[2026-10-04 20:55:01] equipment_overdue: SKIPPED resident=7 request=26 (last sent 0.7h ago)
[2026-10-04 20:55:01] equipment_overdue: SKIPPED resident=7 request=28 (last sent 0.7h ago)
[2026-10-04 20:55:01] equipment_overdue: SKIPPED resident=7 request=29 (last sent 0.7h ago)
[2026-10-04 20:55:01] OK   return_reminder — sent=0 (4.4ms)
[2026-10-04 20:55:01] OK   same_day_reminder — sent=0 (1.6ms)
[2026-10-04 20:55:01] OK   unclaimed_document — sent=0 (1.2ms)
[2026-10-04 20:55:01] === RUN END — total_sent=0 failed=0 ===
[2026-10-04 21:00:01] === RUN START (2026-10-04 21:00:01) — 5 task(s) ===
[2026-10-04 21:00:02] OK   hearing_reminder — sent=0 (0.8ms)
[2026-10-04 21:00:02] OK   pickup_reminder — sent=0 (1.6ms)
[2026-10-04 21:00:02] equipment_overdue: SKIPPED resident=7 request=21 (last sent 0.8h ago)
[2026-10-04 21:00:02] equipment_overdue: SKIPPED resident=7 request=22 (last sent 0.8h ago)
[2026-10-04 21:00:02] equipment_overdue: SKIPPED resident=7 request=23 (last sent 0.8h ago)
[2026-10-04 21:00:02] equipment_overdue: SKIPPED resident=7 request=24 (last sent 0.8h ago)
[2026-10-04 21:00:02] equipment_overdue: SKIPPED resident=7 request=25 (last sent 0.8h ago)
[2026-10-04 21:00:02] equipment_overdue: SKIPPED resident=7 request=26 (last sent 0.8h ago)
[2026-10-04 21:00:02] equipment_overdue: SKIPPED resident=7 request=28 (last sent 0.8h ago)
[2026-10-04 21:00:02] equipment_overdue: SKIPPED resident=7 request=29 (last sent 0.8h ago)
[2026-10-04 21:00:02] OK   return_reminder — sent=0 (8.6ms)
[2026-10-04 21:00:02] OK   same_day_reminder — sent=0 (1.4ms)
[2026-10-04 21:00:02] OK   unclaimed_document — sent=0 (1.1ms)
[2026-10-04 21:00:02] === RUN END — total_sent=0 failed=0 ===
[2026-10-04 21:05:02] === RUN START (2026-10-04 21:05:02) — 5 task(s) ===
[2026-10-04 21:05:02] OK   hearing_reminder — sent=0 (0.8ms)
[2026-10-04 21:05:02] OK   pickup_reminder — sent=0 (0.6ms)
[2026-10-04 21:05:02] equipment_overdue: SKIPPED resident=7 request=21 (last sent 0.8h ago)
[2026-10-04 21:05:02] equipment_overdue: SKIPPED resident=7 request=22 (last sent 0.8h ago)
[2026-10-04 21:05:02] equipment_overdue: SKIPPED resident=7 request=23 (last sent 0.8h ago)
[2026-10-04 21:05:02] equipment_overdue: SKIPPED resident=7 request=24 (last sent 0.8h ago)
[2026-10-04 21:05:02] equipment_overdue: SKIPPED resident=7 request=25 (last sent 0.8h ago)
[2026-10-04 21:05:02] equipment_overdue: SKIPPED resident=7 request=26 (last sent 0.8h ago)
[2026-10-04 21:05:02] equipment_overdue: SKIPPED resident=7 request=28 (last sent 0.8h ago)
[2026-10-04 21:05:02] equipment_overdue: SKIPPED resident=7 request=29 (last sent 0.8h ago)
[2026-10-04 21:05:02] OK   return_reminder — sent=0 (3.4ms)
[2026-10-04 21:05:02] OK   same_day_reminder — sent=0 (0.6ms)
[2026-10-04 21:05:02] OK   unclaimed_document — sent=0 (0.3ms)
[2026-10-04 21:05:02] === RUN END — total_sent=0 failed=0 ===
[2026-10-04 21:10:01] === RUN START (2026-10-04 21:10:01) — 5 task(s) ===
[2026-10-04 21:10:01] OK   hearing_reminder — sent=0 (1.4ms)
[2026-10-04 21:10:01] OK   pickup_reminder — sent=0 (1.2ms)
[2026-10-04 21:10:01] equipment_overdue: SKIPPED resident=7 request=21 (last sent 0.9h ago)
[2026-10-04 21:10:01] equipment_overdue: SKIPPED resident=7 request=22 (last sent 0.9h ago)
[2026-10-04 21:10:01] equipment_overdue: SKIPPED resident=7 request=23 (last sent 0.9h ago)
[2026-10-04 21:10:01] equipment_overdue: SKIPPED resident=7 request=24 (last sent 0.9h ago)
[2026-10-04 21:10:01] equipment_overdue: SKIPPED resident=7 request=25 (last sent 0.9h ago)
[2026-10-04 21:10:01] equipment_overdue: SKIPPED resident=7 request=26 (last sent 0.9h ago)
[2026-10-04 21:10:01] equipment_overdue: SKIPPED resident=7 request=28 (last sent 0.9h ago)
[2026-10-04 21:10:01] equipment_overdue: SKIPPED resident=7 request=29 (last sent 0.9h ago)
[2026-10-04 21:10:01] OK   return_reminder — sent=0 (6.1ms)
[2026-10-04 21:10:01] OK   same_day_reminder — sent=0 (1ms)
[2026-10-04 21:10:01] OK   unclaimed_document — sent=0 (0.9ms)
[2026-10-04 21:10:01] === RUN END — total_sent=0 failed=0 ===
[2026-10-04 21:15:01] === RUN START (2026-10-04 21:15:01) — 5 task(s) ===
[2026-10-04 21:15:01] OK   hearing_reminder — sent=0 (0.4ms)
[2026-10-04 21:15:01] OK   pickup_reminder — sent=0 (0.9ms)
[2026-10-04 21:15:01] equipment_overdue: SKIPPED resident=7 request=21 (last sent 1h ago)
[2026-10-04 21:15:01] equipment_overdue: SKIPPED resident=7 request=22 (last sent 1h ago)
[2026-10-04 21:15:01] equipment_overdue: SKIPPED resident=7 request=23 (last sent 1h ago)
[2026-10-04 21:15:01] equipment_overdue: SKIPPED resident=7 request=24 (last sent 1h ago)
[2026-10-04 21:15:01] equipment_overdue: SKIPPED resident=7 request=25 (last sent 1h ago)
[2026-10-04 21:15:01] equipment_overdue: SKIPPED resident=7 request=26 (last sent 1h ago)
[2026-10-04 21:15:01] equipment_overdue: SKIPPED resident=7 request=28 (last sent 1h ago)
[2026-10-04 21:15:01] equipment_overdue: SKIPPED resident=7 request=29 (last sent 1h ago)
[2026-10-04 21:15:01] OK   return_reminder — sent=0 (3.7ms)
[2026-10-04 21:15:01] OK   same_day_reminder — sent=0 (1ms)
[2026-10-04 21:15:01] OK   unclaimed_document — sent=0 (0.8ms)
[2026-10-04 21:15:01] === RUN END — total_sent=0 failed=0 ===
[2026-10-04 21:20:01] === RUN START (2026-10-04 21:20:01) — 5 task(s) ===
[2026-10-04 21:20:01] OK   hearing_reminder — sent=0 (0.5ms)
[2026-10-04 21:20:01] OK   pickup_reminder — sent=0 (2.5ms)
[2026-10-04 21:20:01] equipment_overdue: SKIPPED resident=7 request=21 (last sent 1.1h ago)
[2026-10-04 21:20:01] equipment_overdue: SKIPPED resident=7 request=22 (last sent 1.1h ago)
[2026-10-04 21:20:01] equipment_overdue: SKIPPED resident=7 request=23 (last sent 1.1h ago)
[2026-10-04 21:20:01] equipment_overdue: SKIPPED resident=7 request=24 (last sent 1.1h ago)
[2026-10-04 21:20:01] equipment_overdue: SKIPPED resident=7 request=25 (last sent 1.1h ago)
[2026-10-04 21:20:01] equipment_overdue: SKIPPED resident=7 request=26 (last sent 1.1h ago)
[2026-10-04 21:20:01] equipment_overdue: SKIPPED resident=7 request=28 (last sent 1.1h ago)
[2026-10-04 21:20:01] equipment_overdue: SKIPPED resident=7 request=29 (last sent 1.1h ago)
[2026-10-04 21:20:01] OK   return_reminder — sent=0 (6.4ms)
[2026-10-04 21:20:01] OK   same_day_reminder — sent=0 (1.1ms)
[2026-10-04 21:20:01] OK   unclaimed_document — sent=0 (0.8ms)
[2026-10-04 21:20:01] === RUN END — total_sent=0 failed=0 ===
[2026-10-04 21:25:01] === RUN START (2026-10-04 21:25:01) — 5 task(s) ===
[2026-10-04 21:25:01] OK   hearing_reminder — sent=0 (0.6ms)
[2026-10-04 21:25:01] OK   pickup_reminder — sent=0 (0.4ms)
[2026-10-04 21:25:01] equipment_overdue: SKIPPED resident=7 request=21 (last sent 1.2h ago)
[2026-10-04 21:25:01] equipment_overdue: SKIPPED resident=7 request=22 (last sent 1.2h ago)
[2026-10-04 21:25:01] equipment_overdue: SKIPPED resident=7 request=23 (last sent 1.2h ago)
[2026-10-04 21:25:01] equipment_overdue: SKIPPED resident=7 request=24 (last sent 1.2h ago)
[2026-10-04 21:25:01] equipment_overdue: SKIPPED resident=7 request=25 (last sent 1.2h ago)
[2026-10-04 21:25:01] equipment_overdue: SKIPPED resident=7 request=26 (last sent 1.2h ago)
[2026-10-04 21:25:01] equipment_overdue: SKIPPED resident=7 request=28 (last sent 1.2h ago)
[2026-10-04 21:25:01] equipment_overdue: SKIPPED resident=7 request=29 (last sent 1.2h ago)
[2026-10-04 21:25:01] OK   return_reminder — sent=0 (4.1ms)
[2026-10-04 21:25:01] OK   same_day_reminder — sent=0 (1.1ms)
[2026-10-04 21:25:01] OK   unclaimed_document — sent=0 (0.9ms)
[2026-10-04 21:25:01] === RUN END — total_sent=0 failed=0 ===
[2026-10-04 21:30:01] === RUN START (2026-10-04 21:30:01) — 5 task(s) ===
[2026-10-04 21:30:01] OK   hearing_reminder — sent=0 (0.5ms)
[2026-10-04 21:30:01] OK   pickup_reminder — sent=0 (0.5ms)
[2026-10-04 21:30:01] equipment_overdue: SKIPPED resident=7 request=21 (last sent 1.2h ago)
[2026-10-04 21:30:01] equipment_overdue: SKIPPED resident=7 request=22 (last sent 1.2h ago)
[2026-10-04 21:30:01] equipment_overdue: SKIPPED resident=7 request=23 (last sent 1.2h ago)
[2026-10-04 21:30:01] equipment_overdue: SKIPPED resident=7 request=24 (last sent 1.2h ago)
[2026-10-04 21:30:01] equipment_overdue: SKIPPED resident=7 request=25 (last sent 1.2h ago)
[2026-10-04 21:30:01] equipment_overdue: SKIPPED resident=7 request=26 (last sent 1.2h ago)
[2026-10-04 21:30:01] equipment_overdue: SKIPPED resident=7 request=28 (last sent 1.2h ago)
[2026-10-04 21:30:01] equipment_overdue: SKIPPED resident=7 request=29 (last sent 1.2h ago)
[2026-10-04 21:30:01] OK   return_reminder — sent=0 (5.3ms)
[2026-10-04 21:30:01] OK   same_day_reminder — sent=0 (1.1ms)
[2026-10-04 21:30:01] OK   unclaimed_document — sent=0 (1.1ms)
[2026-10-04 21:30:01] === RUN END — total_sent=0 failed=0 ===
[2026-10-04 21:35:02] === RUN START (2026-10-04 21:35:02) — 5 task(s) ===
[2026-10-04 21:35:02] OK   hearing_reminder — sent=0 (0.5ms)
[2026-10-04 21:35:02] OK   pickup_reminder — sent=0 (0.5ms)
[2026-10-04 21:35:02] equipment_overdue: SKIPPED resident=7 request=21 (last sent 1.3h ago)
[2026-10-04 21:35:02] equipment_overdue: SKIPPED resident=7 request=22 (last sent 1.3h ago)
[2026-10-04 21:35:02] equipment_overdue: SKIPPED resident=7 request=23 (last sent 1.3h ago)
[2026-10-04 21:35:02] equipment_overdue: SKIPPED resident=7 request=24 (last sent 1.3h ago)
[2026-10-04 21:35:02] equipment_overdue: SKIPPED resident=7 request=25 (last sent 1.3h ago)
[2026-10-04 21:35:02] equipment_overdue: SKIPPED resident=7 request=26 (last sent 1.3h ago)
[2026-10-04 21:35:02] equipment_overdue: SKIPPED resident=7 request=28 (last sent 1.3h ago)
[2026-10-04 21:35:02] equipment_overdue: SKIPPED resident=7 request=29 (last sent 1.3h ago)
[2026-10-04 21:35:02] OK   return_reminder — sent=0 (2.7ms)
[2026-10-04 21:35:02] OK   same_day_reminder — sent=0 (1ms)
[2026-10-04 21:35:02] OK   unclaimed_document — sent=0 (0.3ms)
[2026-10-04 21:35:02] === RUN END — total_sent=0 failed=0 ===
[2026-10-04 21:40:02] === RUN START (2026-10-04 21:40:02) — 5 task(s) ===
[2026-10-04 21:40:02] OK   hearing_reminder — sent=0 (0.6ms)
[2026-10-04 21:40:02] OK   pickup_reminder — sent=0 (0.4ms)
[2026-10-04 21:40:02] equipment_overdue: SKIPPED resident=7 request=21 (last sent 1.4h ago)
[2026-10-04 21:40:02] equipment_overdue: SKIPPED resident=7 request=22 (last sent 1.4h ago)
[2026-10-04 21:40:02] equipment_overdue: SKIPPED resident=7 request=23 (last sent 1.4h ago)
[2026-10-04 21:40:02] equipment_overdue: SKIPPED resident=7 request=24 (last sent 1.4h ago)
[2026-10-04 21:40:02] equipment_overdue: SKIPPED resident=7 request=25 (last sent 1.4h ago)
[2026-10-04 21:40:02] equipment_overdue: SKIPPED resident=7 request=26 (last sent 1.4h ago)
[2026-10-04 21:40:02] equipment_overdue: SKIPPED resident=7 request=28 (last sent 1.4h ago)
[2026-10-04 21:40:02] equipment_overdue: SKIPPED resident=7 request=29 (last sent 1.4h ago)
[2026-10-04 21:40:02] OK   return_reminder — sent=0 (5.9ms)
[2026-10-04 21:40:02] OK   same_day_reminder — sent=0 (1ms)
[2026-10-04 21:40:02] OK   unclaimed_document — sent=0 (1ms)
[2026-10-04 21:40:02] === RUN END — total_sent=0 failed=0 ===
[2026-10-04 21:45:02] === RUN START (2026-10-04 21:45:02) — 5 task(s) ===
[2026-10-04 21:45:02] OK   hearing_reminder — sent=0 (0.6ms)
[2026-10-04 21:45:02] OK   pickup_reminder — sent=0 (0.5ms)
[2026-10-04 21:45:02] equipment_overdue: SKIPPED resident=7 request=21 (last sent 1.5h ago)
[2026-10-04 21:45:02] equipment_overdue: SKIPPED resident=7 request=22 (last sent 1.5h ago)
[2026-10-04 21:45:02] equipment_overdue: SKIPPED resident=7 request=23 (last sent 1.5h ago)
[2026-10-04 21:45:02] equipment_overdue: SKIPPED resident=7 request=24 (last sent 1.5h ago)
[2026-10-04 21:45:02] equipment_overdue: SKIPPED resident=7 request=25 (last sent 1.5h ago)
[2026-10-04 21:45:02] equipment_overdue: SKIPPED resident=7 request=26 (last sent 1.5h ago)
[2026-10-04 21:45:02] equipment_overdue: SKIPPED resident=7 request=28 (last sent 1.5h ago)
[2026-10-04 21:45:02] equipment_overdue: SKIPPED resident=7 request=29 (last sent 1.5h ago)
[2026-10-04 21:45:02] OK   return_reminder — sent=0 (2.8ms)
[2026-10-04 21:45:02] OK   same_day_reminder — sent=0 (0.3ms)
[2026-10-04 21:45:02] OK   unclaimed_document — sent=0 (0.3ms)
[2026-10-04 21:45:02] === RUN END — total_sent=0 failed=0 ===
[2026-10-04 21:50:01] === RUN START (2026-10-04 21:50:01) — 5 task(s) ===
[2026-10-04 21:50:01] OK   hearing_reminder — sent=0 (0.4ms)
[2026-10-04 21:50:01] OK   pickup_reminder — sent=0 (0.4ms)
[2026-10-04 21:50:02] equipment_overdue: SKIPPED resident=7 request=21 (last sent 1.6h ago)
[2026-10-04 21:50:02] equipment_overdue: SKIPPED resident=7 request=22 (last sent 1.6h ago)
[2026-10-04 21:50:02] equipment_overdue: SKIPPED resident=7 request=23 (last sent 1.6h ago)
[2026-10-04 21:50:02] equipment_overdue: SKIPPED resident=7 request=24 (last sent 1.6h ago)
[2026-10-04 21:50:02] equipment_overdue: SKIPPED resident=7 request=25 (last sent 1.6h ago)
[2026-10-04 21:50:02] equipment_overdue: SKIPPED resident=7 request=26 (last sent 1.6h ago)
[2026-10-04 21:50:02] equipment_overdue: SKIPPED resident=7 request=28 (last sent 1.6h ago)
[2026-10-04 21:50:02] equipment_overdue: SKIPPED resident=7 request=29 (last sent 1.6h ago)
[2026-10-04 21:50:02] OK   return_reminder — sent=0 (4.4ms)
[2026-10-04 21:50:02] OK   same_day_reminder — sent=0 (0.8ms)
[2026-10-04 21:50:02] OK   unclaimed_document — sent=0 (0.6ms)
[2026-10-04 21:50:02] === RUN END — total_sent=0 failed=0 ===
[2026-10-04 21:55:01] === RUN START (2026-10-04 21:55:01) — 5 task(s) ===
[2026-10-04 21:55:01] OK   hearing_reminder — sent=0 (0.4ms)
[2026-10-04 21:55:01] OK   pickup_reminder — sent=0 (0.6ms)
[2026-10-04 21:55:01] equipment_overdue: SKIPPED resident=7 request=21 (last sent 1.7h ago)
[2026-10-04 21:55:01] equipment_overdue: SKIPPED resident=7 request=22 (last sent 1.7h ago)
[2026-10-04 21:55:01] equipment_overdue: SKIPPED resident=7 request=23 (last sent 1.7h ago)
[2026-10-04 21:55:01] equipment_overdue: SKIPPED resident=7 request=24 (last sent 1.7h ago)
[2026-10-04 21:55:01] equipment_overdue: SKIPPED resident=7 request=25 (last sent 1.7h ago)
[2026-10-04 21:55:01] equipment_overdue: SKIPPED resident=7 request=26 (last sent 1.7h ago)
[2026-10-04 21:55:01] equipment_overdue: SKIPPED resident=7 request=28 (last sent 1.7h ago)
[2026-10-04 21:55:01] equipment_overdue: SKIPPED resident=7 request=29 (last sent 1.7h ago)
[2026-10-04 21:55:01] OK   return_reminder — sent=0 (3.4ms)
[2026-10-04 21:55:01] OK   same_day_reminder — sent=0 (0.9ms)
[2026-10-04 21:55:01] OK   unclaimed_document — sent=0 (0.8ms)
[2026-10-04 21:55:01] === RUN END — total_sent=0 failed=0 ===
[2026-10-04 22:00:02] === RUN START (2026-10-04 22:00:02) — 5 task(s) ===
[2026-10-04 22:00:02] OK   hearing_reminder — sent=0 (1.7ms)
[2026-10-04 22:00:02] OK   pickup_reminder — sent=0 (13.3ms)
[2026-10-04 22:00:02] equipment_overdue: SKIPPED resident=7 request=21 (last sent 1.8h ago)
[2026-10-04 22:00:02] equipment_overdue: SKIPPED resident=7 request=22 (last sent 1.8h ago)
[2026-10-04 22:00:02] equipment_overdue: SKIPPED resident=7 request=23 (last sent 1.8h ago)
[2026-10-04 22:00:02] equipment_overdue: SKIPPED resident=7 request=24 (last sent 1.8h ago)
[2026-10-04 22:00:02] equipment_overdue: SKIPPED resident=7 request=25 (last sent 1.8h ago)
[2026-10-04 22:00:02] equipment_overdue: SKIPPED resident=7 request=26 (last sent 1.8h ago)
[2026-10-04 22:00:02] equipment_overdue: SKIPPED resident=7 request=28 (last sent 1.8h ago)
[2026-10-04 22:00:02] equipment_overdue: SKIPPED resident=7 request=29 (last sent 1.8h ago)
[2026-10-04 22:00:02] OK   return_reminder — sent=0 (34.6ms)
[2026-10-04 22:00:02] OK   same_day_reminder — sent=0 (11.3ms)
[2026-10-04 22:00:02] OK   unclaimed_document — sent=0 (9.2ms)
[2026-10-04 22:00:02] === RUN END — total_sent=0 failed=0 ===
[2026-10-04 22:05:02] === RUN START (2026-10-04 22:05:02) — 5 task(s) ===
[2026-10-04 22:05:02] cronSafePushResident: resident=7 has NO subscription
[2026-10-04 22:05:02] cronSafePush: called for user=4
[2026-10-04 22:05:03] cronSafePush: OK user=4 sent=1
[2026-10-04 22:05:03] hearing_reminder: processed hearing_id=13 for #CMP-20261004-7A89AB
[2026-10-04 22:05:03] OK   hearing_reminder — sent=1 (1258ms)
[2026-10-04 22:05:03] OK   pickup_reminder — sent=0 (1.5ms)
[2026-10-04 22:05:03] equipment_overdue: SKIPPED resident=7 request=21 (last sent 1.8h ago)
[2026-10-04 22:05:03] equipment_overdue: SKIPPED resident=7 request=22 (last sent 1.8h ago)
[2026-10-04 22:05:03] equipment_overdue: SKIPPED resident=7 request=23 (last sent 1.8h ago)
[2026-10-04 22:05:03] equipment_overdue: SKIPPED resident=7 request=24 (last sent 1.8h ago)
[2026-10-04 22:05:03] equipment_overdue: SKIPPED resident=7 request=25 (last sent 1.8h ago)
[2026-10-04 22:05:03] equipment_overdue: SKIPPED resident=7 request=26 (last sent 1.8h ago)
[2026-10-04 22:05:03] equipment_overdue: SKIPPED resident=7 request=28 (last sent 1.8h ago)
[2026-10-04 22:05:03] equipment_overdue: SKIPPED resident=7 request=29 (last sent 1.8h ago)
[2026-10-04 22:05:03] OK   return_reminder — sent=0 (7.6ms)
[2026-10-04 22:05:03] OK   same_day_reminder — sent=0 (1.4ms)
[2026-10-04 22:05:03] OK   unclaimed_document — sent=0 (1.4ms)
[2026-10-04 22:05:03] === RUN END — total_sent=1 failed=0 ===
[2026-10-04 22:10:02] === RUN START (2026-10-04 22:10:02) — 5 task(s) ===
[2026-10-04 22:10:02] OK   hearing_reminder — sent=0 (0.4ms)
[2026-10-04 22:10:02] OK   pickup_reminder — sent=0 (0.5ms)
[2026-10-04 22:10:02] equipment_overdue: SKIPPED resident=7 request=21 (last sent 1.9h ago)
[2026-10-04 22:10:02] equipment_overdue: SKIPPED resident=7 request=22 (last sent 1.9h ago)
[2026-10-04 22:10:02] equipment_overdue: SKIPPED resident=7 request=23 (last sent 1.9h ago)
[2026-10-04 22:10:02] equipment_overdue: SKIPPED resident=7 request=24 (last sent 1.9h ago)
[2026-10-04 22:10:02] equipment_overdue: SKIPPED resident=7 request=25 (last sent 1.9h ago)
[2026-10-04 22:10:02] equipment_overdue: SKIPPED resident=7 request=26 (last sent 1.9h ago)
[2026-10-04 22:10:02] equipment_overdue: SKIPPED resident=7 request=28 (last sent 1.9h ago)
[2026-10-04 22:10:02] equipment_overdue: SKIPPED resident=7 request=29 (last sent 1.9h ago)
[2026-10-04 22:10:02] OK   return_reminder — sent=0 (3ms)
[2026-10-04 22:10:02] OK   same_day_reminder — sent=0 (0.7ms)
[2026-10-04 22:10:02] OK   unclaimed_document — sent=0 (0.7ms)
[2026-10-04 22:10:02] === RUN END — total_sent=0 failed=0 ===
[2026-10-04 22:15:02] === RUN START (2026-10-04 22:15:02) — 5 task(s) ===
[2026-10-04 22:15:02] OK   hearing_reminder — sent=0 (0.6ms)
[2026-10-04 22:15:02] OK   pickup_reminder — sent=0 (0.5ms)
[2026-10-04 22:15:02] equipment_overdue: SKIPPED resident=7 request=21 (last sent 2h ago)
[2026-10-04 22:15:02] equipment_overdue: SKIPPED resident=7 request=22 (last sent 2h ago)
[2026-10-04 22:15:02] equipment_overdue: SKIPPED resident=7 request=23 (last sent 2h ago)
[2026-10-04 22:15:02] equipment_overdue: SKIPPED resident=7 request=24 (last sent 2h ago)
[2026-10-04 22:15:02] equipment_overdue: SKIPPED resident=7 request=25 (last sent 2h ago)
[2026-10-04 22:15:02] equipment_overdue: SKIPPED resident=7 request=26 (last sent 2h ago)
[2026-10-04 22:15:02] equipment_overdue: SKIPPED resident=7 request=28 (last sent 2h ago)
[2026-10-04 22:15:02] equipment_overdue: SKIPPED resident=7 request=29 (last sent 2h ago)
[2026-10-04 22:15:02] OK   return_reminder — sent=0 (2.5ms)
[2026-10-04 22:15:02] OK   same_day_reminder — sent=0 (0.4ms)
[2026-10-04 22:15:02] OK   unclaimed_document — sent=0 (0.4ms)
[2026-10-04 22:15:02] === RUN END — total_sent=0 failed=0 ===
[2026-10-04 22:20:02] === RUN START (2026-10-04 22:20:02) — 5 task(s) ===
[2026-10-04 22:20:02] OK   hearing_reminder — sent=0 (0.5ms)
[2026-10-04 22:20:02] OK   pickup_reminder — sent=0 (1ms)
[2026-10-04 22:20:02] equipment_overdue: SKIPPED resident=7 request=21 (last sent 2.1h ago)
[2026-10-04 22:20:02] equipment_overdue: SKIPPED resident=7 request=22 (last sent 2.1h ago)
[2026-10-04 22:20:02] equipment_overdue: SKIPPED resident=7 request=23 (last sent 2.1h ago)
[2026-10-04 22:20:02] equipment_overdue: SKIPPED resident=7 request=24 (last sent 2.1h ago)
[2026-10-04 22:20:02] equipment_overdue: SKIPPED resident=7 request=25 (last sent 2.1h ago)
[2026-10-04 22:20:02] equipment_overdue: SKIPPED resident=7 request=26 (last sent 2.1h ago)
[2026-10-04 22:20:02] equipment_overdue: SKIPPED resident=7 request=28 (last sent 2.1h ago)
[2026-10-04 22:20:02] equipment_overdue: SKIPPED resident=7 request=29 (last sent 2.1h ago)
[2026-10-04 22:20:02] OK   return_reminder — sent=0 (2.6ms)
[2026-10-04 22:20:02] OK   same_day_reminder — sent=0 (1.2ms)
[2026-10-04 22:20:02] OK   unclaimed_document — sent=0 (0.5ms)
[2026-10-04 22:20:02] === RUN END — total_sent=0 failed=0 ===
[2026-10-04 22:25:02] === RUN START (2026-10-04 22:25:02) — 5 task(s) ===
[2026-10-04 22:25:02] OK   hearing_reminder — sent=0 (1.5ms)
[2026-10-04 22:25:02] OK   pickup_reminder — sent=0 (0.5ms)
[2026-10-04 22:25:02] equipment_overdue: SKIPPED resident=7 request=21 (last sent 2.2h ago)
[2026-10-04 22:25:02] equipment_overdue: SKIPPED resident=7 request=22 (last sent 2.2h ago)
[2026-10-04 22:25:02] equipment_overdue: SKIPPED resident=7 request=23 (last sent 2.2h ago)
[2026-10-04 22:25:02] equipment_overdue: SKIPPED resident=7 request=24 (last sent 2.2h ago)
[2026-10-04 22:25:02] equipment_overdue: SKIPPED resident=7 request=25 (last sent 2.2h ago)
[2026-10-04 22:25:02] equipment_overdue: SKIPPED resident=7 request=26 (last sent 2.2h ago)
[2026-10-04 22:25:02] equipment_overdue: SKIPPED resident=7 request=28 (last sent 2.2h ago)
[2026-10-04 22:25:02] equipment_overdue: SKIPPED resident=7 request=29 (last sent 2.2h ago)
[2026-10-04 22:25:02] OK   return_reminder — sent=0 (3ms)
[2026-10-04 22:25:02] OK   same_day_reminder — sent=0 (32.3ms)
[2026-10-04 22:25:02] OK   unclaimed_document — sent=0 (1.2ms)
[2026-10-04 22:25:02] === RUN END — total_sent=0 failed=0 ===
[2026-10-04 22:30:02] === RUN START (2026-10-04 22:30:02) — 5 task(s) ===
[2026-10-04 22:30:02] OK   hearing_reminder — sent=0 (0.5ms)
[2026-10-04 22:30:02] OK   pickup_reminder — sent=0 (0.6ms)
[2026-10-04 22:30:02] equipment_overdue: SKIPPED resident=7 request=21 (last sent 2.3h ago)
[2026-10-04 22:30:02] equipment_overdue: SKIPPED resident=7 request=22 (last sent 2.3h ago)
[2026-10-04 22:30:02] equipment_overdue: SKIPPED resident=7 request=23 (last sent 2.3h ago)
[2026-10-04 22:30:02] equipment_overdue: SKIPPED resident=7 request=24 (last sent 2.3h ago)
[2026-10-04 22:30:02] equipment_overdue: SKIPPED resident=7 request=25 (last sent 2.3h ago)
[2026-10-04 22:30:02] equipment_overdue: SKIPPED resident=7 request=26 (last sent 2.3h ago)
[2026-10-04 22:30:02] equipment_overdue: SKIPPED resident=7 request=28 (last sent 2.3h ago)
[2026-10-04 22:30:02] equipment_overdue: SKIPPED resident=7 request=29 (last sent 2.3h ago)
[2026-10-04 22:30:02] OK   return_reminder — sent=0 (6ms)
[2026-10-04 22:30:02] OK   same_day_reminder — sent=0 (1.1ms)
[2026-10-04 22:30:02] OK   unclaimed_document — sent=0 (0.7ms)
[2026-10-04 22:30:02] === RUN END — total_sent=0 failed=0 ===
[2026-10-04 22:35:02] === RUN START (2026-10-04 22:35:02) — 5 task(s) ===
[2026-10-04 22:35:02] OK   hearing_reminder — sent=0 (0.4ms)
[2026-10-04 22:35:02] OK   pickup_reminder — sent=0 (0.3ms)
[2026-10-04 22:35:02] equipment_overdue: SKIPPED resident=7 request=21 (last sent 2.3h ago)
[2026-10-04 22:35:02] equipment_overdue: SKIPPED resident=7 request=22 (last sent 2.3h ago)
[2026-10-04 22:35:02] equipment_overdue: SKIPPED resident=7 request=23 (last sent 2.3h ago)
[2026-10-04 22:35:02] equipment_overdue: SKIPPED resident=7 request=24 (last sent 2.3h ago)
[2026-10-04 22:35:02] equipment_overdue: SKIPPED resident=7 request=25 (last sent 2.3h ago)
[2026-10-04 22:35:02] equipment_overdue: SKIPPED resident=7 request=26 (last sent 2.3h ago)
[2026-10-04 22:35:02] equipment_overdue: SKIPPED resident=7 request=28 (last sent 2.3h ago)
[2026-10-04 22:35:02] equipment_overdue: SKIPPED resident=7 request=29 (last sent 2.3h ago)
[2026-10-04 22:35:02] OK   return_reminder — sent=0 (2.4ms)
[2026-10-04 22:35:02] OK   same_day_reminder — sent=0 (1ms)
[2026-10-04 22:35:02] OK   unclaimed_document — sent=0 (0.3ms)
[2026-10-04 22:35:02] === RUN END — total_sent=0 failed=0 ===
[2026-10-04 22:40:02] === RUN START (2026-10-04 22:40:02) — 5 task(s) ===
[2026-10-04 22:40:02] OK   hearing_reminder — sent=0 (0.5ms)
[2026-10-04 22:40:02] OK   pickup_reminder — sent=0 (0.9ms)
[2026-10-04 22:40:02] equipment_overdue: SKIPPED resident=7 request=21 (last sent 2.4h ago)
[2026-10-04 22:40:02] equipment_overdue: SKIPPED resident=7 request=22 (last sent 2.4h ago)
[2026-10-04 22:40:02] equipment_overdue: SKIPPED resident=7 request=23 (last sent 2.4h ago)
[2026-10-04 22:40:02] equipment_overdue: SKIPPED resident=7 request=24 (last sent 2.4h ago)
[2026-10-04 22:40:02] equipment_overdue: SKIPPED resident=7 request=25 (last sent 2.4h ago)
[2026-10-04 22:40:02] equipment_overdue: SKIPPED resident=7 request=26 (last sent 2.4h ago)
[2026-10-04 22:40:02] equipment_overdue: SKIPPED resident=7 request=28 (last sent 2.4h ago)
[2026-10-04 22:40:02] equipment_overdue: SKIPPED resident=7 request=29 (last sent 2.4h ago)
[2026-10-04 22:40:02] OK   return_reminder — sent=0 (4.7ms)
[2026-10-04 22:40:02] OK   same_day_reminder — sent=0 (1.2ms)
[2026-10-04 22:40:02] OK   unclaimed_document — sent=0 (0.4ms)
[2026-10-04 22:40:02] === RUN END — total_sent=0 failed=0 ===
[2026-10-04 22:45:02] === RUN START (2026-10-04 22:45:02) — 5 task(s) ===
[2026-10-04 22:45:02] OK   hearing_reminder — sent=0 (0.9ms)
[2026-10-04 22:45:02] OK   pickup_reminder — sent=0 (0.5ms)
[2026-10-04 22:45:02] equipment_overdue: SKIPPED resident=7 request=21 (last sent 2.5h ago)
[2026-10-04 22:45:02] equipment_overdue: SKIPPED resident=7 request=22 (last sent 2.5h ago)
[2026-10-04 22:45:02] equipment_overdue: SKIPPED resident=7 request=23 (last sent 2.5h ago)
[2026-10-04 22:45:02] equipment_overdue: SKIPPED resident=7 request=24 (last sent 2.5h ago)
[2026-10-04 22:45:02] equipment_overdue: SKIPPED resident=7 request=25 (last sent 2.5h ago)
[2026-10-04 22:45:02] equipment_overdue: SKIPPED resident=7 request=26 (last sent 2.5h ago)
[2026-10-04 22:45:02] equipment_overdue: SKIPPED resident=7 request=28 (last sent 2.5h ago)
[2026-10-04 22:45:02] equipment_overdue: SKIPPED resident=7 request=29 (last sent 2.5h ago)
[2026-10-04 22:45:02] OK   return_reminder — sent=0 (6ms)
[2026-10-04 22:45:02] OK   same_day_reminder — sent=0 (1.3ms)
[2026-10-04 22:45:02] OK   unclaimed_document — sent=0 (0.9ms)
[2026-10-04 22:45:02] === RUN END — total_sent=0 failed=0 ===
[2026-10-04 22:50:06] === RUN START (2026-10-04 22:50:06) — 5 task(s) ===
[2026-10-04 22:50:06] OK   hearing_reminder — sent=0 (2ms)
[2026-10-04 22:50:07] OK   pickup_reminder — sent=0 (1.3ms)
[2026-10-04 22:50:07] equipment_overdue: SKIPPED resident=7 request=21 (last sent 2.6h ago)
[2026-10-04 22:50:07] equipment_overdue: SKIPPED resident=7 request=22 (last sent 2.6h ago)
[2026-10-04 22:50:07] equipment_overdue: SKIPPED resident=7 request=23 (last sent 2.6h ago)
[2026-10-04 22:50:07] equipment_overdue: SKIPPED resident=7 request=24 (last sent 2.6h ago)
[2026-10-04 22:50:07] equipment_overdue: SKIPPED resident=7 request=25 (last sent 2.6h ago)
[2026-10-04 22:50:07] equipment_overdue: SKIPPED resident=7 request=26 (last sent 2.6h ago)
[2026-10-04 22:50:07] equipment_overdue: SKIPPED resident=7 request=28 (last sent 2.6h ago)
[2026-10-04 22:50:07] equipment_overdue: SKIPPED resident=7 request=29 (last sent 2.6h ago)
[2026-10-04 22:50:07] OK   return_reminder — sent=0 (14.7ms)
[2026-10-04 22:50:07] OK   same_day_reminder — sent=0 (1ms)
[2026-10-04 22:50:07] OK   unclaimed_document — sent=0 (2.4ms)
[2026-10-04 22:50:07] === RUN END — total_sent=0 failed=0 ===
[2026-10-04 22:55:02] === RUN START (2026-10-04 22:55:02) — 5 task(s) ===
[2026-10-04 22:55:02] OK   hearing_reminder — sent=0 (0.7ms)
[2026-10-04 22:55:02] OK   pickup_reminder — sent=0 (0.9ms)
[2026-10-04 22:55:02] equipment_overdue: SKIPPED resident=7 request=21 (last sent 2.7h ago)
[2026-10-04 22:55:02] equipment_overdue: SKIPPED resident=7 request=22 (last sent 2.7h ago)
[2026-10-04 22:55:02] equipment_overdue: SKIPPED resident=7 request=23 (last sent 2.7h ago)
[2026-10-04 22:55:02] equipment_overdue: SKIPPED resident=7 request=24 (last sent 2.7h ago)
[2026-10-04 22:55:02] equipment_overdue: SKIPPED resident=7 request=25 (last sent 2.7h ago)
[2026-10-04 22:55:02] equipment_overdue: SKIPPED resident=7 request=26 (last sent 2.7h ago)
[2026-10-04 22:55:02] equipment_overdue: SKIPPED resident=7 request=28 (last sent 2.7h ago)
[2026-10-04 22:55:02] equipment_overdue: SKIPPED resident=7 request=29 (last sent 2.7h ago)
[2026-10-04 22:55:02] OK   return_reminder — sent=0 (5.2ms)
[2026-10-04 22:55:02] OK   same_day_reminder — sent=0 (1.3ms)
[2026-10-04 22:55:02] OK   unclaimed_document — sent=0 (7.6ms)
[2026-10-04 22:55:02] === RUN END — total_sent=0 failed=0 ===
[2026-10-04 23:00:02] === RUN START (2026-10-04 23:00:02) — 5 task(s) ===
[2026-10-04 23:00:02] OK   hearing_reminder — sent=0 (0.9ms)
[2026-10-04 23:00:02] OK   pickup_reminder — sent=0 (1.1ms)
[2026-10-04 23:00:02] equipment_overdue: SKIPPED resident=7 request=21 (last sent 2.8h ago)
[2026-10-04 23:00:02] equipment_overdue: SKIPPED resident=7 request=22 (last sent 2.8h ago)
[2026-10-04 23:00:02] equipment_overdue: SKIPPED resident=7 request=23 (last sent 2.8h ago)
[2026-10-04 23:00:02] equipment_overdue: SKIPPED resident=7 request=24 (last sent 2.8h ago)
[2026-10-04 23:00:02] equipment_overdue: SKIPPED resident=7 request=25 (last sent 2.8h ago)
[2026-10-04 23:00:02] equipment_overdue: SKIPPED resident=7 request=26 (last sent 2.8h ago)
[2026-10-04 23:00:02] equipment_overdue: SKIPPED resident=7 request=28 (last sent 2.8h ago)
[2026-10-04 23:00:02] equipment_overdue: SKIPPED resident=7 request=29 (last sent 2.8h ago)
[2026-10-04 23:00:02] OK   return_reminder — sent=0 (5.2ms)
[2026-10-04 23:00:02] OK   same_day_reminder — sent=0 (1.1ms)
[2026-10-04 23:00:02] OK   unclaimed_document — sent=0 (1ms)
[2026-10-04 23:00:02] === RUN END — total_sent=0 failed=0 ===
[2026-10-04 23:05:02] === RUN START (2026-10-04 23:05:02) — 5 task(s) ===
[2026-10-04 23:05:02] OK   hearing_reminder — sent=0 (7.9ms)
[2026-10-04 23:05:02] OK   pickup_reminder — sent=0 (2.7ms)
[2026-10-04 23:05:02] equipment_overdue: SKIPPED resident=7 request=21 (last sent 2.8h ago)
[2026-10-04 23:05:02] equipment_overdue: SKIPPED resident=7 request=22 (last sent 2.8h ago)
[2026-10-04 23:05:02] equipment_overdue: SKIPPED resident=7 request=23 (last sent 2.8h ago)
[2026-10-04 23:05:02] equipment_overdue: SKIPPED resident=7 request=24 (last sent 2.8h ago)
[2026-10-04 23:05:02] equipment_overdue: SKIPPED resident=7 request=25 (last sent 2.8h ago)
[2026-10-04 23:05:02] equipment_overdue: SKIPPED resident=7 request=26 (last sent 2.8h ago)
[2026-10-04 23:05:02] equipment_overdue: SKIPPED resident=7 request=28 (last sent 2.8h ago)
[2026-10-04 23:05:02] equipment_overdue: SKIPPED resident=7 request=29 (last sent 2.8h ago)
[2026-10-04 23:05:02] OK   return_reminder — sent=0 (9.2ms)
[2026-10-04 23:05:02] OK   same_day_reminder — sent=0 (6.3ms)
[2026-10-04 23:05:02] OK   unclaimed_document — sent=0 (11ms)
[2026-10-04 23:05:02] === RUN END — total_sent=0 failed=0 ===
[2026-10-04 23:10:02] === RUN START (2026-10-04 23:10:02) — 5 task(s) ===
[2026-10-04 23:10:02] OK   hearing_reminder — sent=0 (9.8ms)
[2026-10-04 23:10:02] OK   pickup_reminder — sent=0 (1.7ms)
[2026-10-04 23:10:02] equipment_overdue: SKIPPED resident=7 request=21 (last sent 2.9h ago)
[2026-10-04 23:10:02] equipment_overdue: SKIPPED resident=7 request=22 (last sent 2.9h ago)
[2026-10-04 23:10:02] equipment_overdue: SKIPPED resident=7 request=23 (last sent 2.9h ago)
[2026-10-04 23:10:02] equipment_overdue: SKIPPED resident=7 request=24 (last sent 2.9h ago)
[2026-10-04 23:10:02] equipment_overdue: SKIPPED resident=7 request=25 (last sent 2.9h ago)
[2026-10-04 23:10:02] equipment_overdue: SKIPPED resident=7 request=26 (last sent 2.9h ago)
[2026-10-04 23:10:02] equipment_overdue: SKIPPED resident=7 request=28 (last sent 2.9h ago)
[2026-10-04 23:10:02] equipment_overdue: SKIPPED resident=7 request=29 (last sent 2.9h ago)
[2026-10-04 23:10:02] OK   return_reminder — sent=0 (12.9ms)
[2026-10-04 23:10:02] OK   same_day_reminder — sent=0 (10.7ms)
[2026-10-04 23:10:02] OK   unclaimed_document — sent=0 (14.7ms)
[2026-10-04 23:10:02] === RUN END — total_sent=0 failed=0 ===
[2026-10-04 23:15:02] === RUN START (2026-10-04 23:15:02) — 5 task(s) ===
[2026-10-04 23:15:02] OK   hearing_reminder — sent=0 (0.4ms)
[2026-10-04 23:15:02] OK   pickup_reminder — sent=0 (0.6ms)
[2026-10-04 23:15:02] cronSafePushResident: resident=7 has NO subscription
[2026-10-04 23:15:02] equipment_overdue: sent to resident=7 for request=21 (overdue=143)
[2026-10-04 23:15:02] cronSafePushResident: resident=7 has NO subscription
[2026-10-04 23:15:02] equipment_overdue: sent to resident=7 for request=22 (overdue=142)
[2026-10-04 23:15:02] cronSafePushResident: resident=7 has NO subscription
[2026-10-04 23:15:02] equipment_overdue: sent to resident=7 for request=23 (overdue=143)
[2026-10-04 23:15:02] cronSafePushResident: resident=7 has NO subscription
[2026-10-04 23:15:02] equipment_overdue: sent to resident=7 for request=24 (overdue=142)
[2026-10-04 23:15:02] cronSafePushResident: resident=7 has NO subscription
[2026-10-04 23:15:02] equipment_overdue: sent to resident=7 for request=25 (overdue=136)
[2026-10-04 23:15:02] cronSafePushResident: resident=7 has NO subscription
[2026-10-04 23:15:02] equipment_overdue: sent to resident=7 for request=26 (overdue=143)
[2026-10-04 23:15:02] cronSafePushResident: resident=7 has NO subscription
[2026-10-04 23:15:02] equipment_overdue: sent to resident=7 for request=28 (overdue=135)
[2026-10-04 23:15:02] cronSafePushResident: resident=7 has NO subscription
[2026-10-04 23:15:02] equipment_overdue: sent to resident=7 for request=29 (overdue=135)
[2026-10-04 23:15:02] OK   return_reminder — sent=8 (50.3ms)
[2026-10-04 23:15:02] OK   same_day_reminder — sent=0 (1.1ms)
[2026-10-04 23:15:02] OK   unclaimed_document — sent=0 (0.8ms)
[2026-10-04 23:15:02] === RUN END — total_sent=8 failed=0 ===
[2026-10-05 18:12:36] === RUN START (2026-10-05 18:12:36) — 5 task(s) ===
[2026-10-05 18:12:36] OK   hearing_reminder — sent=0 (0.7ms)
[2026-10-05 18:12:36] OK   pickup_reminder — sent=0 (2.7ms)
[2026-10-05 18:12:36] cronSafePushResident: resident=7 has NO subscription
[2026-10-05 18:12:36] equipment_overdue: sent to resident=7 for request=21 (overdue=144)
[2026-10-05 18:12:36] cronSafePushResident: resident=7 has NO subscription
[2026-10-05 18:12:36] equipment_overdue: sent to resident=7 for request=22 (overdue=143)
[2026-10-05 18:12:36] cronSafePushResident: resident=7 has NO subscription
[2026-10-05 18:12:36] equipment_overdue: sent to resident=7 for request=23 (overdue=144)
[2026-10-05 18:12:36] cronSafePushResident: resident=7 has NO subscription
[2026-10-05 18:12:36] equipment_overdue: sent to resident=7 for request=24 (overdue=143)
[2026-10-05 18:12:36] cronSafePushResident: resident=7 has NO subscription
[2026-10-05 18:12:36] equipment_overdue: sent to resident=7 for request=25 (overdue=137)
[2026-10-05 18:12:36] cronSafePushResident: resident=7 has NO subscription
[2026-10-05 18:12:36] equipment_overdue: sent to resident=7 for request=26 (overdue=144)
[2026-10-05 18:12:36] cronSafePushResident: resident=7 has NO subscription
[2026-10-05 18:12:36] equipment_overdue: sent to resident=7 for request=28 (overdue=136)
[2026-10-05 18:12:36] cronSafePushResident: resident=7 has NO subscription
[2026-10-05 18:12:36] equipment_overdue: sent to resident=7 for request=29 (overdue=136)
[2026-10-05 18:12:36] OK   return_reminder — sent=8 (56.9ms)
[2026-10-05 18:12:36] OK   same_day_reminder — sent=0 (0.9ms)
[2026-10-05 18:12:36] OK   unclaimed_document — sent=0 (1.9ms)
[2026-10-05 18:12:36] === RUN END — total_sent=8 failed=0 ===
[2026-10-05 18:15:02] === RUN START (2026-10-05 18:15:02) — 5 task(s) ===
[2026-10-05 18:15:02] OK   hearing_reminder — sent=0 (4.1ms)
[2026-10-05 18:15:02] OK   pickup_reminder — sent=0 (0.8ms)
[2026-10-05 18:15:02] equipment_overdue: SKIPPED resident=7 request=21 (last sent 0h ago)
[2026-10-05 18:15:02] equipment_overdue: SKIPPED resident=7 request=22 (last sent 0h ago)
[2026-10-05 18:15:02] equipment_overdue: SKIPPED resident=7 request=23 (last sent 0h ago)
[2026-10-05 18:15:02] equipment_overdue: SKIPPED resident=7 request=24 (last sent 0h ago)
[2026-10-05 18:15:02] equipment_overdue: SKIPPED resident=7 request=25 (last sent 0h ago)
[2026-10-05 18:15:02] equipment_overdue: SKIPPED resident=7 request=26 (last sent 0h ago)
[2026-10-05 18:15:02] equipment_overdue: SKIPPED resident=7 request=28 (last sent 0h ago)
[2026-10-05 18:15:02] equipment_overdue: SKIPPED resident=7 request=29 (last sent 0h ago)
[2026-10-05 18:15:02] OK   return_reminder — sent=0 (3.6ms)
[2026-10-05 18:15:02] OK   same_day_reminder — sent=0 (1.8ms)
[2026-10-05 18:15:02] OK   unclaimed_document — sent=0 (1ms)
[2026-10-05 18:15:02] === RUN END — total_sent=0 failed=0 ===
[2026-10-05 18:20:02] === RUN START (2026-10-05 18:20:02) — 5 task(s) ===
[2026-10-05 18:20:02] OK   hearing_reminder — sent=0 (0.4ms)
[2026-10-05 18:20:02] OK   pickup_reminder — sent=0 (1.2ms)
[2026-10-05 18:20:02] equipment_overdue: SKIPPED resident=7 request=21 (last sent 0.1h ago)
[2026-10-05 18:20:02] equipment_overdue: SKIPPED resident=7 request=22 (last sent 0.1h ago)
[2026-10-05 18:20:02] equipment_overdue: SKIPPED resident=7 request=23 (last sent 0.1h ago)
[2026-10-05 18:20:02] equipment_overdue: SKIPPED resident=7 request=24 (last sent 0.1h ago)
[2026-10-05 18:20:02] equipment_overdue: SKIPPED resident=7 request=25 (last sent 0.1h ago)
[2026-10-05 18:20:02] equipment_overdue: SKIPPED resident=7 request=26 (last sent 0.1h ago)
[2026-10-05 18:20:02] equipment_overdue: SKIPPED resident=7 request=28 (last sent 0.1h ago)
[2026-10-05 18:20:02] equipment_overdue: SKIPPED resident=7 request=29 (last sent 0.1h ago)
[2026-10-05 18:20:02] OK   return_reminder — sent=0 (5.8ms)
[2026-10-05 18:20:02] OK   same_day_reminder — sent=0 (1.4ms)
[2026-10-05 18:20:02] OK   unclaimed_document — sent=0 (1.2ms)
[2026-10-05 18:20:02] === RUN END — total_sent=0 failed=0 ===
[2026-10-05 18:25:02] === RUN START (2026-10-05 18:25:02) — 5 task(s) ===
[2026-10-05 18:25:02] OK   hearing_reminder — sent=0 (0.5ms)
[2026-10-05 18:25:02] OK   pickup_reminder — sent=0 (1ms)
[2026-10-05 18:25:02] equipment_overdue: SKIPPED resident=7 request=21 (last sent 0.2h ago)
[2026-10-05 18:25:02] equipment_overdue: SKIPPED resident=7 request=22 (last sent 0.2h ago)
[2026-10-05 18:25:02] equipment_overdue: SKIPPED resident=7 request=23 (last sent 0.2h ago)
[2026-10-05 18:25:02] equipment_overdue: SKIPPED resident=7 request=24 (last sent 0.2h ago)
[2026-10-05 18:25:02] equipment_overdue: SKIPPED resident=7 request=25 (last sent 0.2h ago)
[2026-10-05 18:25:02] equipment_overdue: SKIPPED resident=7 request=26 (last sent 0.2h ago)
[2026-10-05 18:25:02] equipment_overdue: SKIPPED resident=7 request=28 (last sent 0.2h ago)
[2026-10-05 18:25:02] equipment_overdue: SKIPPED resident=7 request=29 (last sent 0.2h ago)
[2026-10-05 18:25:02] OK   return_reminder — sent=0 (5.1ms)
[2026-10-05 18:25:02] OK   same_day_reminder — sent=0 (1.2ms)
[2026-10-05 18:25:02] OK   unclaimed_document — sent=0 (1ms)
[2026-10-05 18:25:02] === RUN END — total_sent=0 failed=0 ===
[2026-10-05 18:30:02] === RUN START (2026-10-05 18:30:02) — 5 task(s) ===
[2026-10-05 18:30:02] OK   hearing_reminder — sent=0 (1ms)
[2026-10-05 18:30:02] OK   pickup_reminder — sent=0 (0.6ms)
[2026-10-05 18:30:02] equipment_overdue: SKIPPED resident=7 request=21 (last sent 0.3h ago)
[2026-10-05 18:30:02] equipment_overdue: SKIPPED resident=7 request=22 (last sent 0.3h ago)
[2026-10-05 18:30:02] equipment_overdue: SKIPPED resident=7 request=23 (last sent 0.3h ago)
[2026-10-05 18:30:02] equipment_overdue: SKIPPED resident=7 request=24 (last sent 0.3h ago)
[2026-10-05 18:30:02] equipment_overdue: SKIPPED resident=7 request=25 (last sent 0.3h ago)
[2026-10-05 18:30:02] equipment_overdue: SKIPPED resident=7 request=26 (last sent 0.3h ago)
[2026-10-05 18:30:02] equipment_overdue: SKIPPED resident=7 request=28 (last sent 0.3h ago)
[2026-10-05 18:30:02] equipment_overdue: SKIPPED resident=7 request=29 (last sent 0.3h ago)
[2026-10-05 18:30:02] OK   return_reminder — sent=0 (1.9ms)
[2026-10-05 18:30:02] OK   same_day_reminder — sent=0 (0.3ms)
[2026-10-05 18:30:02] OK   unclaimed_document — sent=0 (1ms)
[2026-10-05 18:30:02] === RUN END — total_sent=0 failed=0 ===
[2026-10-05 18:35:02] === RUN START (2026-10-05 18:35:02) — 5 task(s) ===
[2026-10-05 18:35:02] OK   hearing_reminder — sent=0 (0.8ms)
[2026-10-05 18:35:02] OK   pickup_reminder — sent=0 (1.4ms)
[2026-10-05 18:35:02] equipment_overdue: SKIPPED resident=7 request=21 (last sent 0.4h ago)
[2026-10-05 18:35:02] equipment_overdue: SKIPPED resident=7 request=22 (last sent 0.4h ago)
[2026-10-05 18:35:02] equipment_overdue: SKIPPED resident=7 request=23 (last sent 0.4h ago)
[2026-10-05 18:35:02] equipment_overdue: SKIPPED resident=7 request=24 (last sent 0.4h ago)
[2026-10-05 18:35:02] equipment_overdue: SKIPPED resident=7 request=25 (last sent 0.4h ago)
[2026-10-05 18:35:02] equipment_overdue: SKIPPED resident=7 request=26 (last sent 0.4h ago)
[2026-10-05 18:35:02] equipment_overdue: SKIPPED resident=7 request=28 (last sent 0.4h ago)
[2026-10-05 18:35:02] equipment_overdue: SKIPPED resident=7 request=29 (last sent 0.4h ago)
[2026-10-05 18:35:02] OK   return_reminder — sent=0 (5.6ms)
[2026-10-05 18:35:02] OK   same_day_reminder — sent=0 (3ms)
[2026-10-05 18:35:02] OK   unclaimed_document — sent=0 (1.1ms)
[2026-10-05 18:35:02] === RUN END — total_sent=0 failed=0 ===
[2026-10-05 18:40:02] === RUN START (2026-10-05 18:40:02) — 5 task(s) ===
[2026-10-05 18:40:02] OK   hearing_reminder — sent=0 (0.4ms)
[2026-10-05 18:40:02] OK   pickup_reminder — sent=0 (1.1ms)
[2026-10-05 18:40:02] equipment_overdue: SKIPPED resident=7 request=21 (last sent 0.5h ago)
[2026-10-05 18:40:02] equipment_overdue: SKIPPED resident=7 request=22 (last sent 0.5h ago)
[2026-10-05 18:40:02] equipment_overdue: SKIPPED resident=7 request=23 (last sent 0.5h ago)
[2026-10-05 18:40:02] equipment_overdue: SKIPPED resident=7 request=24 (last sent 0.5h ago)
[2026-10-05 18:40:02] equipment_overdue: SKIPPED resident=7 request=25 (last sent 0.5h ago)
[2026-10-05 18:40:02] equipment_overdue: SKIPPED resident=7 request=26 (last sent 0.5h ago)
[2026-10-05 18:40:02] equipment_overdue: SKIPPED resident=7 request=28 (last sent 0.5h ago)
[2026-10-05 18:40:02] equipment_overdue: SKIPPED resident=7 request=29 (last sent 0.5h ago)
[2026-10-05 18:40:02] OK   return_reminder — sent=0 (3.7ms)
[2026-10-05 18:40:02] OK   same_day_reminder — sent=0 (0.8ms)
[2026-10-05 18:40:02] OK   unclaimed_document — sent=0 (1.5ms)
[2026-10-05 18:40:02] === RUN END — total_sent=0 failed=0 ===
[2026-10-05 18:45:02] === RUN START (2026-10-05 18:45:02) — 5 task(s) ===
[2026-10-05 18:45:02] OK   hearing_reminder — sent=0 (0.8ms)
[2026-10-05 18:45:02] OK   pickup_reminder — sent=0 (0.5ms)
[2026-10-05 18:45:02] equipment_overdue: SKIPPED resident=7 request=21 (last sent 0.5h ago)
[2026-10-05 18:45:02] equipment_overdue: SKIPPED resident=7 request=22 (last sent 0.5h ago)
[2026-10-05 18:45:02] equipment_overdue: SKIPPED resident=7 request=23 (last sent 0.5h ago)
[2026-10-05 18:45:02] equipment_overdue: SKIPPED resident=7 request=24 (last sent 0.5h ago)
[2026-10-05 18:45:02] equipment_overdue: SKIPPED resident=7 request=25 (last sent 0.5h ago)
[2026-10-05 18:45:02] equipment_overdue: SKIPPED resident=7 request=26 (last sent 0.5h ago)
[2026-10-05 18:45:02] equipment_overdue: SKIPPED resident=7 request=28 (last sent 0.5h ago)
[2026-10-05 18:45:02] equipment_overdue: SKIPPED resident=7 request=29 (last sent 0.5h ago)
[2026-10-05 18:45:02] OK   return_reminder — sent=0 (4.2ms)
[2026-10-05 18:45:02] OK   same_day_reminder — sent=0 (0.8ms)
[2026-10-05 18:45:02] OK   unclaimed_document — sent=0 (0.7ms)
[2026-10-05 18:45:02] === RUN END — total_sent=0 failed=0 ===
[2026-10-05 18:50:02] === RUN START (2026-10-05 18:50:02) — 5 task(s) ===
[2026-10-05 18:50:02] OK   hearing_reminder — sent=0 (0.6ms)
[2026-10-05 18:50:02] OK   pickup_reminder — sent=0 (0.8ms)
[2026-10-05 18:50:02] equipment_overdue: SKIPPED resident=7 request=21 (last sent 0.6h ago)
[2026-10-05 18:50:02] equipment_overdue: SKIPPED resident=7 request=22 (last sent 0.6h ago)
[2026-10-05 18:50:02] equipment_overdue: SKIPPED resident=7 request=23 (last sent 0.6h ago)
[2026-10-05 18:50:02] equipment_overdue: SKIPPED resident=7 request=24 (last sent 0.6h ago)
[2026-10-05 18:50:02] equipment_overdue: SKIPPED resident=7 request=25 (last sent 0.6h ago)
[2026-10-05 18:50:02] equipment_overdue: SKIPPED resident=7 request=26 (last sent 0.6h ago)
[2026-10-05 18:50:02] equipment_overdue: SKIPPED resident=7 request=28 (last sent 0.6h ago)
[2026-10-05 18:50:02] equipment_overdue: SKIPPED resident=7 request=29 (last sent 0.6h ago)
[2026-10-05 18:50:02] OK   return_reminder — sent=0 (4.9ms)
[2026-10-05 18:50:02] OK   same_day_reminder — sent=0 (0.8ms)
[2026-10-05 18:50:02] OK   unclaimed_document — sent=0 (0.4ms)
[2026-10-05 18:50:02] === RUN END — total_sent=0 failed=0 ===
[2026-10-05 18:55:02] === RUN START (2026-10-05 18:55:02) — 5 task(s) ===
[2026-10-05 18:55:02] OK   hearing_reminder — sent=0 (0.4ms)
[2026-10-05 18:55:02] OK   pickup_reminder — sent=0 (0.3ms)
[2026-10-05 18:55:02] equipment_overdue: SKIPPED resident=7 request=21 (last sent 0.7h ago)
[2026-10-05 18:55:02] equipment_overdue: SKIPPED resident=7 request=22 (last sent 0.7h ago)
[2026-10-05 18:55:02] equipment_overdue: SKIPPED resident=7 request=23 (last sent 0.7h ago)
[2026-10-05 18:55:02] equipment_overdue: SKIPPED resident=7 request=24 (last sent 0.7h ago)
[2026-10-05 18:55:02] equipment_overdue: SKIPPED resident=7 request=25 (last sent 0.7h ago)
[2026-10-05 18:55:02] equipment_overdue: SKIPPED resident=7 request=26 (last sent 0.7h ago)
[2026-10-05 18:55:02] equipment_overdue: SKIPPED resident=7 request=28 (last sent 0.7h ago)
[2026-10-05 18:55:02] equipment_overdue: SKIPPED resident=7 request=29 (last sent 0.7h ago)
[2026-10-05 18:55:02] OK   return_reminder — sent=0 (3.3ms)
[2026-10-05 18:55:02] OK   same_day_reminder — sent=0 (0.9ms)
[2026-10-05 18:55:02] OK   unclaimed_document — sent=0 (1ms)
[2026-10-05 18:55:02] === RUN END — total_sent=0 failed=0 ===
[2026-10-05 19:00:02] === RUN START (2026-10-05 19:00:02) — 5 task(s) ===
[2026-10-05 19:00:02] OK   hearing_reminder — sent=0 (0.5ms)
[2026-10-05 19:00:02] OK   pickup_reminder — sent=0 (3.6ms)
[2026-10-05 19:00:02] equipment_overdue: SKIPPED resident=7 request=21 (last sent 0.8h ago)
[2026-10-05 19:00:02] equipment_overdue: SKIPPED resident=7 request=22 (last sent 0.8h ago)
[2026-10-05 19:00:02] equipment_overdue: SKIPPED resident=7 request=23 (last sent 0.8h ago)
[2026-10-05 19:00:02] equipment_overdue: SKIPPED resident=7 request=24 (last sent 0.8h ago)
[2026-10-05 19:00:02] equipment_overdue: SKIPPED resident=7 request=25 (last sent 0.8h ago)
[2026-10-05 19:00:02] equipment_overdue: SKIPPED resident=7 request=26 (last sent 0.8h ago)
[2026-10-05 19:00:02] equipment_overdue: SKIPPED resident=7 request=28 (last sent 0.8h ago)
[2026-10-05 19:00:02] equipment_overdue: SKIPPED resident=7 request=29 (last sent 0.8h ago)
[2026-10-05 19:00:02] OK   return_reminder — sent=0 (4ms)
[2026-10-05 19:00:02] OK   same_day_reminder — sent=0 (0.8ms)
[2026-10-05 19:00:02] OK   unclaimed_document — sent=0 (0.6ms)
[2026-10-05 19:00:02] === RUN END — total_sent=0 failed=0 ===
[2026-10-05 19:05:02] === RUN START (2026-10-05 19:05:02) — 5 task(s) ===
[2026-10-05 19:05:02] cronSafePushResident: resident=7 has NO subscription
[2026-10-05 19:05:02] cronSafePush: called for user=4
[2026-10-05 19:05:03] cronSafePush: OK user=4 sent=1
[2026-10-05 19:05:03] hearing_reminder: processed hearing_id=16 for #CMP-20261005-69653F
[2026-10-05 19:05:03] OK   hearing_reminder — sent=1 (1089.5ms)
[2026-10-05 19:05:03] OK   pickup_reminder — sent=0 (2.8ms)
[2026-10-05 19:05:03] equipment_overdue: SKIPPED resident=7 request=21 (last sent 0.9h ago)
[2026-10-05 19:05:03] equipment_overdue: SKIPPED resident=7 request=22 (last sent 0.9h ago)
[2026-10-05 19:05:03] equipment_overdue: SKIPPED resident=7 request=23 (last sent 0.9h ago)
[2026-10-05 19:05:03] equipment_overdue: SKIPPED resident=7 request=24 (last sent 0.9h ago)
[2026-10-05 19:05:03] equipment_overdue: SKIPPED resident=7 request=25 (last sent 0.9h ago)
[2026-10-05 19:05:03] equipment_overdue: SKIPPED resident=7 request=26 (last sent 0.9h ago)
[2026-10-05 19:05:03] equipment_overdue: SKIPPED resident=7 request=28 (last sent 0.9h ago)
[2026-10-05 19:05:03] equipment_overdue: SKIPPED resident=7 request=29 (last sent 0.9h ago)
[2026-10-05 19:05:03] OK   return_reminder — sent=0 (7.5ms)
[2026-10-05 19:05:03] OK   same_day_reminder — sent=0 (1.2ms)
[2026-10-05 19:05:03] OK   unclaimed_document — sent=0 (0.5ms)
[2026-10-05 19:05:03] === RUN END — total_sent=1 failed=0 ===
[2026-10-05 19:10:02] === RUN START (2026-10-05 19:10:02) — 5 task(s) ===
[2026-10-05 19:10:02] OK   hearing_reminder — sent=0 (0.4ms)
[2026-10-05 19:10:02] OK   pickup_reminder — sent=0 (0.8ms)
[2026-10-05 19:10:02] equipment_overdue: SKIPPED resident=7 request=21 (last sent 1h ago)
[2026-10-05 19:10:02] equipment_overdue: SKIPPED resident=7 request=22 (last sent 1h ago)
[2026-10-05 19:10:02] equipment_overdue: SKIPPED resident=7 request=23 (last sent 1h ago)
[2026-10-05 19:10:02] equipment_overdue: SKIPPED resident=7 request=24 (last sent 1h ago)
[2026-10-05 19:10:02] equipment_overdue: SKIPPED resident=7 request=25 (last sent 1h ago)
[2026-10-05 19:10:02] equipment_overdue: SKIPPED resident=7 request=26 (last sent 1h ago)
[2026-10-05 19:10:02] equipment_overdue: SKIPPED resident=7 request=28 (last sent 1h ago)
[2026-10-05 19:10:02] equipment_overdue: SKIPPED resident=7 request=29 (last sent 1h ago)
[2026-10-05 19:10:02] OK   return_reminder — sent=0 (4.5ms)
[2026-10-05 19:10:02] OK   same_day_reminder — sent=0 (1.2ms)
[2026-10-05 19:10:02] OK   unclaimed_document — sent=0 (0.3ms)
[2026-10-05 19:10:02] === RUN END — total_sent=0 failed=0 ===
[2026-10-05 19:15:02] === RUN START (2026-10-05 19:15:02) — 5 task(s) ===
[2026-10-05 19:15:02] OK   hearing_reminder — sent=0 (0.5ms)
[2026-10-05 19:15:02] OK   pickup_reminder — sent=0 (1.4ms)
[2026-10-05 19:15:02] equipment_overdue: SKIPPED resident=7 request=21 (last sent 1h ago)
[2026-10-05 19:15:02] equipment_overdue: SKIPPED resident=7 request=22 (last sent 1h ago)
[2026-10-05 19:15:02] equipment_overdue: SKIPPED resident=7 request=23 (last sent 1h ago)
[2026-10-05 19:15:02] equipment_overdue: SKIPPED resident=7 request=24 (last sent 1h ago)
[2026-10-05 19:15:02] equipment_overdue: SKIPPED resident=7 request=25 (last sent 1h ago)
[2026-10-05 19:15:02] equipment_overdue: SKIPPED resident=7 request=26 (last sent 1h ago)
[2026-10-05 19:15:02] equipment_overdue: SKIPPED resident=7 request=28 (last sent 1h ago)
[2026-10-05 19:15:02] equipment_overdue: SKIPPED resident=7 request=29 (last sent 1h ago)
[2026-10-05 19:15:02] OK   return_reminder — sent=0 (7.2ms)
[2026-10-05 19:15:02] OK   same_day_reminder — sent=0 (1.1ms)
[2026-10-05 19:15:02] OK   unclaimed_document — sent=0 (0.9ms)
[2026-10-05 19:15:02] === RUN END — total_sent=0 failed=0 ===
[2026-10-05 19:20:02] === RUN START (2026-10-05 19:20:02) — 5 task(s) ===
[2026-10-05 19:20:02] OK   hearing_reminder — sent=0 (0.5ms)
[2026-10-05 19:20:02] OK   pickup_reminder — sent=0 (0.6ms)
[2026-10-05 19:20:02] equipment_overdue: SKIPPED resident=7 request=21 (last sent 1.1h ago)
[2026-10-05 19:20:02] equipment_overdue: SKIPPED resident=7 request=22 (last sent 1.1h ago)
[2026-10-05 19:20:02] equipment_overdue: SKIPPED resident=7 request=23 (last sent 1.1h ago)
[2026-10-05 19:20:02] equipment_overdue: SKIPPED resident=7 request=24 (last sent 1.1h ago)
[2026-10-05 19:20:02] equipment_overdue: SKIPPED resident=7 request=25 (last sent 1.1h ago)
[2026-10-05 19:20:02] equipment_overdue: SKIPPED resident=7 request=26 (last sent 1.1h ago)
[2026-10-05 19:20:02] equipment_overdue: SKIPPED resident=7 request=28 (last sent 1.1h ago)
[2026-10-05 19:20:02] equipment_overdue: SKIPPED resident=7 request=29 (last sent 1.1h ago)
[2026-10-05 19:20:02] OK   return_reminder — sent=0 (5.9ms)
[2026-10-05 19:20:02] OK   same_day_reminder — sent=0 (0.9ms)
[2026-10-05 19:20:02] OK   unclaimed_document — sent=0 (0.5ms)
[2026-10-05 19:20:02] === RUN END — total_sent=0 failed=0 ===
[2026-10-05 19:25:02] === RUN START (2026-10-05 19:25:02) — 5 task(s) ===
[2026-10-05 19:25:02] OK   hearing_reminder — sent=0 (0.6ms)
[2026-10-05 19:25:02] OK   pickup_reminder — sent=0 (0.7ms)
[2026-10-05 19:25:02] equipment_overdue: SKIPPED resident=7 request=21 (last sent 1.2h ago)
[2026-10-05 19:25:02] equipment_overdue: SKIPPED resident=7 request=22 (last sent 1.2h ago)
[2026-10-05 19:25:02] equipment_overdue: SKIPPED resident=7 request=23 (last sent 1.2h ago)
[2026-10-05 19:25:02] equipment_overdue: SKIPPED resident=7 request=24 (last sent 1.2h ago)
[2026-10-05 19:25:02] equipment_overdue: SKIPPED resident=7 request=25 (last sent 1.2h ago)
[2026-10-05 19:25:02] equipment_overdue: SKIPPED resident=7 request=26 (last sent 1.2h ago)
[2026-10-05 19:25:02] equipment_overdue: SKIPPED resident=7 request=28 (last sent 1.2h ago)
[2026-10-05 19:25:02] equipment_overdue: SKIPPED resident=7 request=29 (last sent 1.2h ago)
[2026-10-05 19:25:02] OK   return_reminder — sent=0 (3.6ms)
[2026-10-05 19:25:02] OK   same_day_reminder — sent=0 (0.5ms)
[2026-10-05 19:25:02] OK   unclaimed_document — sent=0 (0.6ms)
[2026-10-05 19:25:02] === RUN END — total_sent=0 failed=0 ===
[2026-10-05 19:30:02] === RUN START (2026-10-05 19:30:02) — 5 task(s) ===
[2026-10-05 19:30:02] OK   hearing_reminder — sent=0 (0.5ms)
[2026-10-05 19:30:02] OK   pickup_reminder — sent=0 (0.7ms)
[2026-10-05 19:30:02] equipment_overdue: SKIPPED resident=7 request=21 (last sent 1.3h ago)
[2026-10-05 19:30:02] equipment_overdue: SKIPPED resident=7 request=22 (last sent 1.3h ago)
[2026-10-05 19:30:02] equipment_overdue: SKIPPED resident=7 request=23 (last sent 1.3h ago)
[2026-10-05 19:30:02] equipment_overdue: SKIPPED resident=7 request=24 (last sent 1.3h ago)
[2026-10-05 19:30:02] equipment_overdue: SKIPPED resident=7 request=25 (last sent 1.3h ago)
[2026-10-05 19:30:02] equipment_overdue: SKIPPED resident=7 request=26 (last sent 1.3h ago)
[2026-10-05 19:30:02] equipment_overdue: SKIPPED resident=7 request=28 (last sent 1.3h ago)
[2026-10-05 19:30:02] equipment_overdue: SKIPPED resident=7 request=29 (last sent 1.3h ago)
[2026-10-05 19:30:02] OK   return_reminder — sent=0 (16.9ms)
[2026-10-05 19:30:02] OK   same_day_reminder — sent=0 (0.4ms)
[2026-10-05 19:30:02] OK   unclaimed_document — sent=0 (0.2ms)
[2026-10-05 19:30:02] === RUN END — total_sent=0 failed=0 ===
[2026-10-05 19:35:01] === RUN START (2026-10-05 19:35:01) — 5 task(s) ===
[2026-10-05 19:35:01] OK   hearing_reminder — sent=0 (1.1ms)
[2026-10-05 19:35:01] OK   pickup_reminder — sent=0 (0.8ms)
[2026-10-05 19:35:01] equipment_overdue: SKIPPED resident=7 request=21 (last sent 1.4h ago)
[2026-10-05 19:35:01] equipment_overdue: SKIPPED resident=7 request=22 (last sent 1.4h ago)
[2026-10-05 19:35:01] equipment_overdue: SKIPPED resident=7 request=23 (last sent 1.4h ago)
[2026-10-05 19:35:01] equipment_overdue: SKIPPED resident=7 request=24 (last sent 1.4h ago)
[2026-10-05 19:35:01] equipment_overdue: SKIPPED resident=7 request=25 (last sent 1.4h ago)
[2026-10-05 19:35:01] equipment_overdue: SKIPPED resident=7 request=26 (last sent 1.4h ago)
[2026-10-05 19:35:01] equipment_overdue: SKIPPED resident=7 request=28 (last sent 1.4h ago)
[2026-10-05 19:35:01] equipment_overdue: SKIPPED resident=7 request=29 (last sent 1.4h ago)
[2026-10-05 19:35:01] OK   return_reminder — sent=0 (4.2ms)
[2026-10-05 19:35:01] OK   same_day_reminder — sent=0 (1.4ms)
[2026-10-05 19:35:01] OK   unclaimed_document — sent=0 (1.2ms)
[2026-10-05 19:35:01] === RUN END — total_sent=0 failed=0 ===
[2026-10-05 19:40:01] === RUN START (2026-10-05 19:40:01) — 5 task(s) ===
[2026-10-05 19:40:01] OK   hearing_reminder — sent=0 (0.4ms)
[2026-10-05 19:40:01] OK   pickup_reminder — sent=0 (0.6ms)
[2026-10-05 19:40:01] equipment_overdue: SKIPPED resident=7 request=21 (last sent 1.5h ago)
[2026-10-05 19:40:01] equipment_overdue: SKIPPED resident=7 request=22 (last sent 1.5h ago)
[2026-10-05 19:40:01] equipment_overdue: SKIPPED resident=7 request=23 (last sent 1.5h ago)
[2026-10-05 19:40:01] equipment_overdue: SKIPPED resident=7 request=24 (last sent 1.5h ago)
[2026-10-05 19:40:01] equipment_overdue: SKIPPED resident=7 request=25 (last sent 1.5h ago)
[2026-10-05 19:40:01] equipment_overdue: SKIPPED resident=7 request=26 (last sent 1.5h ago)
[2026-10-05 19:40:01] equipment_overdue: SKIPPED resident=7 request=28 (last sent 1.5h ago)
[2026-10-05 19:40:01] equipment_overdue: SKIPPED resident=7 request=29 (last sent 1.5h ago)
[2026-10-05 19:40:01] OK   return_reminder — sent=0 (3.2ms)
[2026-10-05 19:40:01] OK   same_day_reminder — sent=0 (0.5ms)
[2026-10-05 19:40:01] OK   unclaimed_document — sent=0 (1.1ms)
[2026-10-05 19:40:01] === RUN END — total_sent=0 failed=0 ===
[2026-10-05 19:45:01] === RUN START (2026-10-05 19:45:01) — 5 task(s) ===
[2026-10-05 19:45:01] OK   hearing_reminder — sent=0 (0.6ms)
[2026-10-05 19:45:01] OK   pickup_reminder — sent=0 (2ms)
[2026-10-05 19:45:01] equipment_overdue: SKIPPED resident=7 request=21 (last sent 1.5h ago)
[2026-10-05 19:45:01] equipment_overdue: SKIPPED resident=7 request=22 (last sent 1.5h ago)
[2026-10-05 19:45:01] equipment_overdue: SKIPPED resident=7 request=23 (last sent 1.5h ago)
[2026-10-05 19:45:01] equipment_overdue: SKIPPED resident=7 request=24 (last sent 1.5h ago)
[2026-10-05 19:45:01] equipment_overdue: SKIPPED resident=7 request=25 (last sent 1.5h ago)
[2026-10-05 19:45:01] equipment_overdue: SKIPPED resident=7 request=26 (last sent 1.5h ago)
[2026-10-05 19:45:01] equipment_overdue: SKIPPED resident=7 request=28 (last sent 1.5h ago)
[2026-10-05 19:45:01] equipment_overdue: SKIPPED resident=7 request=29 (last sent 1.5h ago)
[2026-10-05 19:45:01] OK   return_reminder — sent=0 (11.5ms)
[2026-10-05 19:45:01] OK   same_day_reminder — sent=0 (1.1ms)
[2026-10-05 19:45:01] OK   unclaimed_document — sent=0 (0.8ms)
[2026-10-05 19:45:01] === RUN END — total_sent=0 failed=0 ===
[2026-10-05 19:50:01] === RUN START (2026-10-05 19:50:01) — 5 task(s) ===
[2026-10-05 19:50:01] OK   hearing_reminder — sent=0 (0.4ms)
[2026-10-05 19:50:01] OK   pickup_reminder — sent=0 (0.6ms)
[2026-10-05 19:50:01] equipment_overdue: SKIPPED resident=7 request=21 (last sent 1.6h ago)
[2026-10-05 19:50:01] equipment_overdue: SKIPPED resident=7 request=22 (last sent 1.6h ago)
[2026-10-05 19:50:01] equipment_overdue: SKIPPED resident=7 request=23 (last sent 1.6h ago)
[2026-10-05 19:50:01] equipment_overdue: SKIPPED resident=7 request=24 (last sent 1.6h ago)
[2026-10-05 19:50:01] equipment_overdue: SKIPPED resident=7 request=25 (last sent 1.6h ago)
[2026-10-05 19:50:01] equipment_overdue: SKIPPED resident=7 request=26 (last sent 1.6h ago)
[2026-10-05 19:50:01] equipment_overdue: SKIPPED resident=7 request=28 (last sent 1.6h ago)
[2026-10-05 19:50:01] equipment_overdue: SKIPPED resident=7 request=29 (last sent 1.6h ago)
[2026-10-05 19:50:01] OK   return_reminder — sent=0 (18.9ms)
[2026-10-05 19:50:01] OK   same_day_reminder — sent=0 (0.8ms)
[2026-10-05 19:50:01] OK   unclaimed_document — sent=0 (0.2ms)
[2026-10-05 19:50:01] === RUN END — total_sent=0 failed=0 ===
[2026-10-05 19:55:01] === RUN START (2026-10-05 19:55:01) — 5 task(s) ===
[2026-10-05 19:55:01] OK   hearing_reminder — sent=0 (0.8ms)
[2026-10-05 19:55:01] OK   pickup_reminder — sent=0 (0.7ms)
[2026-10-05 19:55:01] equipment_overdue: SKIPPED resident=7 request=21 (last sent 1.7h ago)
[2026-10-05 19:55:01] equipment_overdue: SKIPPED resident=7 request=22 (last sent 1.7h ago)
[2026-10-05 19:55:01] equipment_overdue: SKIPPED resident=7 request=23 (last sent 1.7h ago)
[2026-10-05 19:55:01] equipment_overdue: SKIPPED resident=7 request=24 (last sent 1.7h ago)
[2026-10-05 19:55:01] equipment_overdue: SKIPPED resident=7 request=25 (last sent 1.7h ago)
[2026-10-05 19:55:01] equipment_overdue: SKIPPED resident=7 request=26 (last sent 1.7h ago)
[2026-10-05 19:55:01] equipment_overdue: SKIPPED resident=7 request=28 (last sent 1.7h ago)
[2026-10-05 19:55:01] equipment_overdue: SKIPPED resident=7 request=29 (last sent 1.7h ago)
[2026-10-05 19:55:01] OK   return_reminder — sent=0 (4.4ms)
[2026-10-05 19:55:01] OK   same_day_reminder — sent=0 (0.6ms)
[2026-10-05 19:55:01] OK   unclaimed_document — sent=0 (0.8ms)
[2026-10-05 19:55:01] === RUN END — total_sent=0 failed=0 ===
[2026-10-05 20:00:01] === RUN START (2026-10-05 20:00:01) — 5 task(s) ===
[2026-10-05 20:00:01] OK   hearing_reminder — sent=0 (0.6ms)
[2026-10-05 20:00:01] OK   pickup_reminder — sent=0 (0.3ms)
[2026-10-05 20:00:01] equipment_overdue: SKIPPED resident=7 request=21 (last sent 1.8h ago)
[2026-10-05 20:00:01] equipment_overdue: SKIPPED resident=7 request=22 (last sent 1.8h ago)
[2026-10-05 20:00:01] equipment_overdue: SKIPPED resident=7 request=23 (last sent 1.8h ago)
[2026-10-05 20:00:01] equipment_overdue: SKIPPED resident=7 request=24 (last sent 1.8h ago)
[2026-10-05 20:00:01] equipment_overdue: SKIPPED resident=7 request=25 (last sent 1.8h ago)
[2026-10-05 20:00:01] equipment_overdue: SKIPPED resident=7 request=26 (last sent 1.8h ago)
[2026-10-05 20:00:01] equipment_overdue: SKIPPED resident=7 request=28 (last sent 1.8h ago)
[2026-10-05 20:00:01] equipment_overdue: SKIPPED resident=7 request=29 (last sent 1.8h ago)
[2026-10-05 20:00:01] OK   return_reminder — sent=0 (4.5ms)
[2026-10-05 20:00:01] OK   same_day_reminder — sent=0 (0.8ms)
[2026-10-05 20:00:01] OK   unclaimed_document — sent=0 (1ms)
[2026-10-05 20:00:01] === RUN END — total_sent=0 failed=0 ===
[2026-10-05 20:05:01] === RUN START (2026-10-05 20:05:01) — 5 task(s) ===
[2026-10-05 20:05:01] OK   hearing_reminder — sent=0 (1.6ms)
[2026-10-05 20:05:01] OK   pickup_reminder — sent=0 (0.3ms)
[2026-10-05 20:05:01] equipment_overdue: SKIPPED resident=7 request=21 (last sent 1.9h ago)
[2026-10-05 20:05:01] equipment_overdue: SKIPPED resident=7 request=22 (last sent 1.9h ago)
[2026-10-05 20:05:01] equipment_overdue: SKIPPED resident=7 request=23 (last sent 1.9h ago)
[2026-10-05 20:05:01] equipment_overdue: SKIPPED resident=7 request=24 (last sent 1.9h ago)
[2026-10-05 20:05:01] equipment_overdue: SKIPPED resident=7 request=25 (last sent 1.9h ago)
[2026-10-05 20:05:01] equipment_overdue: SKIPPED resident=7 request=26 (last sent 1.9h ago)
[2026-10-05 20:05:01] equipment_overdue: SKIPPED resident=7 request=28 (last sent 1.9h ago)
[2026-10-05 20:05:01] equipment_overdue: SKIPPED resident=7 request=29 (last sent 1.9h ago)
[2026-10-05 20:05:01] OK   return_reminder — sent=0 (2.5ms)
[2026-10-05 20:05:01] OK   same_day_reminder — sent=0 (0.5ms)
[2026-10-05 20:05:01] OK   unclaimed_document — sent=0 (0.5ms)
[2026-10-05 20:05:01] === RUN END — total_sent=0 failed=0 ===
[2026-10-05 20:10:01] === RUN START (2026-10-05 20:10:01) — 5 task(s) ===
[2026-10-05 20:10:01] OK   hearing_reminder — sent=0 (0.9ms)
[2026-10-05 20:10:01] OK   pickup_reminder — sent=0 (1.1ms)
[2026-10-05 20:10:01] equipment_overdue: SKIPPED resident=7 request=21 (last sent 2h ago)
[2026-10-05 20:10:01] equipment_overdue: SKIPPED resident=7 request=22 (last sent 2h ago)
[2026-10-05 20:10:01] equipment_overdue: SKIPPED resident=7 request=23 (last sent 2h ago)
[2026-10-05 20:10:01] equipment_overdue: SKIPPED resident=7 request=24 (last sent 2h ago)
[2026-10-05 20:10:01] equipment_overdue: SKIPPED resident=7 request=25 (last sent 2h ago)
[2026-10-05 20:10:01] equipment_overdue: SKIPPED resident=7 request=26 (last sent 2h ago)
[2026-10-05 20:10:01] equipment_overdue: SKIPPED resident=7 request=28 (last sent 2h ago)
[2026-10-05 20:10:01] equipment_overdue: SKIPPED resident=7 request=29 (last sent 2h ago)
[2026-10-05 20:10:01] OK   return_reminder — sent=0 (4.7ms)
[2026-10-05 20:10:01] OK   same_day_reminder — sent=0 (0.9ms)
[2026-10-05 20:10:01] OK   unclaimed_document — sent=0 (0.6ms)
[2026-10-05 20:10:01] === RUN END — total_sent=0 failed=0 ===
[2026-10-05 20:15:01] === RUN START (2026-10-05 20:15:01) — 5 task(s) ===
[2026-10-05 20:15:01] OK   hearing_reminder — sent=0 (0.4ms)
[2026-10-05 20:15:01] OK   pickup_reminder — sent=0 (0.7ms)
[2026-10-05 20:15:01] equipment_overdue: SKIPPED resident=7 request=21 (last sent 2h ago)
[2026-10-05 20:15:01] equipment_overdue: SKIPPED resident=7 request=22 (last sent 2h ago)
[2026-10-05 20:15:01] equipment_overdue: SKIPPED resident=7 request=23 (last sent 2h ago)
[2026-10-05 20:15:01] equipment_overdue: SKIPPED resident=7 request=24 (last sent 2h ago)
[2026-10-05 20:15:01] equipment_overdue: SKIPPED resident=7 request=25 (last sent 2h ago)
[2026-10-05 20:15:01] equipment_overdue: SKIPPED resident=7 request=26 (last sent 2h ago)
[2026-10-05 20:15:01] equipment_overdue: SKIPPED resident=7 request=28 (last sent 2h ago)
[2026-10-05 20:15:01] equipment_overdue: SKIPPED resident=7 request=29 (last sent 2h ago)
[2026-10-05 20:15:01] OK   return_reminder — sent=0 (3.1ms)
[2026-10-05 20:15:01] OK   same_day_reminder — sent=0 (0.9ms)
[2026-10-05 20:15:01] OK   unclaimed_document — sent=0 (0.8ms)
[2026-10-05 20:15:01] === RUN END — total_sent=0 failed=0 ===
[2026-10-05 20:20:01] === RUN START (2026-10-05 20:20:01) — 5 task(s) ===
[2026-10-05 20:20:01] OK   hearing_reminder — sent=0 (0.5ms)
[2026-10-05 20:20:01] OK   pickup_reminder — sent=0 (1.9ms)
[2026-10-05 20:20:01] equipment_overdue: SKIPPED resident=7 request=21 (last sent 2.1h ago)
[2026-10-05 20:20:01] equipment_overdue: SKIPPED resident=7 request=22 (last sent 2.1h ago)
[2026-10-05 20:20:01] equipment_overdue: SKIPPED resident=7 request=23 (last sent 2.1h ago)
[2026-10-05 20:20:01] equipment_overdue: SKIPPED resident=7 request=24 (last sent 2.1h ago)
[2026-10-05 20:20:01] equipment_overdue: SKIPPED resident=7 request=25 (last sent 2.1h ago)
[2026-10-05 20:20:01] equipment_overdue: SKIPPED resident=7 request=26 (last sent 2.1h ago)
[2026-10-05 20:20:01] equipment_overdue: SKIPPED resident=7 request=28 (last sent 2.1h ago)
[2026-10-05 20:20:01] equipment_overdue: SKIPPED resident=7 request=29 (last sent 2.1h ago)
[2026-10-05 20:20:01] OK   return_reminder — sent=0 (1.6ms)
[2026-10-05 20:20:01] OK   same_day_reminder — sent=0 (0.3ms)
[2026-10-05 20:20:01] OK   unclaimed_document — sent=0 (0.3ms)
[2026-10-05 20:20:01] === RUN END — total_sent=0 failed=0 ===
[2026-10-05 20:25:01] === RUN START (2026-10-05 20:25:01) — 5 task(s) ===
[2026-10-05 20:25:01] OK   hearing_reminder — sent=0 (0.5ms)
[2026-10-05 20:25:01] OK   pickup_reminder — sent=0 (0.5ms)
[2026-10-05 20:25:01] equipment_overdue: SKIPPED resident=7 request=21 (last sent 2.2h ago)
[2026-10-05 20:25:01] equipment_overdue: SKIPPED resident=7 request=22 (last sent 2.2h ago)
[2026-10-05 20:25:01] equipment_overdue: SKIPPED resident=7 request=23 (last sent 2.2h ago)
[2026-10-05 20:25:01] equipment_overdue: SKIPPED resident=7 request=24 (last sent 2.2h ago)
[2026-10-05 20:25:01] equipment_overdue: SKIPPED resident=7 request=25 (last sent 2.2h ago)
[2026-10-05 20:25:01] equipment_overdue: SKIPPED resident=7 request=26 (last sent 2.2h ago)
[2026-10-05 20:25:01] equipment_overdue: SKIPPED resident=7 request=28 (last sent 2.2h ago)
[2026-10-05 20:25:01] equipment_overdue: SKIPPED resident=7 request=29 (last sent 2.2h ago)
[2026-10-05 20:25:01] OK   return_reminder — sent=0 (2.1ms)
[2026-10-05 20:25:01] OK   same_day_reminder — sent=0 (1.7ms)
[2026-10-05 20:25:01] OK   unclaimed_document — sent=0 (0.5ms)
[2026-10-05 20:25:01] === RUN END — total_sent=0 failed=0 ===
[2026-10-05 20:30:01] === RUN START (2026-10-05 20:30:01) — 5 task(s) ===
[2026-10-05 20:30:01] OK   hearing_reminder — sent=0 (0.5ms)
[2026-10-05 20:30:01] OK   pickup_reminder — sent=0 (0.7ms)
[2026-10-05 20:30:01] equipment_overdue: SKIPPED resident=7 request=21 (last sent 2.3h ago)
[2026-10-05 20:30:01] equipment_overdue: SKIPPED resident=7 request=22 (last sent 2.3h ago)
[2026-10-05 20:30:01] equipment_overdue: SKIPPED resident=7 request=23 (last sent 2.3h ago)
[2026-10-05 20:30:01] equipment_overdue: SKIPPED resident=7 request=24 (last sent 2.3h ago)
[2026-10-05 20:30:01] equipment_overdue: SKIPPED resident=7 request=25 (last sent 2.3h ago)
[2026-10-05 20:30:01] equipment_overdue: SKIPPED resident=7 request=26 (last sent 2.3h ago)
[2026-10-05 20:30:01] equipment_overdue: SKIPPED resident=7 request=28 (last sent 2.3h ago)
[2026-10-05 20:30:01] equipment_overdue: SKIPPED resident=7 request=29 (last sent 2.3h ago)
[2026-10-05 20:30:01] OK   return_reminder — sent=0 (3.5ms)
[2026-10-05 20:30:01] OK   same_day_reminder — sent=0 (0.7ms)
[2026-10-05 20:30:01] OK   unclaimed_document — sent=0 (0.5ms)
[2026-10-05 20:30:01] === RUN END — total_sent=0 failed=0 ===
[2026-10-05 20:35:01] === RUN START (2026-10-05 20:35:01) — 5 task(s) ===
[2026-10-05 20:35:01] OK   hearing_reminder — sent=0 (5ms)
[2026-10-05 20:35:01] OK   pickup_reminder — sent=0 (1.8ms)
[2026-10-05 20:35:01] equipment_overdue: SKIPPED resident=7 request=21 (last sent 2.4h ago)
[2026-10-05 20:35:01] equipment_overdue: SKIPPED resident=7 request=22 (last sent 2.4h ago)
[2026-10-05 20:35:01] equipment_overdue: SKIPPED resident=7 request=23 (last sent 2.4h ago)
[2026-10-05 20:35:01] equipment_overdue: SKIPPED resident=7 request=24 (last sent 2.4h ago)
[2026-10-05 20:35:01] equipment_overdue: SKIPPED resident=7 request=25 (last sent 2.4h ago)
[2026-10-05 20:35:01] equipment_overdue: SKIPPED resident=7 request=26 (last sent 2.4h ago)
[2026-10-05 20:35:01] equipment_overdue: SKIPPED resident=7 request=28 (last sent 2.4h ago)
[2026-10-05 20:35:01] equipment_overdue: SKIPPED resident=7 request=29 (last sent 2.4h ago)
[2026-10-05 20:35:01] OK   return_reminder — sent=0 (12ms)
[2026-10-05 20:35:01] OK   same_day_reminder — sent=0 (1.7ms)
[2026-10-05 20:35:01] OK   unclaimed_document — sent=0 (1.8ms)
[2026-10-05 20:35:01] === RUN END — total_sent=0 failed=0 ===
[2026-10-05 20:40:01] === RUN START (2026-10-05 20:40:01) — 5 task(s) ===
[2026-10-05 20:40:01] OK   hearing_reminder — sent=0 (0.8ms)
[2026-10-05 20:40:01] OK   pickup_reminder — sent=0 (1.1ms)
[2026-10-05 20:40:01] equipment_overdue: SKIPPED resident=7 request=21 (last sent 2.5h ago)
[2026-10-05 20:40:01] equipment_overdue: SKIPPED resident=7 request=22 (last sent 2.5h ago)
[2026-10-05 20:40:01] equipment_overdue: SKIPPED resident=7 request=23 (last sent 2.5h ago)
[2026-10-05 20:40:01] equipment_overdue: SKIPPED resident=7 request=24 (last sent 2.5h ago)
[2026-10-05 20:40:01] equipment_overdue: SKIPPED resident=7 request=25 (last sent 2.5h ago)
[2026-10-05 20:40:01] equipment_overdue: SKIPPED resident=7 request=26 (last sent 2.5h ago)
[2026-10-05 20:40:01] equipment_overdue: SKIPPED resident=7 request=28 (last sent 2.5h ago)
[2026-10-05 20:40:01] equipment_overdue: SKIPPED resident=7 request=29 (last sent 2.5h ago)
[2026-10-05 20:40:01] OK   return_reminder — sent=0 (31.3ms)
[2026-10-05 20:40:01] OK   same_day_reminder — sent=0 (1.1ms)
[2026-10-05 20:40:01] OK   unclaimed_document — sent=0 (1.7ms)
[2026-10-05 20:40:01] === RUN END — total_sent=0 failed=0 ===
[2026-10-05 20:45:01] === RUN START (2026-10-05 20:45:01) — 5 task(s) ===
[2026-10-05 20:45:01] OK   hearing_reminder — sent=0 (0.7ms)
[2026-10-05 20:45:01] OK   pickup_reminder — sent=0 (0.8ms)
[2026-10-05 20:45:01] equipment_overdue: SKIPPED resident=7 request=21 (last sent 2.5h ago)
[2026-10-05 20:45:01] equipment_overdue: SKIPPED resident=7 request=22 (last sent 2.5h ago)
[2026-10-05 20:45:01] equipment_overdue: SKIPPED resident=7 request=23 (last sent 2.5h ago)
[2026-10-05 20:45:01] equipment_overdue: SKIPPED resident=7 request=24 (last sent 2.5h ago)
[2026-10-05 20:45:01] equipment_overdue: SKIPPED resident=7 request=25 (last sent 2.5h ago)
[2026-10-05 20:45:01] equipment_overdue: SKIPPED resident=7 request=26 (last sent 2.5h ago)
[2026-10-05 20:45:01] equipment_overdue: SKIPPED resident=7 request=28 (last sent 2.5h ago)
[2026-10-05 20:45:01] equipment_overdue: SKIPPED resident=7 request=29 (last sent 2.5h ago)
[2026-10-05 20:45:01] OK   return_reminder — sent=0 (4.9ms)
[2026-10-05 20:45:01] OK   same_day_reminder — sent=0 (3.8ms)
[2026-10-05 20:45:01] OK   unclaimed_document — sent=0 (0.8ms)
[2026-10-05 20:45:01] === RUN END — total_sent=0 failed=0 ===
[2026-10-05 20:50:01] === RUN START (2026-10-05 20:50:01) — 5 task(s) ===
[2026-10-05 20:50:01] OK   hearing_reminder — sent=0 (0.7ms)
[2026-10-05 20:50:01] OK   pickup_reminder — sent=0 (0.5ms)
[2026-10-05 20:50:01] equipment_overdue: SKIPPED resident=7 request=21 (last sent 2.6h ago)
[2026-10-05 20:50:01] equipment_overdue: SKIPPED resident=7 request=22 (last sent 2.6h ago)
[2026-10-05 20:50:01] equipment_overdue: SKIPPED resident=7 request=23 (last sent 2.6h ago)
[2026-10-05 20:50:01] equipment_overdue: SKIPPED resident=7 request=24 (last sent 2.6h ago)
[2026-10-05 20:50:01] equipment_overdue: SKIPPED resident=7 request=25 (last sent 2.6h ago)
[2026-10-05 20:50:01] equipment_overdue: SKIPPED resident=7 request=26 (last sent 2.6h ago)
[2026-10-05 20:50:01] equipment_overdue: SKIPPED resident=7 request=28 (last sent 2.6h ago)
[2026-10-05 20:50:01] equipment_overdue: SKIPPED resident=7 request=29 (last sent 2.6h ago)
[2026-10-05 20:50:01] OK   return_reminder — sent=0 (4.2ms)
[2026-10-05 20:50:01] OK   same_day_reminder — sent=0 (1.5ms)
[2026-10-05 20:50:01] OK   unclaimed_document — sent=0 (1.4ms)
[2026-10-05 20:50:01] === RUN END — total_sent=0 failed=0 ===
[2026-10-05 20:55:01] === RUN START (2026-10-05 20:55:01) — 5 task(s) ===
[2026-10-05 20:55:01] OK   hearing_reminder — sent=0 (0.7ms)
[2026-10-05 20:55:01] OK   pickup_reminder — sent=0 (0.4ms)
[2026-10-05 20:55:01] equipment_overdue: SKIPPED resident=7 request=21 (last sent 2.7h ago)
[2026-10-05 20:55:01] equipment_overdue: SKIPPED resident=7 request=22 (last sent 2.7h ago)
[2026-10-05 20:55:01] equipment_overdue: SKIPPED resident=7 request=23 (last sent 2.7h ago)
[2026-10-05 20:55:01] equipment_overdue: SKIPPED resident=7 request=24 (last sent 2.7h ago)
[2026-10-05 20:55:01] equipment_overdue: SKIPPED resident=7 request=25 (last sent 2.7h ago)
[2026-10-05 20:55:01] equipment_overdue: SKIPPED resident=7 request=26 (last sent 2.7h ago)
[2026-10-05 20:55:01] equipment_overdue: SKIPPED resident=7 request=28 (last sent 2.7h ago)
[2026-10-05 20:55:01] equipment_overdue: SKIPPED resident=7 request=29 (last sent 2.7h ago)
[2026-10-05 20:55:01] OK   return_reminder — sent=0 (5.5ms)
[2026-10-05 20:55:01] OK   same_day_reminder — sent=0 (1.6ms)
[2026-10-05 20:55:01] OK   unclaimed_document — sent=0 (1.2ms)
[2026-10-05 20:55:01] === RUN END — total_sent=0 failed=0 ===
[2026-10-05 21:00:01] === RUN START (2026-10-05 21:00:01) — 5 task(s) ===
[2026-10-05 21:00:01] OK   hearing_reminder — sent=0 (0.9ms)
[2026-10-05 21:00:01] OK   pickup_reminder — sent=0 (0.7ms)
[2026-10-05 21:00:01] equipment_overdue: SKIPPED resident=7 request=21 (last sent 2.8h ago)
[2026-10-05 21:00:01] equipment_overdue: SKIPPED resident=7 request=22 (last sent 2.8h ago)
[2026-10-05 21:00:01] equipment_overdue: SKIPPED resident=7 request=23 (last sent 2.8h ago)
[2026-10-05 21:00:01] equipment_overdue: SKIPPED resident=7 request=24 (last sent 2.8h ago)
[2026-10-05 21:00:01] equipment_overdue: SKIPPED resident=7 request=25 (last sent 2.8h ago)
[2026-10-05 21:00:01] equipment_overdue: SKIPPED resident=7 request=26 (last sent 2.8h ago)
[2026-10-05 21:00:01] equipment_overdue: SKIPPED resident=7 request=28 (last sent 2.8h ago)
[2026-10-05 21:00:01] equipment_overdue: SKIPPED resident=7 request=29 (last sent 2.8h ago)
[2026-10-05 21:00:01] OK   return_reminder — sent=0 (4.8ms)
[2026-10-05 21:00:01] OK   same_day_reminder — sent=0 (1.1ms)
[2026-10-05 21:00:01] OK   unclaimed_document — sent=0 (1ms)
[2026-10-05 21:00:01] === RUN END — total_sent=0 failed=0 ===
[2026-10-05 21:05:01] === RUN START (2026-10-05 21:05:01) — 5 task(s) ===
[2026-10-05 21:05:01] OK   hearing_reminder — sent=0 (0.6ms)
[2026-10-05 21:05:01] OK   pickup_reminder — sent=0 (0.5ms)
[2026-10-05 21:05:01] equipment_overdue: SKIPPED resident=7 request=21 (last sent 2.9h ago)
[2026-10-05 21:05:01] equipment_overdue: SKIPPED resident=7 request=22 (last sent 2.9h ago)
[2026-10-05 21:05:01] equipment_overdue: SKIPPED resident=7 request=23 (last sent 2.9h ago)
[2026-10-05 21:05:01] equipment_overdue: SKIPPED resident=7 request=24 (last sent 2.9h ago)
[2026-10-05 21:05:01] equipment_overdue: SKIPPED resident=7 request=25 (last sent 2.9h ago)
[2026-10-05 21:05:01] equipment_overdue: SKIPPED resident=7 request=26 (last sent 2.9h ago)
[2026-10-05 21:05:01] equipment_overdue: SKIPPED resident=7 request=28 (last sent 2.9h ago)
[2026-10-05 21:05:01] equipment_overdue: SKIPPED resident=7 request=29 (last sent 2.9h ago)
[2026-10-05 21:05:01] OK   return_reminder — sent=0 (5.6ms)
[2026-10-05 21:05:01] OK   same_day_reminder — sent=0 (0.7ms)
[2026-10-05 21:05:01] OK   unclaimed_document — sent=0 (0.4ms)
[2026-10-05 21:05:01] === RUN END — total_sent=0 failed=0 ===
[2026-10-05 21:10:01] === RUN START (2026-10-05 21:10:01) — 5 task(s) ===
[2026-10-05 21:10:01] OK   hearing_reminder — sent=0 (0.7ms)
[2026-10-05 21:10:01] OK   pickup_reminder — sent=0 (0.4ms)
[2026-10-05 21:10:01] equipment_overdue: SKIPPED resident=7 request=21 (last sent 3h ago)
[2026-10-05 21:10:01] equipment_overdue: SKIPPED resident=7 request=22 (last sent 3h ago)
[2026-10-05 21:10:01] equipment_overdue: SKIPPED resident=7 request=23 (last sent 3h ago)
[2026-10-05 21:10:01] equipment_overdue: SKIPPED resident=7 request=24 (last sent 3h ago)
[2026-10-05 21:10:01] equipment_overdue: SKIPPED resident=7 request=25 (last sent 3h ago)
[2026-10-05 21:10:01] equipment_overdue: SKIPPED resident=7 request=26 (last sent 3h ago)
[2026-10-05 21:10:01] equipment_overdue: SKIPPED resident=7 request=28 (last sent 3h ago)
[2026-10-05 21:10:01] equipment_overdue: SKIPPED resident=7 request=29 (last sent 3h ago)
[2026-10-05 21:10:01] OK   return_reminder — sent=0 (4.2ms)
[2026-10-05 21:10:01] OK   same_day_reminder — sent=0 (2.3ms)
[2026-10-05 21:10:01] OK   unclaimed_document — sent=0 (1.2ms)
[2026-10-05 21:10:01] === RUN END — total_sent=0 failed=0 ===
[2026-10-05 21:15:01] === RUN START (2026-10-05 21:15:01) — 5 task(s) ===
[2026-10-05 21:15:01] OK   hearing_reminder — sent=0 (0.6ms)
[2026-10-05 21:15:01] OK   pickup_reminder — sent=0 (1.6ms)
[2026-10-05 21:15:01] cronSafePushResident: resident=7 has NO subscription
[2026-10-05 21:15:01] equipment_overdue: sent to resident=7 for request=21 (overdue=144)
[2026-10-05 21:15:01] cronSafePushResident: resident=7 has NO subscription
[2026-10-05 21:15:01] equipment_overdue: sent to resident=7 for request=22 (overdue=143)
[2026-10-05 21:15:01] cronSafePushResident: resident=7 has NO subscription
[2026-10-05 21:15:01] equipment_overdue: sent to resident=7 for request=23 (overdue=144)
[2026-10-05 21:15:01] cronSafePushResident: resident=7 has NO subscription
[2026-10-05 21:15:01] equipment_overdue: sent to resident=7 for request=24 (overdue=143)
[2026-10-05 21:15:01] cronSafePushResident: resident=7 has NO subscription
[2026-10-05 21:15:01] equipment_overdue: sent to resident=7 for request=25 (overdue=137)
[2026-10-05 21:15:01] cronSafePushResident: resident=7 has NO subscription
[2026-10-05 21:15:01] equipment_overdue: sent to resident=7 for request=26 (overdue=144)
[2026-10-05 21:15:01] cronSafePushResident: resident=7 has NO subscription
[2026-10-05 21:15:01] equipment_overdue: sent to resident=7 for request=28 (overdue=136)
[2026-10-05 21:15:01] cronSafePushResident: resident=7 has NO subscription
[2026-10-05 21:15:01] equipment_overdue: sent to resident=7 for request=29 (overdue=136)
[2026-10-05 21:15:01] OK   return_reminder — sent=8 (56.4ms)
[2026-10-05 21:15:01] OK   same_day_reminder — sent=0 (1ms)
[2026-10-05 21:15:01] OK   unclaimed_document — sent=0 (0.5ms)
[2026-10-05 21:15:01] === RUN END — total_sent=8 failed=0 ===
[2026-10-05 21:20:01] === RUN START (2026-10-05 21:20:01) — 5 task(s) ===
[2026-10-05 21:20:01] OK   hearing_reminder — sent=0 (0.7ms)
[2026-10-05 21:20:01] OK   pickup_reminder — sent=0 (1.9ms)
[2026-10-05 21:20:01] equipment_overdue: SKIPPED resident=7 request=21 (last sent 0.1h ago)
[2026-10-05 21:20:01] equipment_overdue: SKIPPED resident=7 request=22 (last sent 0.1h ago)
[2026-10-05 21:20:01] equipment_overdue: SKIPPED resident=7 request=23 (last sent 0.1h ago)
[2026-10-05 21:20:01] equipment_overdue: SKIPPED resident=7 request=24 (last sent 0.1h ago)
[2026-10-05 21:20:01] equipment_overdue: SKIPPED resident=7 request=25 (last sent 0.1h ago)
[2026-10-05 21:20:01] equipment_overdue: SKIPPED resident=7 request=26 (last sent 0.1h ago)
[2026-10-05 21:20:01] equipment_overdue: SKIPPED resident=7 request=28 (last sent 0.1h ago)
[2026-10-05 21:20:01] equipment_overdue: SKIPPED resident=7 request=29 (last sent 0.1h ago)
[2026-10-05 21:20:01] OK   return_reminder — sent=0 (8.5ms)
[2026-10-05 21:20:01] OK   same_day_reminder — sent=0 (2.3ms)
[2026-10-05 21:20:01] OK   unclaimed_document — sent=0 (0.8ms)
[2026-10-05 21:20:01] === RUN END — total_sent=0 failed=0 ===
[2026-10-05 21:25:01] === RUN START (2026-10-05 21:25:01) — 5 task(s) ===
[2026-10-05 21:25:01] OK   hearing_reminder — sent=0 (0.7ms)
[2026-10-05 21:25:01] OK   pickup_reminder — sent=0 (0.5ms)
[2026-10-05 21:25:01] equipment_overdue: SKIPPED resident=7 request=21 (last sent 0.2h ago)
[2026-10-05 21:25:01] equipment_overdue: SKIPPED resident=7 request=22 (last sent 0.2h ago)
[2026-10-05 21:25:01] equipment_overdue: SKIPPED resident=7 request=23 (last sent 0.2h ago)
[2026-10-05 21:25:01] equipment_overdue: SKIPPED resident=7 request=24 (last sent 0.2h ago)
[2026-10-05 21:25:01] equipment_overdue: SKIPPED resident=7 request=25 (last sent 0.2h ago)
[2026-10-05 21:25:01] equipment_overdue: SKIPPED resident=7 request=26 (last sent 0.2h ago)
[2026-10-05 21:25:01] equipment_overdue: SKIPPED resident=7 request=28 (last sent 0.2h ago)
[2026-10-05 21:25:01] equipment_overdue: SKIPPED resident=7 request=29 (last sent 0.2h ago)
[2026-10-05 21:25:01] OK   return_reminder — sent=0 (6.1ms)
[2026-10-05 21:25:01] OK   same_day_reminder — sent=0 (1ms)
[2026-10-05 21:25:01] OK   unclaimed_document — sent=0 (0.4ms)
[2026-10-05 21:25:01] === RUN END — total_sent=0 failed=0 ===
[2026-10-05 21:30:01] === RUN START (2026-10-05 21:30:01) — 5 task(s) ===
[2026-10-05 21:30:01] OK   hearing_reminder — sent=0 (0.8ms)
[2026-10-05 21:30:01] OK   pickup_reminder — sent=0 (0.6ms)
[2026-10-05 21:30:01] equipment_overdue: SKIPPED resident=7 request=21 (last sent 0.3h ago)
[2026-10-05 21:30:01] equipment_overdue: SKIPPED resident=7 request=22 (last sent 0.3h ago)
[2026-10-05 21:30:01] equipment_overdue: SKIPPED resident=7 request=23 (last sent 0.3h ago)
[2026-10-05 21:30:01] equipment_overdue: SKIPPED resident=7 request=24 (last sent 0.3h ago)
[2026-10-05 21:30:01] equipment_overdue: SKIPPED resident=7 request=25 (last sent 0.3h ago)
[2026-10-05 21:30:01] equipment_overdue: SKIPPED resident=7 request=26 (last sent 0.3h ago)
[2026-10-05 21:30:01] equipment_overdue: SKIPPED resident=7 request=28 (last sent 0.3h ago)
[2026-10-05 21:30:01] equipment_overdue: SKIPPED resident=7 request=29 (last sent 0.3h ago)
[2026-10-05 21:30:01] OK   return_reminder — sent=0 (31ms)
[2026-10-05 21:30:01] OK   same_day_reminder — sent=0 (1ms)
[2026-10-05 21:30:01] OK   unclaimed_document — sent=0 (0.8ms)
[2026-10-05 21:30:01] === RUN END — total_sent=0 failed=0 ===
[2026-10-05 21:35:01] === RUN START (2026-10-05 21:35:01) — 5 task(s) ===
[2026-10-05 21:35:01] OK   hearing_reminder — sent=0 (0.5ms)
[2026-10-05 21:35:01] OK   pickup_reminder — sent=0 (0.6ms)
[2026-10-05 21:35:01] equipment_overdue: SKIPPED resident=7 request=21 (last sent 0.3h ago)
[2026-10-05 21:35:01] equipment_overdue: SKIPPED resident=7 request=22 (last sent 0.3h ago)
[2026-10-05 21:35:01] equipment_overdue: SKIPPED resident=7 request=23 (last sent 0.3h ago)
[2026-10-05 21:35:01] equipment_overdue: SKIPPED resident=7 request=24 (last sent 0.3h ago)
[2026-10-05 21:35:01] equipment_overdue: SKIPPED resident=7 request=25 (last sent 0.3h ago)
[2026-10-05 21:35:01] equipment_overdue: SKIPPED resident=7 request=26 (last sent 0.3h ago)
[2026-10-05 21:35:01] equipment_overdue: SKIPPED resident=7 request=28 (last sent 0.3h ago)
[2026-10-05 21:35:01] equipment_overdue: SKIPPED resident=7 request=29 (last sent 0.3h ago)
[2026-10-05 21:35:01] OK   return_reminder — sent=0 (3.1ms)
[2026-10-05 21:35:01] OK   same_day_reminder — sent=0 (0.9ms)
[2026-10-05 21:35:01] OK   unclaimed_document — sent=0 (0.8ms)
[2026-10-05 21:35:01] === RUN END — total_sent=0 failed=0 ===
[2026-10-05 21:40:02] === RUN START (2026-10-05 21:40:02) — 5 task(s) ===
[2026-10-05 21:40:02] OK   hearing_reminder — sent=0 (3.3ms)
[2026-10-05 21:40:02] OK   pickup_reminder — sent=0 (1.3ms)
[2026-10-05 21:40:02] equipment_overdue: SKIPPED resident=7 request=21 (last sent 0.4h ago)
[2026-10-05 21:40:02] equipment_overdue: SKIPPED resident=7 request=22 (last sent 0.4h ago)
[2026-10-05 21:40:02] equipment_overdue: SKIPPED resident=7 request=23 (last sent 0.4h ago)
[2026-10-05 21:40:02] equipment_overdue: SKIPPED resident=7 request=24 (last sent 0.4h ago)
[2026-10-05 21:40:02] equipment_overdue: SKIPPED resident=7 request=25 (last sent 0.4h ago)
[2026-10-05 21:40:02] equipment_overdue: SKIPPED resident=7 request=26 (last sent 0.4h ago)
[2026-10-05 21:40:02] equipment_overdue: SKIPPED resident=7 request=28 (last sent 0.4h ago)
[2026-10-05 21:40:02] equipment_overdue: SKIPPED resident=7 request=29 (last sent 0.4h ago)
[2026-10-05 21:40:02] OK   return_reminder — sent=0 (7.6ms)
[2026-10-05 21:40:02] OK   same_day_reminder — sent=0 (2.1ms)
[2026-10-05 21:40:02] OK   unclaimed_document — sent=0 (1.3ms)
[2026-10-05 21:40:02] === RUN END — total_sent=0 failed=0 ===
[2026-10-05 21:45:05] === RUN START (2026-10-05 21:45:05) — 5 task(s) ===
[2026-10-05 21:45:05] OK   hearing_reminder — sent=0 (1.5ms)
[2026-10-05 21:45:05] OK   pickup_reminder — sent=0 (3.7ms)
[2026-10-05 21:45:05] equipment_overdue: SKIPPED resident=7 request=21 (last sent 0.5h ago)
[2026-10-05 21:45:05] equipment_overdue: SKIPPED resident=7 request=22 (last sent 0.5h ago)
[2026-10-05 21:45:05] equipment_overdue: SKIPPED resident=7 request=23 (last sent 0.5h ago)
[2026-10-05 21:45:05] equipment_overdue: SKIPPED resident=7 request=24 (last sent 0.5h ago)
[2026-10-05 21:45:05] equipment_overdue: SKIPPED resident=7 request=25 (last sent 0.5h ago)
[2026-10-05 21:45:05] equipment_overdue: SKIPPED resident=7 request=26 (last sent 0.5h ago)
[2026-10-05 21:45:05] equipment_overdue: SKIPPED resident=7 request=28 (last sent 0.5h ago)
[2026-10-05 21:45:05] equipment_overdue: SKIPPED resident=7 request=29 (last sent 0.5h ago)
[2026-10-05 21:45:05] OK   return_reminder — sent=0 (14.8ms)
[2026-10-05 21:45:05] OK   same_day_reminder — sent=0 (2.6ms)
[2026-10-05 21:45:05] OK   unclaimed_document — sent=0 (1.4ms)
[2026-10-05 21:45:05] === RUN END — total_sent=0 failed=0 ===
[2026-10-05 21:50:01] === RUN START (2026-10-05 21:50:01) — 5 task(s) ===
[2026-10-05 21:50:01] OK   hearing_reminder — sent=0 (2.8ms)
[2026-10-05 21:50:01] OK   pickup_reminder — sent=0 (2ms)
[2026-10-05 21:50:01] equipment_overdue: SKIPPED resident=7 request=21 (last sent 0.6h ago)
[2026-10-05 21:50:01] equipment_overdue: SKIPPED resident=7 request=22 (last sent 0.6h ago)
[2026-10-05 21:50:01] equipment_overdue: SKIPPED resident=7 request=23 (last sent 0.6h ago)
[2026-10-05 21:50:01] equipment_overdue: SKIPPED resident=7 request=24 (last sent 0.6h ago)
[2026-10-05 21:50:01] equipment_overdue: SKIPPED resident=7 request=25 (last sent 0.6h ago)
[2026-10-05 21:50:01] equipment_overdue: SKIPPED resident=7 request=26 (last sent 0.6h ago)
[2026-10-05 21:50:01] equipment_overdue: SKIPPED resident=7 request=28 (last sent 0.6h ago)
[2026-10-05 21:50:01] equipment_overdue: SKIPPED resident=7 request=29 (last sent 0.6h ago)
[2026-10-05 21:50:01] OK   return_reminder — sent=0 (4.5ms)
[2026-10-05 21:50:01] OK   same_day_reminder — sent=0 (1.3ms)
[2026-10-05 21:50:01] OK   unclaimed_document — sent=0 (0.4ms)
[2026-10-05 21:50:01] === RUN END — total_sent=0 failed=0 ===
[2026-10-05 21:55:01] === RUN START (2026-10-05 21:55:01) — 5 task(s) ===
[2026-10-05 21:55:01] OK   hearing_reminder — sent=0 (0.7ms)
[2026-10-05 21:55:01] OK   pickup_reminder — sent=0 (0.4ms)
[2026-10-05 21:55:01] equipment_overdue: SKIPPED resident=7 request=21 (last sent 0.7h ago)
[2026-10-05 21:55:01] equipment_overdue: SKIPPED resident=7 request=22 (last sent 0.7h ago)
[2026-10-05 21:55:01] equipment_overdue: SKIPPED resident=7 request=23 (last sent 0.7h ago)
[2026-10-05 21:55:01] equipment_overdue: SKIPPED resident=7 request=24 (last sent 0.7h ago)
[2026-10-05 21:55:01] equipment_overdue: SKIPPED resident=7 request=25 (last sent 0.7h ago)
[2026-10-05 21:55:01] equipment_overdue: SKIPPED resident=7 request=26 (last sent 0.7h ago)
[2026-10-05 21:55:01] equipment_overdue: SKIPPED resident=7 request=28 (last sent 0.7h ago)
[2026-10-05 21:55:01] equipment_overdue: SKIPPED resident=7 request=29 (last sent 0.7h ago)
[2026-10-05 21:55:01] OK   return_reminder — sent=0 (4.1ms)
[2026-10-05 21:55:01] OK   same_day_reminder — sent=0 (0.9ms)
[2026-10-05 21:55:01] OK   unclaimed_document — sent=0 (0.6ms)
[2026-10-05 21:55:01] === RUN END — total_sent=0 failed=0 ===
[2026-10-05 22:00:01] === RUN START (2026-10-05 22:00:01) — 5 task(s) ===
[2026-10-05 22:00:01] OK   hearing_reminder — sent=0 (1.3ms)
[2026-10-05 22:00:01] OK   pickup_reminder — sent=0 (0.6ms)
[2026-10-05 22:00:01] equipment_overdue: SKIPPED resident=7 request=21 (last sent 0.8h ago)
[2026-10-05 22:00:01] equipment_overdue: SKIPPED resident=7 request=22 (last sent 0.8h ago)
[2026-10-05 22:00:01] equipment_overdue: SKIPPED resident=7 request=23 (last sent 0.8h ago)
[2026-10-05 22:00:01] equipment_overdue: SKIPPED resident=7 request=24 (last sent 0.8h ago)
[2026-10-05 22:00:01] equipment_overdue: SKIPPED resident=7 request=25 (last sent 0.8h ago)
[2026-10-05 22:00:01] equipment_overdue: SKIPPED resident=7 request=26 (last sent 0.8h ago)
[2026-10-05 22:00:01] equipment_overdue: SKIPPED resident=7 request=28 (last sent 0.8h ago)
[2026-10-05 22:00:01] equipment_overdue: SKIPPED resident=7 request=29 (last sent 0.8h ago)
[2026-10-05 22:00:01] OK   return_reminder — sent=0 (3.2ms)
[2026-10-05 22:00:01] OK   same_day_reminder — sent=0 (0.9ms)
[2026-10-05 22:00:01] OK   unclaimed_document — sent=0 (0.8ms)
[2026-10-05 22:00:01] === RUN END — total_sent=0 failed=0 ===
[2026-10-05 22:05:01] === RUN START (2026-10-05 22:05:01) — 5 task(s) ===
[2026-10-05 22:05:01] OK   hearing_reminder — sent=0 (0.8ms)
[2026-10-05 22:05:01] OK   pickup_reminder — sent=0 (0.6ms)
[2026-10-05 22:05:01] equipment_overdue: SKIPPED resident=7 request=21 (last sent 0.8h ago)
[2026-10-05 22:05:01] equipment_overdue: SKIPPED resident=7 request=22 (last sent 0.8h ago)
[2026-10-05 22:05:01] equipment_overdue: SKIPPED resident=7 request=23 (last sent 0.8h ago)
[2026-10-05 22:05:01] equipment_overdue: SKIPPED resident=7 request=24 (last sent 0.8h ago)
[2026-10-05 22:05:01] equipment_overdue: SKIPPED resident=7 request=25 (last sent 0.8h ago)
[2026-10-05 22:05:01] equipment_overdue: SKIPPED resident=7 request=26 (last sent 0.8h ago)
[2026-10-05 22:05:01] equipment_overdue: SKIPPED resident=7 request=28 (last sent 0.8h ago)
[2026-10-05 22:05:01] equipment_overdue: SKIPPED resident=7 request=29 (last sent 0.8h ago)
[2026-10-05 22:05:01] OK   return_reminder — sent=0 (4.3ms)
[2026-10-05 22:05:01] OK   same_day_reminder — sent=0 (0.9ms)
[2026-10-05 22:05:01] OK   unclaimed_document — sent=0 (0.3ms)
[2026-10-05 22:05:01] === RUN END — total_sent=0 failed=0 ===
[2026-10-05 22:10:01] === RUN START (2026-10-05 22:10:01) — 5 task(s) ===
[2026-10-05 22:10:01] cronSafePushResident: resident=7 has NO subscription
[2026-10-05 22:10:01] cronSafePush: called for user=4
[2026-10-05 22:10:03] cronSafePush: OK user=4 sent=1
[2026-10-05 22:10:03] hearing_reminder: processed hearing_id=18 for #CMP-20261005-2ADD3C
[2026-10-05 22:10:03] OK   hearing_reminder — sent=1 (2371.9ms)
[2026-10-05 22:10:03] OK   pickup_reminder — sent=0 (1.6ms)
[2026-10-05 22:10:03] equipment_overdue: SKIPPED resident=7 request=21 (last sent 0.9h ago)
[2026-10-05 22:10:03] equipment_overdue: SKIPPED resident=7 request=22 (last sent 0.9h ago)
[2026-10-05 22:10:03] equipment_overdue: SKIPPED resident=7 request=23 (last sent 0.9h ago)
[2026-10-05 22:10:03] equipment_overdue: SKIPPED resident=7 request=24 (last sent 0.9h ago)
[2026-10-05 22:10:03] equipment_overdue: SKIPPED resident=7 request=25 (last sent 0.9h ago)
[2026-10-05 22:10:03] equipment_overdue: SKIPPED resident=7 request=26 (last sent 0.9h ago)
[2026-10-05 22:10:03] equipment_overdue: SKIPPED resident=7 request=28 (last sent 0.9h ago)
[2026-10-05 22:10:03] equipment_overdue: SKIPPED resident=7 request=29 (last sent 0.9h ago)
[2026-10-05 22:10:03] OK   return_reminder — sent=0 (7.6ms)
[2026-10-05 22:10:03] OK   same_day_reminder — sent=0 (1.1ms)
[2026-10-05 22:10:03] OK   unclaimed_document — sent=0 (1.2ms)
[2026-10-05 22:10:03] === RUN END — total_sent=1 failed=0 ===
[2026-10-05 22:15:01] === RUN START (2026-10-05 22:15:01) — 5 task(s) ===
[2026-10-05 22:15:01] OK   hearing_reminder — sent=0 (0.7ms)
[2026-10-05 22:15:01] OK   pickup_reminder — sent=0 (0.9ms)
[2026-10-05 22:15:01] equipment_overdue: SKIPPED resident=7 request=21 (last sent 1h ago)
[2026-10-05 22:15:01] equipment_overdue: SKIPPED resident=7 request=22 (last sent 1h ago)
[2026-10-05 22:15:01] equipment_overdue: SKIPPED resident=7 request=23 (last sent 1h ago)
[2026-10-05 22:15:01] equipment_overdue: SKIPPED resident=7 request=24 (last sent 1h ago)
[2026-10-05 22:15:01] equipment_overdue: SKIPPED resident=7 request=25 (last sent 1h ago)
[2026-10-05 22:15:01] equipment_overdue: SKIPPED resident=7 request=26 (last sent 1h ago)
[2026-10-05 22:15:01] equipment_overdue: SKIPPED resident=7 request=28 (last sent 1h ago)
[2026-10-05 22:15:01] equipment_overdue: SKIPPED resident=7 request=29 (last sent 1h ago)
[2026-10-05 22:15:01] OK   return_reminder — sent=0 (6.3ms)
[2026-10-05 22:15:01] OK   same_day_reminder — sent=0 (1.1ms)
[2026-10-05 22:15:01] OK   unclaimed_document — sent=0 (1.1ms)
[2026-10-05 22:15:01] === RUN END — total_sent=0 failed=0 ===
[2026-10-05 22:20:01] === RUN START (2026-10-05 22:20:01) — 5 task(s) ===
[2026-10-05 22:20:01] OK   hearing_reminder — sent=0 (0.8ms)
[2026-10-05 22:20:01] OK   pickup_reminder — sent=0 (0.8ms)
[2026-10-05 22:20:01] equipment_overdue: SKIPPED resident=7 request=21 (last sent 1.1h ago)
[2026-10-05 22:20:01] equipment_overdue: SKIPPED resident=7 request=22 (last sent 1.1h ago)
[2026-10-05 22:20:01] equipment_overdue: SKIPPED resident=7 request=23 (last sent 1.1h ago)
[2026-10-05 22:20:01] equipment_overdue: SKIPPED resident=7 request=24 (last sent 1.1h ago)
[2026-10-05 22:20:01] equipment_overdue: SKIPPED resident=7 request=25 (last sent 1.1h ago)
[2026-10-05 22:20:01] equipment_overdue: SKIPPED resident=7 request=26 (last sent 1.1h ago)
[2026-10-05 22:20:01] equipment_overdue: SKIPPED resident=7 request=28 (last sent 1.1h ago)
[2026-10-05 22:20:01] equipment_overdue: SKIPPED resident=7 request=29 (last sent 1.1h ago)
[2026-10-05 22:20:01] OK   return_reminder — sent=0 (5ms)
[2026-10-05 22:20:01] OK   same_day_reminder — sent=0 (0.8ms)
[2026-10-05 22:20:01] OK   unclaimed_document — sent=0 (0.6ms)
[2026-10-05 22:20:01] === RUN END — total_sent=0 failed=0 ===
[2026-10-05 22:25:01] === RUN START (2026-10-05 22:25:01) — 5 task(s) ===
[2026-10-05 22:25:01] OK   hearing_reminder — sent=0 (0.5ms)
[2026-10-05 22:25:01] OK   pickup_reminder — sent=0 (2.2ms)
[2026-10-05 22:25:01] equipment_overdue: SKIPPED resident=7 request=21 (last sent 1.2h ago)
[2026-10-05 22:25:01] equipment_overdue: SKIPPED resident=7 request=22 (last sent 1.2h ago)
[2026-10-05 22:25:01] equipment_overdue: SKIPPED resident=7 request=23 (last sent 1.2h ago)
[2026-10-05 22:25:01] equipment_overdue: SKIPPED resident=7 request=24 (last sent 1.2h ago)
[2026-10-05 22:25:01] equipment_overdue: SKIPPED resident=7 request=25 (last sent 1.2h ago)
[2026-10-05 22:25:01] equipment_overdue: SKIPPED resident=7 request=26 (last sent 1.2h ago)
[2026-10-05 22:25:01] equipment_overdue: SKIPPED resident=7 request=28 (last sent 1.2h ago)
[2026-10-05 22:25:01] equipment_overdue: SKIPPED resident=7 request=29 (last sent 1.2h ago)
[2026-10-05 22:25:01] OK   return_reminder — sent=0 (4.2ms)
[2026-10-05 22:25:01] OK   same_day_reminder — sent=0 (0.8ms)
[2026-10-05 22:25:01] OK   unclaimed_document — sent=0 (1.2ms)
[2026-10-05 22:25:01] === RUN END — total_sent=0 failed=0 ===
[2026-10-05 22:30:01] === RUN START (2026-10-05 22:30:01) — 5 task(s) ===
[2026-10-05 22:30:01] OK   hearing_reminder — sent=0 (0.6ms)
[2026-10-05 22:30:01] OK   pickup_reminder — sent=0 (0.3ms)
[2026-10-05 22:30:01] equipment_overdue: SKIPPED resident=7 request=21 (last sent 1.3h ago)
[2026-10-05 22:30:01] equipment_overdue: SKIPPED resident=7 request=22 (last sent 1.3h ago)
[2026-10-05 22:30:01] equipment_overdue: SKIPPED resident=7 request=23 (last sent 1.3h ago)
[2026-10-05 22:30:01] equipment_overdue: SKIPPED resident=7 request=24 (last sent 1.3h ago)
[2026-10-05 22:30:01] equipment_overdue: SKIPPED resident=7 request=25 (last sent 1.3h ago)
[2026-10-05 22:30:01] equipment_overdue: SKIPPED resident=7 request=26 (last sent 1.3h ago)
[2026-10-05 22:30:01] equipment_overdue: SKIPPED resident=7 request=28 (last sent 1.3h ago)
[2026-10-05 22:30:01] equipment_overdue: SKIPPED resident=7 request=29 (last sent 1.3h ago)
[2026-10-05 22:30:01] OK   return_reminder — sent=0 (3.2ms)
[2026-10-05 22:30:01] OK   same_day_reminder — sent=0 (0.6ms)
[2026-10-05 22:30:01] OK   unclaimed_document — sent=0 (0.6ms)
[2026-10-05 22:30:01] === RUN END — total_sent=0 failed=0 ===
[2026-10-05 22:35:01] === RUN START (2026-10-05 22:35:01) — 5 task(s) ===
[2026-10-05 22:35:01] OK   hearing_reminder — sent=0 (0.6ms)
[2026-10-05 22:35:01] OK   pickup_reminder — sent=0 (1ms)
[2026-10-05 22:35:01] equipment_overdue: SKIPPED resident=7 request=21 (last sent 1.3h ago)
[2026-10-05 22:35:01] equipment_overdue: SKIPPED resident=7 request=22 (last sent 1.3h ago)
[2026-10-05 22:35:01] equipment_overdue: SKIPPED resident=7 request=23 (last sent 1.3h ago)
[2026-10-05 22:35:01] equipment_overdue: SKIPPED resident=7 request=24 (last sent 1.3h ago)
[2026-10-05 22:35:01] equipment_overdue: SKIPPED resident=7 request=25 (last sent 1.3h ago)
[2026-10-05 22:35:01] equipment_overdue: SKIPPED resident=7 request=26 (last sent 1.3h ago)
[2026-10-05 22:35:01] equipment_overdue: SKIPPED resident=7 request=28 (last sent 1.3h ago)
[2026-10-05 22:35:01] equipment_overdue: SKIPPED resident=7 request=29 (last sent 1.3h ago)
[2026-10-05 22:35:01] OK   return_reminder — sent=0 (2.8ms)
[2026-10-05 22:35:01] OK   same_day_reminder — sent=0 (0.3ms)
[2026-10-05 22:35:01] OK   unclaimed_document — sent=0 (0.6ms)
[2026-10-05 22:35:01] === RUN END — total_sent=0 failed=0 ===
[2026-10-05 22:40:01] === RUN START (2026-10-05 22:40:01) — 5 task(s) ===
[2026-10-05 22:40:01] OK   hearing_reminder — sent=0 (0.6ms)
[2026-10-05 22:40:01] OK   pickup_reminder — sent=0 (1.2ms)
[2026-10-05 22:40:01] equipment_overdue: SKIPPED resident=7 request=21 (last sent 1.4h ago)
[2026-10-05 22:40:01] equipment_overdue: SKIPPED resident=7 request=22 (last sent 1.4h ago)
[2026-10-05 22:40:01] equipment_overdue: SKIPPED resident=7 request=23 (last sent 1.4h ago)
[2026-10-05 22:40:01] equipment_overdue: SKIPPED resident=7 request=24 (last sent 1.4h ago)
[2026-10-05 22:40:01] equipment_overdue: SKIPPED resident=7 request=25 (last sent 1.4h ago)
[2026-10-05 22:40:01] equipment_overdue: SKIPPED resident=7 request=26 (last sent 1.4h ago)
[2026-10-05 22:40:01] equipment_overdue: SKIPPED resident=7 request=28 (last sent 1.4h ago)
[2026-10-05 22:40:01] equipment_overdue: SKIPPED resident=7 request=29 (last sent 1.4h ago)
[2026-10-05 22:40:01] OK   return_reminder — sent=0 (3.1ms)
[2026-10-05 22:40:01] OK   same_day_reminder — sent=0 (1.1ms)
[2026-10-05 22:40:01] OK   unclaimed_document — sent=0 (0.8ms)
[2026-10-05 22:40:01] === RUN END — total_sent=0 failed=0 ===
[2026-10-05 22:45:01] === RUN START (2026-10-05 22:45:01) — 5 task(s) ===
[2026-10-05 22:45:01] OK   hearing_reminder — sent=0 (0.8ms)
[2026-10-05 22:45:01] OK   pickup_reminder — sent=0 (0.8ms)
[2026-10-05 22:45:01] equipment_overdue: SKIPPED resident=7 request=21 (last sent 1.5h ago)
[2026-10-05 22:45:01] equipment_overdue: SKIPPED resident=7 request=22 (last sent 1.5h ago)
[2026-10-05 22:45:01] equipment_overdue: SKIPPED resident=7 request=23 (last sent 1.5h ago)
[2026-10-05 22:45:01] equipment_overdue: SKIPPED resident=7 request=24 (last sent 1.5h ago)
[2026-10-05 22:45:01] equipment_overdue: SKIPPED resident=7 request=25 (last sent 1.5h ago)
[2026-10-05 22:45:01] equipment_overdue: SKIPPED resident=7 request=26 (last sent 1.5h ago)
[2026-10-05 22:45:01] equipment_overdue: SKIPPED resident=7 request=28 (last sent 1.5h ago)
[2026-10-05 22:45:01] equipment_overdue: SKIPPED resident=7 request=29 (last sent 1.5h ago)
[2026-10-05 22:45:01] OK   return_reminder — sent=0 (5.3ms)
[2026-10-05 22:45:01] OK   same_day_reminder — sent=0 (1.3ms)
[2026-10-05 22:45:01] OK   unclaimed_document — sent=0 (0.9ms)
[2026-10-05 22:45:01] === RUN END — total_sent=0 failed=0 ===
[2026-10-05 22:50:01] === RUN START (2026-10-05 22:50:01) — 5 task(s) ===
[2026-10-05 22:50:01] OK   hearing_reminder — sent=0 (0.8ms)
[2026-10-05 22:50:01] OK   pickup_reminder — sent=0 (0.4ms)
[2026-10-05 22:50:01] equipment_overdue: SKIPPED resident=7 request=21 (last sent 1.6h ago)
[2026-10-05 22:50:01] equipment_overdue: SKIPPED resident=7 request=22 (last sent 1.6h ago)
[2026-10-05 22:50:01] equipment_overdue: SKIPPED resident=7 request=23 (last sent 1.6h ago)
[2026-10-05 22:50:01] equipment_overdue: SKIPPED resident=7 request=24 (last sent 1.6h ago)
[2026-10-05 22:50:01] equipment_overdue: SKIPPED resident=7 request=25 (last sent 1.6h ago)
[2026-10-05 22:50:01] equipment_overdue: SKIPPED resident=7 request=26 (last sent 1.6h ago)
[2026-10-05 22:50:01] equipment_overdue: SKIPPED resident=7 request=28 (last sent 1.6h ago)
[2026-10-05 22:50:01] equipment_overdue: SKIPPED resident=7 request=29 (last sent 1.6h ago)
[2026-10-05 22:50:01] OK   return_reminder — sent=0 (3.4ms)
[2026-10-05 22:50:01] OK   same_day_reminder — sent=0 (0.8ms)
[2026-10-05 22:50:01] OK   unclaimed_document — sent=0 (0.6ms)
[2026-10-05 22:50:01] === RUN END — total_sent=0 failed=0 ===
[2026-10-05 22:55:01] === RUN START (2026-10-05 22:55:01) — 5 task(s) ===
[2026-10-05 22:55:01] OK   hearing_reminder — sent=0 (0.5ms)
[2026-10-05 22:55:01] OK   pickup_reminder — sent=0 (0.3ms)
[2026-10-05 22:55:01] equipment_overdue: SKIPPED resident=7 request=21 (last sent 1.7h ago)
[2026-10-05 22:55:01] equipment_overdue: SKIPPED resident=7 request=22 (last sent 1.7h ago)
[2026-10-05 22:55:01] equipment_overdue: SKIPPED resident=7 request=23 (last sent 1.7h ago)
[2026-10-05 22:55:01] equipment_overdue: SKIPPED resident=7 request=24 (last sent 1.7h ago)
[2026-10-05 22:55:01] equipment_overdue: SKIPPED resident=7 request=25 (last sent 1.7h ago)
[2026-10-05 22:55:01] equipment_overdue: SKIPPED resident=7 request=26 (last sent 1.7h ago)
[2026-10-05 22:55:01] equipment_overdue: SKIPPED resident=7 request=28 (last sent 1.7h ago)
[2026-10-05 22:55:01] equipment_overdue: SKIPPED resident=7 request=29 (last sent 1.7h ago)
[2026-10-05 22:55:01] OK   return_reminder — sent=0 (17.5ms)
[2026-10-05 22:55:01] OK   same_day_reminder — sent=0 (0.3ms)
[2026-10-05 22:55:01] OK   unclaimed_document — sent=0 (0.2ms)
[2026-10-05 22:55:01] === RUN END — total_sent=0 failed=0 ===
[2026-10-05 23:00:01] === RUN START (2026-10-05 23:00:01) — 5 task(s) ===
[2026-10-05 23:00:01] OK   hearing_reminder — sent=0 (0.7ms)
[2026-10-05 23:00:01] OK   pickup_reminder — sent=0 (0.8ms)
[2026-10-05 23:00:01] equipment_overdue: SKIPPED resident=7 request=21 (last sent 1.8h ago)
[2026-10-05 23:00:01] equipment_overdue: SKIPPED resident=7 request=22 (last sent 1.8h ago)
[2026-10-05 23:00:01] equipment_overdue: SKIPPED resident=7 request=23 (last sent 1.8h ago)
[2026-10-05 23:00:01] equipment_overdue: SKIPPED resident=7 request=24 (last sent 1.8h ago)
[2026-10-05 23:00:01] equipment_overdue: SKIPPED resident=7 request=25 (last sent 1.8h ago)
[2026-10-05 23:00:01] equipment_overdue: SKIPPED resident=7 request=26 (last sent 1.8h ago)
[2026-10-05 23:00:01] equipment_overdue: SKIPPED resident=7 request=28 (last sent 1.8h ago)
[2026-10-05 23:00:01] equipment_overdue: SKIPPED resident=7 request=29 (last sent 1.8h ago)
[2026-10-05 23:00:01] OK   return_reminder — sent=0 (2.8ms)
[2026-10-05 23:00:01] OK   same_day_reminder — sent=0 (1ms)
[2026-10-05 23:00:01] OK   unclaimed_document — sent=0 (0.4ms)
[2026-10-05 23:00:01] === RUN END — total_sent=0 failed=0 ===
[2026-10-05 23:05:01] === RUN START (2026-10-05 23:05:01) — 5 task(s) ===
[2026-10-05 23:05:01] OK   hearing_reminder — sent=0 (4.1ms)
[2026-10-05 23:05:01] OK   pickup_reminder — sent=0 (0.8ms)
[2026-10-05 23:05:01] equipment_overdue: SKIPPED resident=7 request=21 (last sent 1.8h ago)
[2026-10-05 23:05:01] equipment_overdue: SKIPPED resident=7 request=22 (last sent 1.8h ago)
[2026-10-05 23:05:01] equipment_overdue: SKIPPED resident=7 request=23 (last sent 1.8h ago)
[2026-10-05 23:05:01] equipment_overdue: SKIPPED resident=7 request=24 (last sent 1.8h ago)
[2026-10-05 23:05:01] equipment_overdue: SKIPPED resident=7 request=25 (last sent 1.8h ago)
[2026-10-05 23:05:01] equipment_overdue: SKIPPED resident=7 request=26 (last sent 1.8h ago)
[2026-10-05 23:05:01] equipment_overdue: SKIPPED resident=7 request=28 (last sent 1.8h ago)
[2026-10-05 23:05:01] equipment_overdue: SKIPPED resident=7 request=29 (last sent 1.8h ago)
[2026-10-05 23:05:01] OK   return_reminder — sent=0 (9.9ms)
[2026-10-05 23:05:01] OK   same_day_reminder — sent=0 (2.7ms)
[2026-10-05 23:05:01] OK   unclaimed_document — sent=0 (1ms)
[2026-10-05 23:05:01] === RUN END — total_sent=0 failed=0 ===
[2026-10-05 23:10:01] === RUN START (2026-10-05 23:10:01) — 5 task(s) ===
[2026-10-05 23:10:01] OK   hearing_reminder — sent=0 (0.7ms)
[2026-10-05 23:10:01] OK   pickup_reminder — sent=0 (0.9ms)
[2026-10-05 23:10:01] equipment_overdue: SKIPPED resident=7 request=21 (last sent 1.9h ago)
[2026-10-05 23:10:01] equipment_overdue: SKIPPED resident=7 request=22 (last sent 1.9h ago)
[2026-10-05 23:10:01] equipment_overdue: SKIPPED resident=7 request=23 (last sent 1.9h ago)
[2026-10-05 23:10:01] equipment_overdue: SKIPPED resident=7 request=24 (last sent 1.9h ago)
[2026-10-05 23:10:01] equipment_overdue: SKIPPED resident=7 request=25 (last sent 1.9h ago)
[2026-10-05 23:10:01] equipment_overdue: SKIPPED resident=7 request=26 (last sent 1.9h ago)
[2026-10-05 23:10:01] equipment_overdue: SKIPPED resident=7 request=28 (last sent 1.9h ago)
[2026-10-05 23:10:01] equipment_overdue: SKIPPED resident=7 request=29 (last sent 1.9h ago)
[2026-10-05 23:10:01] OK   return_reminder — sent=0 (4.2ms)
[2026-10-05 23:10:01] OK   same_day_reminder — sent=0 (0.8ms)
[2026-10-05 23:10:01] OK   unclaimed_document — sent=0 (0.6ms)
[2026-10-05 23:10:01] === RUN END — total_sent=0 failed=0 ===
[2026-10-05 23:15:01] === RUN START (2026-10-05 23:15:01) — 5 task(s) ===
[2026-10-05 23:15:01] OK   hearing_reminder — sent=0 (1.1ms)
[2026-10-05 23:15:01] OK   pickup_reminder — sent=0 (0.8ms)
[2026-10-05 23:15:01] equipment_overdue: SKIPPED resident=7 request=21 (last sent 2h ago)
[2026-10-05 23:15:01] equipment_overdue: SKIPPED resident=7 request=22 (last sent 2h ago)
[2026-10-05 23:15:01] equipment_overdue: SKIPPED resident=7 request=23 (last sent 2h ago)
[2026-10-05 23:15:01] equipment_overdue: SKIPPED resident=7 request=24 (last sent 2h ago)
[2026-10-05 23:15:01] equipment_overdue: SKIPPED resident=7 request=25 (last sent 2h ago)
[2026-10-05 23:15:01] equipment_overdue: SKIPPED resident=7 request=26 (last sent 2h ago)
[2026-10-05 23:15:01] equipment_overdue: SKIPPED resident=7 request=28 (last sent 2h ago)
[2026-10-05 23:15:01] equipment_overdue: SKIPPED resident=7 request=29 (last sent 2h ago)
[2026-10-05 23:15:01] OK   return_reminder — sent=0 (3.4ms)
[2026-10-05 23:15:01] OK   same_day_reminder — sent=0 (1.1ms)
[2026-10-05 23:15:01] OK   unclaimed_document — sent=0 (0.4ms)
[2026-10-05 23:15:01] === RUN END — total_sent=0 failed=0 ===
[2026-10-05 23:20:01] === RUN START (2026-10-05 23:20:01) — 5 task(s) ===
[2026-10-05 23:20:01] OK   hearing_reminder — sent=0 (0.7ms)
[2026-10-05 23:20:01] OK   pickup_reminder — sent=0 (1.1ms)
[2026-10-05 23:20:01] equipment_overdue: SKIPPED resident=7 request=21 (last sent 2.1h ago)
[2026-10-05 23:20:01] equipment_overdue: SKIPPED resident=7 request=22 (last sent 2.1h ago)
[2026-10-05 23:20:01] equipment_overdue: SKIPPED resident=7 request=23 (last sent 2.1h ago)
[2026-10-05 23:20:01] equipment_overdue: SKIPPED resident=7 request=24 (last sent 2.1h ago)
[2026-10-05 23:20:01] equipment_overdue: SKIPPED resident=7 request=25 (last sent 2.1h ago)
[2026-10-05 23:20:01] equipment_overdue: SKIPPED resident=7 request=26 (last sent 2.1h ago)
[2026-10-05 23:20:01] equipment_overdue: SKIPPED resident=7 request=28 (last sent 2.1h ago)
[2026-10-05 23:20:01] equipment_overdue: SKIPPED resident=7 request=29 (last sent 2.1h ago)
[2026-10-05 23:20:01] OK   return_reminder — sent=0 (2.5ms)
[2026-10-05 23:20:01] OK   same_day_reminder — sent=0 (1.1ms)
[2026-10-05 23:20:01] OK   unclaimed_document — sent=0 (0.5ms)
[2026-10-05 23:20:01] === RUN END — total_sent=0 failed=0 ===
[2026-10-05 23:25:01] === RUN START (2026-10-05 23:25:01) — 5 task(s) ===
[2026-10-05 23:25:01] OK   hearing_reminder — sent=0 (0.5ms)
[2026-10-05 23:25:01] OK   pickup_reminder — sent=0 (0.6ms)
[2026-10-05 23:25:01] equipment_overdue: SKIPPED resident=7 request=21 (last sent 2.2h ago)
[2026-10-05 23:25:01] equipment_overdue: SKIPPED resident=7 request=22 (last sent 2.2h ago)
[2026-10-05 23:25:01] equipment_overdue: SKIPPED resident=7 request=23 (last sent 2.2h ago)
[2026-10-05 23:25:01] equipment_overdue: SKIPPED resident=7 request=24 (last sent 2.2h ago)
[2026-10-05 23:25:01] equipment_overdue: SKIPPED resident=7 request=25 (last sent 2.2h ago)
[2026-10-05 23:25:01] equipment_overdue: SKIPPED resident=7 request=26 (last sent 2.2h ago)
[2026-10-05 23:25:01] equipment_overdue: SKIPPED resident=7 request=28 (last sent 2.2h ago)
[2026-10-05 23:25:01] equipment_overdue: SKIPPED resident=7 request=29 (last sent 2.2h ago)
[2026-10-05 23:25:01] OK   return_reminder — sent=0 (3.1ms)
[2026-10-05 23:25:01] OK   same_day_reminder — sent=0 (0.9ms)
[2026-10-05 23:25:01] OK   unclaimed_document — sent=0 (0.6ms)
[2026-10-05 23:25:01] === RUN END — total_sent=0 failed=0 ===
[2026-10-05 23:30:01] === RUN START (2026-10-05 23:30:01) — 5 task(s) ===
[2026-10-05 23:30:01] OK   hearing_reminder — sent=0 (0.4ms)
[2026-10-05 23:30:01] OK   pickup_reminder — sent=0 (0.2ms)
[2026-10-05 23:30:01] equipment_overdue: SKIPPED resident=7 request=21 (last sent 2.3h ago)
[2026-10-05 23:30:01] equipment_overdue: SKIPPED resident=7 request=22 (last sent 2.3h ago)
[2026-10-05 23:30:01] equipment_overdue: SKIPPED resident=7 request=23 (last sent 2.3h ago)
[2026-10-05 23:30:01] equipment_overdue: SKIPPED resident=7 request=24 (last sent 2.3h ago)
[2026-10-05 23:30:01] equipment_overdue: SKIPPED resident=7 request=25 (last sent 2.3h ago)
[2026-10-05 23:30:01] equipment_overdue: SKIPPED resident=7 request=26 (last sent 2.3h ago)
[2026-10-05 23:30:01] equipment_overdue: SKIPPED resident=7 request=28 (last sent 2.3h ago)
[2026-10-05 23:30:01] equipment_overdue: SKIPPED resident=7 request=29 (last sent 2.3h ago)
[2026-10-05 23:30:01] OK   return_reminder — sent=0 (4.2ms)
[2026-10-05 23:30:01] OK   same_day_reminder — sent=0 (1.1ms)
[2026-10-05 23:30:01] OK   unclaimed_document — sent=0 (0.9ms)
[2026-10-05 23:30:01] === RUN END — total_sent=0 failed=0 ===
[2026-10-05 23:35:01] === RUN START (2026-10-05 23:35:01) — 5 task(s) ===
[2026-10-05 23:35:01] OK   hearing_reminder — sent=0 (0.5ms)
[2026-10-05 23:35:01] OK   pickup_reminder — sent=0 (1.6ms)
[2026-10-05 23:35:01] equipment_overdue: SKIPPED resident=7 request=21 (last sent 2.3h ago)
[2026-10-05 23:35:01] equipment_overdue: SKIPPED resident=7 request=22 (last sent 2.3h ago)
[2026-10-05 23:35:01] equipment_overdue: SKIPPED resident=7 request=23 (last sent 2.3h ago)
[2026-10-05 23:35:01] equipment_overdue: SKIPPED resident=7 request=24 (last sent 2.3h ago)
[2026-10-05 23:35:01] equipment_overdue: SKIPPED resident=7 request=25 (last sent 2.3h ago)
[2026-10-05 23:35:01] equipment_overdue: SKIPPED resident=7 request=26 (last sent 2.3h ago)
[2026-10-05 23:35:01] equipment_overdue: SKIPPED resident=7 request=28 (last sent 2.3h ago)
[2026-10-05 23:35:01] equipment_overdue: SKIPPED resident=7 request=29 (last sent 2.3h ago)
[2026-10-05 23:35:01] OK   return_reminder — sent=0 (10.5ms)
[2026-10-05 23:35:01] OK   same_day_reminder — sent=0 (1.4ms)
[2026-10-05 23:35:01] OK   unclaimed_document — sent=0 (1.3ms)
[2026-10-05 23:35:01] === RUN END — total_sent=0 failed=0 ===
[2026-10-05 23:40:01] === RUN START (2026-10-05 23:40:01) — 5 task(s) ===
[2026-10-05 23:40:01] OK   hearing_reminder — sent=0 (0.4ms)
[2026-10-05 23:40:01] OK   pickup_reminder — sent=0 (0.3ms)
[2026-10-05 23:40:01] equipment_overdue: SKIPPED resident=7 request=21 (last sent 2.4h ago)
[2026-10-05 23:40:01] equipment_overdue: SKIPPED resident=7 request=22 (last sent 2.4h ago)
[2026-10-05 23:40:01] equipment_overdue: SKIPPED resident=7 request=23 (last sent 2.4h ago)
[2026-10-05 23:40:01] equipment_overdue: SKIPPED resident=7 request=24 (last sent 2.4h ago)
[2026-10-05 23:40:01] equipment_overdue: SKIPPED resident=7 request=25 (last sent 2.4h ago)
[2026-10-05 23:40:01] equipment_overdue: SKIPPED resident=7 request=26 (last sent 2.4h ago)
[2026-10-05 23:40:01] equipment_overdue: SKIPPED resident=7 request=28 (last sent 2.4h ago)
[2026-10-05 23:40:01] equipment_overdue: SKIPPED resident=7 request=29 (last sent 2.4h ago)
[2026-10-05 23:40:01] OK   return_reminder — sent=0 (3.4ms)
[2026-10-05 23:40:01] OK   same_day_reminder — sent=0 (0.8ms)
[2026-10-05 23:40:01] OK   unclaimed_document — sent=0 (0.3ms)
[2026-10-05 23:40:01] === RUN END — total_sent=0 failed=0 ===
[2026-10-05 23:45:01] === RUN START (2026-10-05 23:45:01) — 5 task(s) ===
[2026-10-05 23:45:01] OK   hearing_reminder — sent=0 (0.4ms)
[2026-10-05 23:45:01] OK   pickup_reminder — sent=0 (0.3ms)
[2026-10-05 23:45:01] equipment_overdue: SKIPPED resident=7 request=21 (last sent 2.5h ago)
[2026-10-05 23:45:01] equipment_overdue: SKIPPED resident=7 request=22 (last sent 2.5h ago)
[2026-10-05 23:45:01] equipment_overdue: SKIPPED resident=7 request=23 (last sent 2.5h ago)
[2026-10-05 23:45:01] equipment_overdue: SKIPPED resident=7 request=24 (last sent 2.5h ago)
[2026-10-05 23:45:01] equipment_overdue: SKIPPED resident=7 request=25 (last sent 2.5h ago)
[2026-10-05 23:45:01] equipment_overdue: SKIPPED resident=7 request=26 (last sent 2.5h ago)
[2026-10-05 23:45:01] equipment_overdue: SKIPPED resident=7 request=28 (last sent 2.5h ago)
[2026-10-05 23:45:01] equipment_overdue: SKIPPED resident=7 request=29 (last sent 2.5h ago)
[2026-10-05 23:45:01] OK   return_reminder — sent=0 (2.8ms)
[2026-10-05 23:45:01] OK   same_day_reminder — sent=0 (0.4ms)
[2026-10-05 23:45:01] OK   unclaimed_document — sent=0 (0.4ms)
[2026-10-05 23:45:01] === RUN END — total_sent=0 failed=0 ===
[2026-10-05 23:50:01] === RUN START (2026-10-05 23:50:01) — 5 task(s) ===
[2026-10-05 23:50:01] OK   hearing_reminder — sent=0 (0.4ms)
[2026-10-05 23:50:01] OK   pickup_reminder — sent=0 (0.4ms)
[2026-10-05 23:50:01] equipment_overdue: SKIPPED resident=7 request=21 (last sent 2.6h ago)
[2026-10-05 23:50:01] equipment_overdue: SKIPPED resident=7 request=22 (last sent 2.6h ago)
[2026-10-05 23:50:01] equipment_overdue: SKIPPED resident=7 request=23 (last sent 2.6h ago)
[2026-10-05 23:50:01] equipment_overdue: SKIPPED resident=7 request=24 (last sent 2.6h ago)
[2026-10-05 23:50:01] equipment_overdue: SKIPPED resident=7 request=25 (last sent 2.6h ago)
[2026-10-05 23:50:01] equipment_overdue: SKIPPED resident=7 request=26 (last sent 2.6h ago)
[2026-10-05 23:50:01] equipment_overdue: SKIPPED resident=7 request=28 (last sent 2.6h ago)
[2026-10-05 23:50:01] equipment_overdue: SKIPPED resident=7 request=29 (last sent 2.6h ago)
[2026-10-05 23:50:01] OK   return_reminder — sent=0 (2ms)
[2026-10-05 23:50:01] OK   same_day_reminder — sent=0 (0.5ms)
[2026-10-05 23:50:01] OK   unclaimed_document — sent=0 (0.4ms)
[2026-10-05 23:50:01] === RUN END — total_sent=0 failed=0 ===
[2026-10-05 23:55:01] === RUN START (2026-10-05 23:55:01) — 5 task(s) ===
[2026-10-05 23:55:01] OK   hearing_reminder — sent=0 (1.1ms)
[2026-10-05 23:55:01] OK   pickup_reminder — sent=0 (0.9ms)
[2026-10-05 23:55:01] equipment_overdue: SKIPPED resident=7 request=21 (last sent 2.7h ago)
[2026-10-05 23:55:01] equipment_overdue: SKIPPED resident=7 request=22 (last sent 2.7h ago)
[2026-10-05 23:55:01] equipment_overdue: SKIPPED resident=7 request=23 (last sent 2.7h ago)
[2026-10-05 23:55:01] equipment_overdue: SKIPPED resident=7 request=24 (last sent 2.7h ago)
[2026-10-05 23:55:01] equipment_overdue: SKIPPED resident=7 request=25 (last sent 2.7h ago)
[2026-10-05 23:55:01] equipment_overdue: SKIPPED resident=7 request=26 (last sent 2.7h ago)
[2026-10-05 23:55:01] equipment_overdue: SKIPPED resident=7 request=28 (last sent 2.7h ago)
[2026-10-05 23:55:01] equipment_overdue: SKIPPED resident=7 request=29 (last sent 2.7h ago)
[2026-10-05 23:55:01] OK   return_reminder — sent=0 (3.4ms)
[2026-10-05 23:55:01] OK   same_day_reminder — sent=0 (0.6ms)
[2026-10-05 23:55:01] OK   unclaimed_document — sent=0 (1.1ms)
[2026-10-05 23:55:01] === RUN END — total_sent=0 failed=0 ===
[2026-10-06 00:00:01] === RUN START (2026-10-06 00:00:01) — 5 task(s) ===
[2026-10-06 00:00:01] OK   hearing_reminder — sent=0 (0.8ms)
[2026-10-06 00:00:01] OK   pickup_reminder — sent=0 (1.1ms)
[2026-10-06 00:00:01] equipment_overdue: SKIPPED resident=7 request=21 (last sent 2.8h ago)
[2026-10-06 00:00:01] equipment_overdue: SKIPPED resident=7 request=22 (last sent 2.8h ago)
[2026-10-06 00:00:01] equipment_overdue: SKIPPED resident=7 request=23 (last sent 2.8h ago)
[2026-10-06 00:00:01] equipment_overdue: SKIPPED resident=7 request=24 (last sent 2.8h ago)
[2026-10-06 00:00:01] equipment_overdue: SKIPPED resident=7 request=25 (last sent 2.8h ago)
[2026-10-06 00:00:01] equipment_overdue: SKIPPED resident=7 request=26 (last sent 2.8h ago)
[2026-10-06 00:00:01] equipment_overdue: SKIPPED resident=7 request=28 (last sent 2.8h ago)
[2026-10-06 00:00:01] equipment_overdue: SKIPPED resident=7 request=29 (last sent 2.8h ago)
[2026-10-06 00:00:01] OK   return_reminder — sent=0 (3.3ms)
[2026-10-06 00:00:01] OK   same_day_reminder — sent=0 (0.6ms)
[2026-10-06 00:00:01] OK   unclaimed_document — sent=0 (0.4ms)
[2026-10-06 00:00:01] === RUN END — total_sent=0 failed=0 ===
[2026-10-06 00:05:01] === RUN START (2026-10-06 00:05:01) — 5 task(s) ===
[2026-10-06 00:05:01] OK   hearing_reminder — sent=0 (0.7ms)
[2026-10-06 00:05:01] OK   pickup_reminder — sent=0 (0.6ms)
[2026-10-06 00:05:01] equipment_overdue: SKIPPED resident=7 request=21 (last sent 2.8h ago)
[2026-10-06 00:05:01] equipment_overdue: SKIPPED resident=7 request=22 (last sent 2.8h ago)
[2026-10-06 00:05:01] equipment_overdue: SKIPPED resident=7 request=23 (last sent 2.8h ago)
[2026-10-06 00:05:01] equipment_overdue: SKIPPED resident=7 request=24 (last sent 2.8h ago)
[2026-10-06 00:05:01] equipment_overdue: SKIPPED resident=7 request=25 (last sent 2.8h ago)
[2026-10-06 00:05:01] equipment_overdue: SKIPPED resident=7 request=26 (last sent 2.8h ago)
[2026-10-06 00:05:01] equipment_overdue: SKIPPED resident=7 request=28 (last sent 2.8h ago)
[2026-10-06 00:05:01] equipment_overdue: SKIPPED resident=7 request=29 (last sent 2.8h ago)
[2026-10-06 00:05:01] OK   return_reminder — sent=0 (2.4ms)
[2026-10-06 00:05:01] OK   same_day_reminder — sent=0 (0.6ms)
[2026-10-06 00:05:01] OK   unclaimed_document — sent=0 (1ms)
[2026-10-06 00:05:01] === RUN END — total_sent=0 failed=0 ===
[2026-10-06 00:10:01] === RUN START (2026-10-06 00:10:01) — 5 task(s) ===
[2026-10-06 00:10:01] OK   hearing_reminder — sent=0 (0.5ms)
[2026-10-06 00:10:01] OK   pickup_reminder — sent=0 (0.9ms)
[2026-10-06 00:10:01] equipment_overdue: SKIPPED resident=7 request=21 (last sent 2.9h ago)
[2026-10-06 00:10:01] equipment_overdue: SKIPPED resident=7 request=22 (last sent 2.9h ago)
[2026-10-06 00:10:01] equipment_overdue: SKIPPED resident=7 request=23 (last sent 2.9h ago)
[2026-10-06 00:10:01] equipment_overdue: SKIPPED resident=7 request=24 (last sent 2.9h ago)
[2026-10-06 00:10:01] equipment_overdue: SKIPPED resident=7 request=25 (last sent 2.9h ago)
[2026-10-06 00:10:01] equipment_overdue: SKIPPED resident=7 request=26 (last sent 2.9h ago)
[2026-10-06 00:10:01] equipment_overdue: SKIPPED resident=7 request=28 (last sent 2.9h ago)
[2026-10-06 00:10:01] equipment_overdue: SKIPPED resident=7 request=29 (last sent 2.9h ago)
[2026-10-06 00:10:01] OK   return_reminder — sent=0 (4.1ms)
[2026-10-06 00:10:01] OK   same_day_reminder — sent=0 (0.9ms)
[2026-10-06 00:10:01] OK   unclaimed_document — sent=0 (0.6ms)
[2026-10-06 00:10:01] === RUN END — total_sent=0 failed=0 ===
[2026-10-06 00:15:01] === RUN START (2026-10-06 00:15:01) — 5 task(s) ===
[2026-10-06 00:15:01] OK   hearing_reminder — sent=0 (1.2ms)
[2026-10-06 00:15:01] OK   pickup_reminder — sent=0 (0.9ms)
[2026-10-06 00:15:01] cronSafePushResident: resident=7 has NO subscription
[2026-10-06 00:15:01] equipment_overdue: sent to resident=7 for request=21 (overdue=145)
[2026-10-06 00:15:01] cronSafePushResident: resident=7 has NO subscription
[2026-10-06 00:15:01] equipment_overdue: sent to resident=7 for request=22 (overdue=144)
[2026-10-06 00:15:01] cronSafePushResident: resident=7 has NO subscription
[2026-10-06 00:15:01] equipment_overdue: sent to resident=7 for request=23 (overdue=145)
[2026-10-06 00:15:01] cronSafePushResident: resident=7 has NO subscription
[2026-10-06 00:15:01] equipment_overdue: sent to resident=7 for request=24 (overdue=144)
[2026-10-06 00:15:01] cronSafePushResident: resident=7 has NO subscription
[2026-10-06 00:15:01] equipment_overdue: sent to resident=7 for request=25 (overdue=138)
[2026-10-06 00:15:01] cronSafePushResident: resident=7 has NO subscription
[2026-10-06 00:15:01] equipment_overdue: sent to resident=7 for request=26 (overdue=145)
[2026-10-06 00:15:01] cronSafePushResident: resident=7 has NO subscription
[2026-10-06 00:15:01] equipment_overdue: sent to resident=7 for request=28 (overdue=137)
[2026-10-06 00:15:01] cronSafePushResident: resident=7 has NO subscription
[2026-10-06 00:15:01] equipment_overdue: sent to resident=7 for request=29 (overdue=137)
[2026-10-06 00:15:01] OK   return_reminder — sent=8 (61.2ms)
[2026-10-06 00:15:01] OK   same_day_reminder — sent=0 (1.3ms)
[2026-10-06 00:15:01] OK   unclaimed_document — sent=0 (1.3ms)
[2026-10-06 00:15:01] === RUN END — total_sent=8 failed=0 ===
[2026-10-06 00:20:01] === RUN START (2026-10-06 00:20:01) — 5 task(s) ===
[2026-10-06 00:20:01] OK   hearing_reminder — sent=0 (0.4ms)
[2026-10-06 00:20:01] OK   pickup_reminder — sent=0 (0.5ms)
[2026-10-06 00:20:01] equipment_overdue: SKIPPED resident=7 request=21 (last sent 0.1h ago)
[2026-10-06 00:20:01] equipment_overdue: SKIPPED resident=7 request=22 (last sent 0.1h ago)
[2026-10-06 00:20:01] equipment_overdue: SKIPPED resident=7 request=23 (last sent 0.1h ago)
[2026-10-06 00:20:01] equipment_overdue: SKIPPED resident=7 request=24 (last sent 0.1h ago)
[2026-10-06 00:20:01] equipment_overdue: SKIPPED resident=7 request=25 (last sent 0.1h ago)
[2026-10-06 00:20:01] equipment_overdue: SKIPPED resident=7 request=26 (last sent 0.1h ago)
[2026-10-06 00:20:01] equipment_overdue: SKIPPED resident=7 request=28 (last sent 0.1h ago)
[2026-10-06 00:20:01] equipment_overdue: SKIPPED resident=7 request=29 (last sent 0.1h ago)
[2026-10-06 00:20:01] OK   return_reminder — sent=0 (2.8ms)
[2026-10-06 00:20:01] OK   same_day_reminder — sent=0 (0.5ms)
[2026-10-06 00:20:01] OK   unclaimed_document — sent=0 (0.6ms)
[2026-10-06 00:20:01] === RUN END — total_sent=0 failed=0 ===
[2026-10-06 00:25:01] === RUN START (2026-10-06 00:25:01) — 5 task(s) ===
[2026-10-06 00:25:01] OK   hearing_reminder — sent=0 (1ms)
[2026-10-06 00:25:01] OK   pickup_reminder — sent=0 (1ms)
[2026-10-06 00:25:01] equipment_overdue: SKIPPED resident=7 request=21 (last sent 0.2h ago)
[2026-10-06 00:25:01] equipment_overdue: SKIPPED resident=7 request=22 (last sent 0.2h ago)
[2026-10-06 00:25:01] equipment_overdue: SKIPPED resident=7 request=23 (last sent 0.2h ago)
[2026-10-06 00:25:01] equipment_overdue: SKIPPED resident=7 request=24 (last sent 0.2h ago)
[2026-10-06 00:25:01] equipment_overdue: SKIPPED resident=7 request=25 (last sent 0.2h ago)
[2026-10-06 00:25:01] equipment_overdue: SKIPPED resident=7 request=26 (last sent 0.2h ago)
[2026-10-06 00:25:01] equipment_overdue: SKIPPED resident=7 request=28 (last sent 0.2h ago)
[2026-10-06 00:25:01] equipment_overdue: SKIPPED resident=7 request=29 (last sent 0.2h ago)
[2026-10-06 00:25:01] OK   return_reminder — sent=0 (6.9ms)
[2026-10-06 00:25:01] OK   same_day_reminder — sent=0 (1ms)
[2026-10-06 00:25:01] OK   unclaimed_document — sent=0 (1ms)
[2026-10-06 00:25:01] === RUN END — total_sent=0 failed=0 ===
[2026-10-06 00:30:01] === RUN START (2026-10-06 00:30:01) — 5 task(s) ===
[2026-10-06 00:30:01] OK   hearing_reminder — sent=0 (0.5ms)
[2026-10-06 00:30:01] OK   pickup_reminder — sent=0 (0.6ms)
[2026-10-06 00:30:01] equipment_overdue: SKIPPED resident=7 request=21 (last sent 0.3h ago)
[2026-10-06 00:30:01] equipment_overdue: SKIPPED resident=7 request=22 (last sent 0.3h ago)
[2026-10-06 00:30:01] equipment_overdue: SKIPPED resident=7 request=23 (last sent 0.3h ago)
[2026-10-06 00:30:01] equipment_overdue: SKIPPED resident=7 request=24 (last sent 0.3h ago)
[2026-10-06 00:30:01] equipment_overdue: SKIPPED resident=7 request=25 (last sent 0.3h ago)
[2026-10-06 00:30:01] equipment_overdue: SKIPPED resident=7 request=26 (last sent 0.3h ago)
[2026-10-06 00:30:01] equipment_overdue: SKIPPED resident=7 request=28 (last sent 0.3h ago)
[2026-10-06 00:30:01] equipment_overdue: SKIPPED resident=7 request=29 (last sent 0.3h ago)
[2026-10-06 00:30:01] OK   return_reminder — sent=0 (4.5ms)
[2026-10-06 00:30:01] OK   same_day_reminder — sent=0 (1.2ms)
[2026-10-06 00:30:01] OK   unclaimed_document — sent=0 (1.2ms)
[2026-10-06 00:30:01] === RUN END — total_sent=0 failed=0 ===
[2026-10-06 00:35:01] === RUN START (2026-10-06 00:35:01) — 5 task(s) ===
[2026-10-06 00:35:01] OK   hearing_reminder — sent=0 (0.8ms)
[2026-10-06 00:35:01] OK   pickup_reminder — sent=0 (0.6ms)
[2026-10-06 00:35:01] equipment_overdue: SKIPPED resident=7 request=21 (last sent 0.3h ago)
[2026-10-06 00:35:01] equipment_overdue: SKIPPED resident=7 request=22 (last sent 0.3h ago)
[2026-10-06 00:35:01] equipment_overdue: SKIPPED resident=7 request=23 (last sent 0.3h ago)
[2026-10-06 00:35:01] equipment_overdue: SKIPPED resident=7 request=24 (last sent 0.3h ago)
[2026-10-06 00:35:01] equipment_overdue: SKIPPED resident=7 request=25 (last sent 0.3h ago)
[2026-10-06 00:35:01] equipment_overdue: SKIPPED resident=7 request=26 (last sent 0.3h ago)
[2026-10-06 00:35:01] equipment_overdue: SKIPPED resident=7 request=28 (last sent 0.3h ago)
[2026-10-06 00:35:01] equipment_overdue: SKIPPED resident=7 request=29 (last sent 0.3h ago)
[2026-10-06 00:35:01] OK   return_reminder — sent=0 (15.4ms)
[2026-10-06 00:35:01] OK   same_day_reminder — sent=0 (0.3ms)
[2026-10-06 00:35:01] OK   unclaimed_document — sent=0 (0.2ms)
[2026-10-06 00:35:01] === RUN END — total_sent=0 failed=0 ===
[2026-10-06 00:40:01] === RUN START (2026-10-06 00:40:01) — 5 task(s) ===
[2026-10-06 00:40:01] OK   hearing_reminder — sent=0 (0.4ms)
[2026-10-06 00:40:01] OK   pickup_reminder — sent=0 (0.3ms)
[2026-10-06 00:40:01] equipment_overdue: SKIPPED resident=7 request=21 (last sent 0.4h ago)
[2026-10-06 00:40:01] equipment_overdue: SKIPPED resident=7 request=22 (last sent 0.4h ago)
[2026-10-06 00:40:01] equipment_overdue: SKIPPED resident=7 request=23 (last sent 0.4h ago)
[2026-10-06 00:40:01] equipment_overdue: SKIPPED resident=7 request=24 (last sent 0.4h ago)
[2026-10-06 00:40:01] equipment_overdue: SKIPPED resident=7 request=25 (last sent 0.4h ago)
[2026-10-06 00:40:01] equipment_overdue: SKIPPED resident=7 request=26 (last sent 0.4h ago)
[2026-10-06 00:40:01] equipment_overdue: SKIPPED resident=7 request=28 (last sent 0.4h ago)
[2026-10-06 00:40:01] equipment_overdue: SKIPPED resident=7 request=29 (last sent 0.4h ago)
[2026-10-06 00:40:01] OK   return_reminder — sent=0 (2.8ms)
[2026-10-06 00:40:01] OK   same_day_reminder — sent=0 (0.8ms)
[2026-10-06 00:40:01] OK   unclaimed_document — sent=0 (0.4ms)
[2026-10-06 00:40:01] === RUN END — total_sent=0 failed=0 ===
[2026-10-06 00:45:01] === RUN START (2026-10-06 00:45:01) — 5 task(s) ===
[2026-10-06 00:45:01] OK   hearing_reminder — sent=0 (0.7ms)
[2026-10-06 00:45:01] OK   pickup_reminder — sent=0 (1.3ms)
[2026-10-06 00:45:01] equipment_overdue: SKIPPED resident=7 request=21 (last sent 0.5h ago)
[2026-10-06 00:45:01] equipment_overdue: SKIPPED resident=7 request=22 (last sent 0.5h ago)
[2026-10-06 00:45:01] equipment_overdue: SKIPPED resident=7 request=23 (last sent 0.5h ago)
[2026-10-06 00:45:01] equipment_overdue: SKIPPED resident=7 request=24 (last sent 0.5h ago)
[2026-10-06 00:45:01] equipment_overdue: SKIPPED resident=7 request=25 (last sent 0.5h ago)
[2026-10-06 00:45:01] equipment_overdue: SKIPPED resident=7 request=26 (last sent 0.5h ago)
[2026-10-06 00:45:01] equipment_overdue: SKIPPED resident=7 request=28 (last sent 0.5h ago)
[2026-10-06 00:45:01] equipment_overdue: SKIPPED resident=7 request=29 (last sent 0.5h ago)
[2026-10-06 00:45:01] OK   return_reminder — sent=0 (12.3ms)
[2026-10-06 00:45:01] OK   same_day_reminder — sent=0 (2.8ms)
[2026-10-06 00:45:01] OK   unclaimed_document — sent=0 (2.5ms)
[2026-10-06 00:45:01] === RUN END — total_sent=0 failed=0 ===
[2026-10-06 00:50:01] === RUN START (2026-10-06 00:50:01) — 5 task(s) ===
[2026-10-06 00:50:01] OK   hearing_reminder — sent=0 (0.4ms)
[2026-10-06 00:50:01] OK   pickup_reminder — sent=0 (1ms)
[2026-10-06 00:50:01] equipment_overdue: SKIPPED resident=7 request=21 (last sent 0.6h ago)
[2026-10-06 00:50:01] equipment_overdue: SKIPPED resident=7 request=22 (last sent 0.6h ago)
[2026-10-06 00:50:01] equipment_overdue: SKIPPED resident=7 request=23 (last sent 0.6h ago)
[2026-10-06 00:50:01] equipment_overdue: SKIPPED resident=7 request=24 (last sent 0.6h ago)
[2026-10-06 00:50:01] equipment_overdue: SKIPPED resident=7 request=25 (last sent 0.6h ago)
[2026-10-06 00:50:01] equipment_overdue: SKIPPED resident=7 request=26 (last sent 0.6h ago)
[2026-10-06 00:50:01] equipment_overdue: SKIPPED resident=7 request=28 (last sent 0.6h ago)
[2026-10-06 00:50:01] equipment_overdue: SKIPPED resident=7 request=29 (last sent 0.6h ago)
[2026-10-06 00:50:01] OK   return_reminder — sent=0 (8ms)
[2026-10-06 00:50:01] OK   same_day_reminder — sent=0 (3.5ms)
[2026-10-06 00:50:01] OK   unclaimed_document — sent=0 (1.2ms)
[2026-10-06 00:50:01] === RUN END — total_sent=0 failed=0 ===
[2026-10-06 00:55:01] === RUN START (2026-10-06 00:55:01) — 5 task(s) ===
[2026-10-06 00:55:01] OK   hearing_reminder — sent=0 (0.8ms)
[2026-10-06 00:55:01] OK   pickup_reminder — sent=0 (0.6ms)
[2026-10-06 00:55:01] equipment_overdue: SKIPPED resident=7 request=21 (last sent 0.7h ago)
[2026-10-06 00:55:01] equipment_overdue: SKIPPED resident=7 request=22 (last sent 0.7h ago)
[2026-10-06 00:55:01] equipment_overdue: SKIPPED resident=7 request=23 (last sent 0.7h ago)
[2026-10-06 00:55:01] equipment_overdue: SKIPPED resident=7 request=24 (last sent 0.7h ago)
[2026-10-06 00:55:01] equipment_overdue: SKIPPED resident=7 request=25 (last sent 0.7h ago)
[2026-10-06 00:55:01] equipment_overdue: SKIPPED resident=7 request=26 (last sent 0.7h ago)
[2026-10-06 00:55:01] equipment_overdue: SKIPPED resident=7 request=28 (last sent 0.7h ago)
[2026-10-06 00:55:01] equipment_overdue: SKIPPED resident=7 request=29 (last sent 0.7h ago)
[2026-10-06 00:55:01] OK   return_reminder — sent=0 (3.6ms)
[2026-10-06 00:55:01] OK   same_day_reminder — sent=0 (0.8ms)
[2026-10-06 00:55:01] OK   unclaimed_document — sent=0 (0.6ms)
[2026-10-06 00:55:01] === RUN END — total_sent=0 failed=0 ===
[2026-10-06 01:00:01] === RUN START (2026-10-06 01:00:01) — 5 task(s) ===
[2026-10-06 01:00:01] OK   hearing_reminder — sent=0 (0.8ms)
[2026-10-06 01:00:01] OK   pickup_reminder — sent=0 (0.7ms)
[2026-10-06 01:00:01] equipment_overdue: SKIPPED resident=7 request=21 (last sent 0.8h ago)
[2026-10-06 01:00:01] equipment_overdue: SKIPPED resident=7 request=22 (last sent 0.8h ago)
[2026-10-06 01:00:01] equipment_overdue: SKIPPED resident=7 request=23 (last sent 0.8h ago)
[2026-10-06 01:00:01] equipment_overdue: SKIPPED resident=7 request=24 (last sent 0.8h ago)
[2026-10-06 01:00:01] equipment_overdue: SKIPPED resident=7 request=25 (last sent 0.8h ago)
[2026-10-06 01:00:01] equipment_overdue: SKIPPED resident=7 request=26 (last sent 0.8h ago)
[2026-10-06 01:00:01] equipment_overdue: SKIPPED resident=7 request=28 (last sent 0.8h ago)
[2026-10-06 01:00:01] equipment_overdue: SKIPPED resident=7 request=29 (last sent 0.8h ago)
[2026-10-06 01:00:01] OK   return_reminder — sent=0 (3ms)
[2026-10-06 01:00:01] OK   same_day_reminder — sent=0 (1.3ms)
[2026-10-06 01:00:01] OK   unclaimed_document — sent=0 (1.3ms)
[2026-10-06 01:00:01] === RUN END — total_sent=0 failed=0 ===
[2026-10-06 01:05:01] === RUN START (2026-10-06 01:05:01) — 5 task(s) ===
[2026-10-06 01:05:01] OK   hearing_reminder — sent=0 (2.2ms)
[2026-10-06 01:05:01] OK   pickup_reminder — sent=0 (1.4ms)
[2026-10-06 01:05:01] equipment_overdue: SKIPPED resident=7 request=21 (last sent 0.8h ago)
[2026-10-06 01:05:01] equipment_overdue: SKIPPED resident=7 request=22 (last sent 0.8h ago)
[2026-10-06 01:05:01] equipment_overdue: SKIPPED resident=7 request=23 (last sent 0.8h ago)
[2026-10-06 01:05:01] equipment_overdue: SKIPPED resident=7 request=24 (last sent 0.8h ago)
[2026-10-06 01:05:01] equipment_overdue: SKIPPED resident=7 request=25 (last sent 0.8h ago)
[2026-10-06 01:05:01] equipment_overdue: SKIPPED resident=7 request=26 (last sent 0.8h ago)
[2026-10-06 01:05:01] equipment_overdue: SKIPPED resident=7 request=28 (last sent 0.8h ago)
[2026-10-06 01:05:01] equipment_overdue: SKIPPED resident=7 request=29 (last sent 0.8h ago)
[2026-10-06 01:05:01] OK   return_reminder — sent=0 (4.2ms)
[2026-10-06 01:05:01] OK   same_day_reminder — sent=0 (0.9ms)
[2026-10-06 01:05:01] OK   unclaimed_document — sent=0 (0.9ms)
[2026-10-06 01:05:01] === RUN END — total_sent=0 failed=0 ===
[2026-10-06 01:10:01] === RUN START (2026-10-06 01:10:01) — 5 task(s) ===
[2026-10-06 01:10:01] OK   hearing_reminder — sent=0 (0.9ms)
[2026-10-06 01:10:01] OK   pickup_reminder — sent=0 (1.2ms)
[2026-10-06 01:10:01] equipment_overdue: SKIPPED resident=7 request=21 (last sent 0.9h ago)
[2026-10-06 01:10:01] equipment_overdue: SKIPPED resident=7 request=22 (last sent 0.9h ago)
[2026-10-06 01:10:01] equipment_overdue: SKIPPED resident=7 request=23 (last sent 0.9h ago)
[2026-10-06 01:10:01] equipment_overdue: SKIPPED resident=7 request=24 (last sent 0.9h ago)
[2026-10-06 01:10:01] equipment_overdue: SKIPPED resident=7 request=25 (last sent 0.9h ago)
[2026-10-06 01:10:01] equipment_overdue: SKIPPED resident=7 request=26 (last sent 0.9h ago)
[2026-10-06 01:10:01] equipment_overdue: SKIPPED resident=7 request=28 (last sent 0.9h ago)
[2026-10-06 01:10:01] equipment_overdue: SKIPPED resident=7 request=29 (last sent 0.9h ago)
[2026-10-06 01:10:01] OK   return_reminder — sent=0 (14.1ms)
[2026-10-06 01:10:01] OK   same_day_reminder — sent=0 (1.1ms)
[2026-10-06 01:10:01] OK   unclaimed_document — sent=0 (0.9ms)
[2026-10-06 01:10:01] === RUN END — total_sent=0 failed=0 ===
[2026-10-06 01:15:01] === RUN START (2026-10-06 01:15:01) — 5 task(s) ===
[2026-10-06 01:15:01] OK   hearing_reminder — sent=0 (0.4ms)
[2026-10-06 01:15:01] OK   pickup_reminder — sent=0 (0.2ms)
[2026-10-06 01:15:01] equipment_overdue: SKIPPED resident=7 request=21 (last sent 1h ago)
[2026-10-06 01:15:01] equipment_overdue: SKIPPED resident=7 request=22 (last sent 1h ago)
[2026-10-06 01:15:01] equipment_overdue: SKIPPED resident=7 request=23 (last sent 1h ago)
[2026-10-06 01:15:01] equipment_overdue: SKIPPED resident=7 request=24 (last sent 1h ago)
[2026-10-06 01:15:01] equipment_overdue: SKIPPED resident=7 request=25 (last sent 1h ago)
[2026-10-06 01:15:01] equipment_overdue: SKIPPED resident=7 request=26 (last sent 1h ago)
[2026-10-06 01:15:01] equipment_overdue: SKIPPED resident=7 request=28 (last sent 1h ago)
[2026-10-06 01:15:01] equipment_overdue: SKIPPED resident=7 request=29 (last sent 1h ago)
[2026-10-06 01:15:01] OK   return_reminder — sent=0 (3.9ms)
[2026-10-06 01:15:01] OK   same_day_reminder — sent=0 (1ms)
[2026-10-06 01:15:01] OK   unclaimed_document — sent=0 (1.7ms)
[2026-10-06 01:15:01] === RUN END — total_sent=0 failed=0 ===
[2026-10-06 01:20:01] === RUN START (2026-10-06 01:20:01) — 5 task(s) ===
[2026-10-06 01:20:01] OK   hearing_reminder — sent=0 (1.5ms)
[2026-10-06 01:20:01] OK   pickup_reminder — sent=0 (6.9ms)
[2026-10-06 01:20:01] equipment_overdue: SKIPPED resident=7 request=21 (last sent 1.1h ago)
[2026-10-06 01:20:01] equipment_overdue: SKIPPED resident=7 request=22 (last sent 1.1h ago)
[2026-10-06 01:20:01] equipment_overdue: SKIPPED resident=7 request=23 (last sent 1.1h ago)
[2026-10-06 01:20:01] equipment_overdue: SKIPPED resident=7 request=24 (last sent 1.1h ago)
[2026-10-06 01:20:01] equipment_overdue: SKIPPED resident=7 request=25 (last sent 1.1h ago)
[2026-10-06 01:20:01] equipment_overdue: SKIPPED resident=7 request=26 (last sent 1.1h ago)
[2026-10-06 01:20:01] equipment_overdue: SKIPPED resident=7 request=28 (last sent 1.1h ago)
[2026-10-06 01:20:01] equipment_overdue: SKIPPED resident=7 request=29 (last sent 1.1h ago)
[2026-10-06 01:20:01] OK   return_reminder — sent=0 (10.3ms)
[2026-10-06 01:20:01] OK   same_day_reminder — sent=0 (19.4ms)
[2026-10-06 01:20:01] OK   unclaimed_document — sent=0 (0.7ms)
[2026-10-06 01:20:01] === RUN END — total_sent=0 failed=0 ===
[2026-10-06 01:25:01] === RUN START (2026-10-06 01:25:01) — 5 task(s) ===
[2026-10-06 01:25:01] OK   hearing_reminder — sent=0 (0.6ms)
[2026-10-06 01:25:01] OK   pickup_reminder — sent=0 (0.6ms)
[2026-10-06 01:25:01] equipment_overdue: SKIPPED resident=7 request=21 (last sent 1.2h ago)
[2026-10-06 01:25:01] equipment_overdue: SKIPPED resident=7 request=22 (last sent 1.2h ago)
[2026-10-06 01:25:01] equipment_overdue: SKIPPED resident=7 request=23 (last sent 1.2h ago)
[2026-10-06 01:25:01] equipment_overdue: SKIPPED resident=7 request=24 (last sent 1.2h ago)
[2026-10-06 01:25:01] equipment_overdue: SKIPPED resident=7 request=25 (last sent 1.2h ago)
[2026-10-06 01:25:01] equipment_overdue: SKIPPED resident=7 request=26 (last sent 1.2h ago)
[2026-10-06 01:25:01] equipment_overdue: SKIPPED resident=7 request=28 (last sent 1.2h ago)
[2026-10-06 01:25:01] equipment_overdue: SKIPPED resident=7 request=29 (last sent 1.2h ago)
[2026-10-06 01:25:01] OK   return_reminder — sent=0 (2.8ms)
[2026-10-06 01:25:01] OK   same_day_reminder — sent=0 (0.6ms)
[2026-10-06 01:25:01] OK   unclaimed_document — sent=0 (0.6ms)
[2026-10-06 01:25:01] === RUN END — total_sent=0 failed=0 ===
[2026-10-06 01:30:01] === RUN START (2026-10-06 01:30:01) — 5 task(s) ===
[2026-10-06 01:30:01] OK   hearing_reminder — sent=0 (1.2ms)
[2026-10-06 01:30:01] OK   pickup_reminder — sent=0 (1.9ms)
[2026-10-06 01:30:02] equipment_overdue: SKIPPED resident=7 request=21 (last sent 1.3h ago)
[2026-10-06 01:30:02] equipment_overdue: SKIPPED resident=7 request=22 (last sent 1.3h ago)
[2026-10-06 01:30:02] equipment_overdue: SKIPPED resident=7 request=23 (last sent 1.3h ago)
[2026-10-06 01:30:02] equipment_overdue: SKIPPED resident=7 request=24 (last sent 1.3h ago)
[2026-10-06 01:30:02] equipment_overdue: SKIPPED resident=7 request=25 (last sent 1.3h ago)
[2026-10-06 01:30:02] equipment_overdue: SKIPPED resident=7 request=26 (last sent 1.3h ago)
[2026-10-06 01:30:02] equipment_overdue: SKIPPED resident=7 request=28 (last sent 1.3h ago)
[2026-10-06 01:30:02] equipment_overdue: SKIPPED resident=7 request=29 (last sent 1.3h ago)
[2026-10-06 01:30:02] OK   return_reminder — sent=0 (31.3ms)
[2026-10-06 01:30:02] OK   same_day_reminder — sent=0 (2.1ms)
[2026-10-06 01:30:02] OK   unclaimed_document — sent=0 (0.9ms)
[2026-10-06 01:30:02] === RUN END — total_sent=0 failed=0 ===
[2026-10-06 01:35:01] === RUN START (2026-10-06 01:35:01) — 5 task(s) ===
[2026-10-06 01:35:01] OK   hearing_reminder — sent=0 (1.3ms)
[2026-10-06 01:35:01] OK   pickup_reminder — sent=0 (1.5ms)
[2026-10-06 01:35:01] equipment_overdue: SKIPPED resident=7 request=21 (last sent 1.3h ago)
[2026-10-06 01:35:01] equipment_overdue: SKIPPED resident=7 request=22 (last sent 1.3h ago)
[2026-10-06 01:35:01] equipment_overdue: SKIPPED resident=7 request=23 (last sent 1.3h ago)
[2026-10-06 01:35:01] equipment_overdue: SKIPPED resident=7 request=24 (last sent 1.3h ago)
[2026-10-06 01:35:01] equipment_overdue: SKIPPED resident=7 request=25 (last sent 1.3h ago)
[2026-10-06 01:35:01] equipment_overdue: SKIPPED resident=7 request=26 (last sent 1.3h ago)
[2026-10-06 01:35:01] equipment_overdue: SKIPPED resident=7 request=28 (last sent 1.3h ago)
[2026-10-06 01:35:01] equipment_overdue: SKIPPED resident=7 request=29 (last sent 1.3h ago)
[2026-10-06 01:35:01] OK   return_reminder — sent=0 (5.8ms)
[2026-10-06 01:35:01] OK   same_day_reminder — sent=0 (1.6ms)
[2026-10-06 01:35:01] OK   unclaimed_document — sent=0 (1.7ms)
[2026-10-06 01:35:01] === RUN END — total_sent=0 failed=0 ===
[2026-10-06 01:40:01] === RUN START (2026-10-06 01:40:01) — 5 task(s) ===
[2026-10-06 01:40:01] OK   hearing_reminder — sent=0 (1.1ms)
[2026-10-06 01:40:01] OK   pickup_reminder — sent=0 (1.1ms)
[2026-10-06 01:40:01] equipment_overdue: SKIPPED resident=7 request=21 (last sent 1.4h ago)
[2026-10-06 01:40:01] equipment_overdue: SKIPPED resident=7 request=22 (last sent 1.4h ago)
[2026-10-06 01:40:01] equipment_overdue: SKIPPED resident=7 request=23 (last sent 1.4h ago)
[2026-10-06 01:40:01] equipment_overdue: SKIPPED resident=7 request=24 (last sent 1.4h ago)
[2026-10-06 01:40:01] equipment_overdue: SKIPPED resident=7 request=25 (last sent 1.4h ago)
[2026-10-06 01:40:01] equipment_overdue: SKIPPED resident=7 request=26 (last sent 1.4h ago)
[2026-10-06 01:40:01] equipment_overdue: SKIPPED resident=7 request=28 (last sent 1.4h ago)
[2026-10-06 01:40:01] equipment_overdue: SKIPPED resident=7 request=29 (last sent 1.4h ago)
[2026-10-06 01:40:01] OK   return_reminder — sent=0 (9.1ms)
[2026-10-06 01:40:01] OK   same_day_reminder — sent=0 (0.9ms)
[2026-10-06 01:40:01] OK   unclaimed_document — sent=0 (1.2ms)
[2026-10-06 01:40:01] === RUN END — total_sent=0 failed=0 ===
[2026-10-06 01:45:01] === RUN START (2026-10-06 01:45:01) — 5 task(s) ===
[2026-10-06 01:45:01] OK   hearing_reminder — sent=0 (0.7ms)
[2026-10-06 01:45:01] OK   pickup_reminder — sent=0 (0.8ms)
[2026-10-06 01:45:01] equipment_overdue: SKIPPED resident=7 request=21 (last sent 1.5h ago)
[2026-10-06 01:45:01] equipment_overdue: SKIPPED resident=7 request=22 (last sent 1.5h ago)
[2026-10-06 01:45:01] equipment_overdue: SKIPPED resident=7 request=23 (last sent 1.5h ago)
[2026-10-06 01:45:01] equipment_overdue: SKIPPED resident=7 request=24 (last sent 1.5h ago)
[2026-10-06 01:45:01] equipment_overdue: SKIPPED resident=7 request=25 (last sent 1.5h ago)
[2026-10-06 01:45:01] equipment_overdue: SKIPPED resident=7 request=26 (last sent 1.5h ago)
[2026-10-06 01:45:01] equipment_overdue: SKIPPED resident=7 request=28 (last sent 1.5h ago)
[2026-10-06 01:45:01] equipment_overdue: SKIPPED resident=7 request=29 (last sent 1.5h ago)
[2026-10-06 01:45:01] OK   return_reminder — sent=0 (5.7ms)
[2026-10-06 01:45:01] OK   same_day_reminder — sent=0 (1ms)
[2026-10-06 01:45:01] OK   unclaimed_document — sent=0 (1.2ms)
[2026-10-06 01:45:01] === RUN END — total_sent=0 failed=0 ===
[2026-10-06 01:50:01] === RUN START (2026-10-06 01:50:01) — 5 task(s) ===
[2026-10-06 01:50:01] OK   hearing_reminder — sent=0 (0.8ms)
[2026-10-06 01:50:01] OK   pickup_reminder — sent=0 (1.2ms)
[2026-10-06 01:50:01] equipment_overdue: SKIPPED resident=7 request=21 (last sent 1.6h ago)
[2026-10-06 01:50:01] equipment_overdue: SKIPPED resident=7 request=22 (last sent 1.6h ago)
[2026-10-06 01:50:01] equipment_overdue: SKIPPED resident=7 request=23 (last sent 1.6h ago)
[2026-10-06 01:50:01] equipment_overdue: SKIPPED resident=7 request=24 (last sent 1.6h ago)
[2026-10-06 01:50:01] equipment_overdue: SKIPPED resident=7 request=25 (last sent 1.6h ago)
[2026-10-06 01:50:01] equipment_overdue: SKIPPED resident=7 request=26 (last sent 1.6h ago)
[2026-10-06 01:50:01] equipment_overdue: SKIPPED resident=7 request=28 (last sent 1.6h ago)
[2026-10-06 01:50:01] equipment_overdue: SKIPPED resident=7 request=29 (last sent 1.6h ago)
[2026-10-06 01:50:01] OK   return_reminder — sent=0 (5.1ms)
[2026-10-06 01:50:01] OK   same_day_reminder — sent=0 (0.9ms)
[2026-10-06 01:50:01] OK   unclaimed_document — sent=0 (0.8ms)
[2026-10-06 01:50:01] === RUN END — total_sent=0 failed=0 ===
[2026-10-06 01:55:01] === RUN START (2026-10-06 01:55:01) — 5 task(s) ===
[2026-10-06 01:55:01] OK   hearing_reminder — sent=0 (0.5ms)
[2026-10-06 01:55:01] OK   pickup_reminder — sent=0 (0.7ms)
[2026-10-06 01:55:01] equipment_overdue: SKIPPED resident=7 request=21 (last sent 1.7h ago)
[2026-10-06 01:55:01] equipment_overdue: SKIPPED resident=7 request=22 (last sent 1.7h ago)
[2026-10-06 01:55:01] equipment_overdue: SKIPPED resident=7 request=23 (last sent 1.7h ago)
[2026-10-06 01:55:01] equipment_overdue: SKIPPED resident=7 request=24 (last sent 1.7h ago)
[2026-10-06 01:55:01] equipment_overdue: SKIPPED resident=7 request=25 (last sent 1.7h ago)
[2026-10-06 01:55:01] equipment_overdue: SKIPPED resident=7 request=26 (last sent 1.7h ago)
[2026-10-06 01:55:01] equipment_overdue: SKIPPED resident=7 request=28 (last sent 1.7h ago)
[2026-10-06 01:55:01] equipment_overdue: SKIPPED resident=7 request=29 (last sent 1.7h ago)
[2026-10-06 01:55:01] OK   return_reminder — sent=0 (6.5ms)
[2026-10-06 01:55:01] OK   same_day_reminder — sent=0 (0.6ms)
[2026-10-06 01:55:01] OK   unclaimed_document — sent=0 (0.8ms)
[2026-10-06 01:55:01] === RUN END — total_sent=0 failed=0 ===
[2026-10-06 02:00:01] === RUN START (2026-10-06 02:00:01) — 5 task(s) ===
[2026-10-06 02:00:01] OK   hearing_reminder — sent=0 (0.8ms)
[2026-10-06 02:00:01] OK   pickup_reminder — sent=0 (0.6ms)
[2026-10-06 02:00:01] equipment_overdue: SKIPPED resident=7 request=21 (last sent 1.8h ago)
[2026-10-06 02:00:01] equipment_overdue: SKIPPED resident=7 request=22 (last sent 1.8h ago)
[2026-10-06 02:00:01] equipment_overdue: SKIPPED resident=7 request=23 (last sent 1.8h ago)
[2026-10-06 02:00:01] equipment_overdue: SKIPPED resident=7 request=24 (last sent 1.8h ago)
[2026-10-06 02:00:01] equipment_overdue: SKIPPED resident=7 request=25 (last sent 1.8h ago)
[2026-10-06 02:00:01] equipment_overdue: SKIPPED resident=7 request=26 (last sent 1.8h ago)
[2026-10-06 02:00:01] equipment_overdue: SKIPPED resident=7 request=28 (last sent 1.8h ago)
[2026-10-06 02:00:01] equipment_overdue: SKIPPED resident=7 request=29 (last sent 1.8h ago)
[2026-10-06 02:00:01] OK   return_reminder — sent=0 (3.5ms)
[2026-10-06 02:00:01] OK   same_day_reminder — sent=0 (1.2ms)
[2026-10-06 02:00:01] OK   unclaimed_document — sent=0 (1.3ms)
[2026-10-06 02:00:01] === RUN END — total_sent=0 failed=0 ===
[2026-10-06 02:05:01] === RUN START (2026-10-06 02:05:01) — 5 task(s) ===
[2026-10-06 02:05:01] OK   hearing_reminder — sent=0 (6.8ms)
[2026-10-06 02:05:01] OK   pickup_reminder — sent=0 (2.7ms)
[2026-10-06 02:05:01] equipment_overdue: SKIPPED resident=7 request=21 (last sent 1.8h ago)
[2026-10-06 02:05:01] equipment_overdue: SKIPPED resident=7 request=22 (last sent 1.8h ago)
[2026-10-06 02:05:01] equipment_overdue: SKIPPED resident=7 request=23 (last sent 1.8h ago)
[2026-10-06 02:05:01] equipment_overdue: SKIPPED resident=7 request=24 (last sent 1.8h ago)
[2026-10-06 02:05:01] equipment_overdue: SKIPPED resident=7 request=25 (last sent 1.8h ago)
[2026-10-06 02:05:01] equipment_overdue: SKIPPED resident=7 request=26 (last sent 1.8h ago)
[2026-10-06 02:05:01] equipment_overdue: SKIPPED resident=7 request=28 (last sent 1.8h ago)
[2026-10-06 02:05:01] equipment_overdue: SKIPPED resident=7 request=29 (last sent 1.8h ago)
[2026-10-06 02:05:01] OK   return_reminder — sent=0 (49.7ms)
[2026-10-06 02:05:01] OK   same_day_reminder — sent=0 (1.8ms)
[2026-10-06 02:05:01] OK   unclaimed_document — sent=0 (0.7ms)
[2026-10-06 02:05:01] === RUN END — total_sent=0 failed=0 ===
[2026-10-06 02:10:01] === RUN START (2026-10-06 02:10:01) — 5 task(s) ===
[2026-10-06 02:10:01] OK   hearing_reminder — sent=0 (0.5ms)
[2026-10-06 02:10:01] OK   pickup_reminder — sent=0 (0.6ms)
[2026-10-06 02:10:01] equipment_overdue: SKIPPED resident=7 request=21 (last sent 1.9h ago)
[2026-10-06 02:10:01] equipment_overdue: SKIPPED resident=7 request=22 (last sent 1.9h ago)
[2026-10-06 02:10:01] equipment_overdue: SKIPPED resident=7 request=23 (last sent 1.9h ago)
[2026-10-06 02:10:01] equipment_overdue: SKIPPED resident=7 request=24 (last sent 1.9h ago)
[2026-10-06 02:10:01] equipment_overdue: SKIPPED resident=7 request=25 (last sent 1.9h ago)
[2026-10-06 02:10:01] equipment_overdue: SKIPPED resident=7 request=26 (last sent 1.9h ago)
[2026-10-06 02:10:01] equipment_overdue: SKIPPED resident=7 request=28 (last sent 1.9h ago)
[2026-10-06 02:10:01] equipment_overdue: SKIPPED resident=7 request=29 (last sent 1.9h ago)
[2026-10-06 02:10:01] OK   return_reminder — sent=0 (3.4ms)
[2026-10-06 02:10:01] OK   same_day_reminder — sent=0 (2ms)
[2026-10-06 02:10:01] OK   unclaimed_document — sent=0 (0.4ms)
[2026-10-06 02:10:01] === RUN END — total_sent=0 failed=0 ===
[2026-10-06 02:15:03] === RUN START (2026-10-06 02:15:03) — 5 task(s) ===
[2026-10-06 02:15:03] OK   hearing_reminder — sent=0 (0.6ms)
[2026-10-06 02:15:03] OK   pickup_reminder — sent=0 (0.7ms)
[2026-10-06 02:15:03] equipment_overdue: SKIPPED resident=7 request=21 (last sent 2h ago)
[2026-10-06 02:15:03] equipment_overdue: SKIPPED resident=7 request=22 (last sent 2h ago)
[2026-10-06 02:15:03] equipment_overdue: SKIPPED resident=7 request=23 (last sent 2h ago)
[2026-10-06 02:15:03] equipment_overdue: SKIPPED resident=7 request=24 (last sent 2h ago)
[2026-10-06 02:15:03] equipment_overdue: SKIPPED resident=7 request=25 (last sent 2h ago)
[2026-10-06 02:15:03] equipment_overdue: SKIPPED resident=7 request=26 (last sent 2h ago)
[2026-10-06 02:15:03] equipment_overdue: SKIPPED resident=7 request=28 (last sent 2h ago)
[2026-10-06 02:15:03] equipment_overdue: SKIPPED resident=7 request=29 (last sent 2h ago)
[2026-10-06 02:15:03] OK   return_reminder — sent=0 (4.3ms)
[2026-10-06 02:15:03] OK   same_day_reminder — sent=0 (0.3ms)
[2026-10-06 02:15:03] OK   unclaimed_document — sent=0 (0.7ms)
[2026-10-06 02:15:03] === RUN END — total_sent=0 failed=0 ===
[2026-10-06 02:20:02] === RUN START (2026-10-06 02:20:02) — 5 task(s) ===
[2026-10-06 02:20:02] OK   hearing_reminder — sent=0 (0.9ms)
[2026-10-06 02:20:02] OK   pickup_reminder — sent=0 (1ms)
[2026-10-06 02:20:02] equipment_overdue: SKIPPED resident=7 request=21 (last sent 2.1h ago)
[2026-10-06 02:20:02] equipment_overdue: SKIPPED resident=7 request=22 (last sent 2.1h ago)
[2026-10-06 02:20:02] equipment_overdue: SKIPPED resident=7 request=23 (last sent 2.1h ago)
[2026-10-06 02:20:02] equipment_overdue: SKIPPED resident=7 request=24 (last sent 2.1h ago)
[2026-10-06 02:20:02] equipment_overdue: SKIPPED resident=7 request=25 (last sent 2.1h ago)
[2026-10-06 02:20:02] equipment_overdue: SKIPPED resident=7 request=26 (last sent 2.1h ago)
[2026-10-06 02:20:02] equipment_overdue: SKIPPED resident=7 request=28 (last sent 2.1h ago)
[2026-10-06 02:20:02] equipment_overdue: SKIPPED resident=7 request=29 (last sent 2.1h ago)
[2026-10-06 02:20:02] OK   return_reminder — sent=0 (5.8ms)
[2026-10-06 02:20:02] OK   same_day_reminder — sent=0 (1.3ms)
[2026-10-06 02:20:02] OK   unclaimed_document — sent=0 (0.6ms)
[2026-10-06 02:20:02] === RUN END — total_sent=0 failed=0 ===
[2026-10-06 02:25:02] === RUN START (2026-10-06 02:25:02) — 5 task(s) ===
[2026-10-06 02:25:02] OK   hearing_reminder — sent=0 (0.8ms)
[2026-10-06 02:25:02] OK   pickup_reminder — sent=0 (0.4ms)
[2026-10-06 02:25:02] equipment_overdue: SKIPPED resident=7 request=21 (last sent 2.2h ago)
[2026-10-06 02:25:02] equipment_overdue: SKIPPED resident=7 request=22 (last sent 2.2h ago)
[2026-10-06 02:25:02] equipment_overdue: SKIPPED resident=7 request=23 (last sent 2.2h ago)
[2026-10-06 02:25:02] equipment_overdue: SKIPPED resident=7 request=24 (last sent 2.2h ago)
[2026-10-06 02:25:02] equipment_overdue: SKIPPED resident=7 request=25 (last sent 2.2h ago)
[2026-10-06 02:25:02] equipment_overdue: SKIPPED resident=7 request=26 (last sent 2.2h ago)
[2026-10-06 02:25:02] equipment_overdue: SKIPPED resident=7 request=28 (last sent 2.2h ago)
[2026-10-06 02:25:02] equipment_overdue: SKIPPED resident=7 request=29 (last sent 2.2h ago)
[2026-10-06 02:25:02] OK   return_reminder — sent=0 (7.9ms)
[2026-10-06 02:25:02] OK   same_day_reminder — sent=0 (1.6ms)
[2026-10-06 02:25:02] OK   unclaimed_document — sent=0 (1.6ms)
[2026-10-06 02:25:02] === RUN END — total_sent=0 failed=0 ===
[2026-10-06 02:30:02] === RUN START (2026-10-06 02:30:02) — 5 task(s) ===
[2026-10-06 02:30:02] OK   hearing_reminder — sent=0 (1.2ms)
[2026-10-06 02:30:02] OK   pickup_reminder — sent=0 (1.2ms)
[2026-10-06 02:30:02] equipment_overdue: SKIPPED resident=7 request=21 (last sent 2.3h ago)
[2026-10-06 02:30:02] equipment_overdue: SKIPPED resident=7 request=22 (last sent 2.3h ago)
[2026-10-06 02:30:02] equipment_overdue: SKIPPED resident=7 request=23 (last sent 2.3h ago)
[2026-10-06 02:30:02] equipment_overdue: SKIPPED resident=7 request=24 (last sent 2.3h ago)
[2026-10-06 02:30:02] equipment_overdue: SKIPPED resident=7 request=25 (last sent 2.3h ago)
[2026-10-06 02:30:02] equipment_overdue: SKIPPED resident=7 request=26 (last sent 2.3h ago)
[2026-10-06 02:30:02] equipment_overdue: SKIPPED resident=7 request=28 (last sent 2.3h ago)
[2026-10-06 02:30:02] equipment_overdue: SKIPPED resident=7 request=29 (last sent 2.3h ago)
[2026-10-06 02:30:02] OK   return_reminder — sent=0 (5ms)
[2026-10-06 02:30:02] OK   same_day_reminder — sent=0 (0.9ms)
[2026-10-06 02:30:02] OK   unclaimed_document — sent=0 (0.8ms)
[2026-10-06 02:30:02] === RUN END — total_sent=0 failed=0 ===
[2026-10-06 02:35:02] === RUN START (2026-10-06 02:35:02) — 5 task(s) ===
[2026-10-06 02:35:02] OK   hearing_reminder — sent=0 (0.5ms)
[2026-10-06 02:35:02] OK   pickup_reminder — sent=0 (0.4ms)
[2026-10-06 02:35:02] equipment_overdue: SKIPPED resident=7 request=21 (last sent 2.3h ago)
[2026-10-06 02:35:02] equipment_overdue: SKIPPED resident=7 request=22 (last sent 2.3h ago)
[2026-10-06 02:35:02] equipment_overdue: SKIPPED resident=7 request=23 (last sent 2.3h ago)
[2026-10-06 02:35:02] equipment_overdue: SKIPPED resident=7 request=24 (last sent 2.3h ago)
[2026-10-06 02:35:02] equipment_overdue: SKIPPED resident=7 request=25 (last sent 2.3h ago)
[2026-10-06 02:35:02] equipment_overdue: SKIPPED resident=7 request=26 (last sent 2.3h ago)
[2026-10-06 02:35:02] equipment_overdue: SKIPPED resident=7 request=28 (last sent 2.3h ago)
[2026-10-06 02:35:02] equipment_overdue: SKIPPED resident=7 request=29 (last sent 2.3h ago)
[2026-10-06 02:35:02] OK   return_reminder — sent=0 (3.5ms)
[2026-10-06 02:35:02] OK   same_day_reminder — sent=0 (0.7ms)
[2026-10-06 02:35:02] OK   unclaimed_document — sent=0 (0.5ms)
[2026-10-06 02:35:02] === RUN END — total_sent=0 failed=0 ===
[2026-10-06 02:40:02] === RUN START (2026-10-06 02:40:02) — 5 task(s) ===
[2026-10-06 02:40:02] OK   hearing_reminder — sent=0 (0.9ms)
[2026-10-06 02:40:02] OK   pickup_reminder — sent=0 (1.1ms)
[2026-10-06 02:40:02] equipment_overdue: SKIPPED resident=7 request=21 (last sent 2.4h ago)
[2026-10-06 02:40:02] equipment_overdue: SKIPPED resident=7 request=22 (last sent 2.4h ago)
[2026-10-06 02:40:02] equipment_overdue: SKIPPED resident=7 request=23 (last sent 2.4h ago)
[2026-10-06 02:40:02] equipment_overdue: SKIPPED resident=7 request=24 (last sent 2.4h ago)
[2026-10-06 02:40:02] equipment_overdue: SKIPPED resident=7 request=25 (last sent 2.4h ago)
[2026-10-06 02:40:02] equipment_overdue: SKIPPED resident=7 request=26 (last sent 2.4h ago)
[2026-10-06 02:40:02] equipment_overdue: SKIPPED resident=7 request=28 (last sent 2.4h ago)
[2026-10-06 02:40:02] equipment_overdue: SKIPPED resident=7 request=29 (last sent 2.4h ago)
[2026-10-06 02:40:02] OK   return_reminder — sent=0 (4.6ms)
[2026-10-06 02:40:02] OK   same_day_reminder — sent=0 (0.9ms)
[2026-10-06 02:40:02] OK   unclaimed_document — sent=0 (1.4ms)
[2026-10-06 02:40:02] === RUN END — total_sent=0 failed=0 ===
[2026-10-06 02:45:02] === RUN START (2026-10-06 02:45:02) — 5 task(s) ===
[2026-10-06 02:45:02] OK   hearing_reminder — sent=0 (0.8ms)
[2026-10-06 02:45:02] OK   pickup_reminder — sent=0 (1ms)
[2026-10-06 02:45:02] equipment_overdue: SKIPPED resident=7 request=21 (last sent 2.5h ago)
[2026-10-06 02:45:02] equipment_overdue: SKIPPED resident=7 request=22 (last sent 2.5h ago)
[2026-10-06 02:45:02] equipment_overdue: SKIPPED resident=7 request=23 (last sent 2.5h ago)
[2026-10-06 02:45:02] equipment_overdue: SKIPPED resident=7 request=24 (last sent 2.5h ago)
[2026-10-06 02:45:02] equipment_overdue: SKIPPED resident=7 request=25 (last sent 2.5h ago)
[2026-10-06 02:45:02] equipment_overdue: SKIPPED resident=7 request=26 (last sent 2.5h ago)
[2026-10-06 02:45:02] equipment_overdue: SKIPPED resident=7 request=28 (last sent 2.5h ago)
[2026-10-06 02:45:02] equipment_overdue: SKIPPED resident=7 request=29 (last sent 2.5h ago)
[2026-10-06 02:45:02] OK   return_reminder — sent=0 (7.9ms)
[2026-10-06 02:45:02] OK   same_day_reminder — sent=0 (1.3ms)
[2026-10-06 02:45:02] OK   unclaimed_document — sent=0 (0.9ms)
[2026-10-06 02:45:02] === RUN END — total_sent=0 failed=0 ===
[2026-10-06 02:50:02] === RUN START (2026-10-06 02:50:02) — 5 task(s) ===
[2026-10-06 02:50:02] OK   hearing_reminder — sent=0 (0.5ms)
[2026-10-06 02:50:02] OK   pickup_reminder — sent=0 (1.4ms)
[2026-10-06 02:50:02] equipment_overdue: SKIPPED resident=7 request=21 (last sent 2.6h ago)
[2026-10-06 02:50:02] equipment_overdue: SKIPPED resident=7 request=22 (last sent 2.6h ago)
[2026-10-06 02:50:02] equipment_overdue: SKIPPED resident=7 request=23 (last sent 2.6h ago)
[2026-10-06 02:50:02] equipment_overdue: SKIPPED resident=7 request=24 (last sent 2.6h ago)
[2026-10-06 02:50:02] equipment_overdue: SKIPPED resident=7 request=25 (last sent 2.6h ago)
[2026-10-06 02:50:02] equipment_overdue: SKIPPED resident=7 request=26 (last sent 2.6h ago)
[2026-10-06 02:50:02] equipment_overdue: SKIPPED resident=7 request=28 (last sent 2.6h ago)
[2026-10-06 02:50:02] equipment_overdue: SKIPPED resident=7 request=29 (last sent 2.6h ago)
[2026-10-06 02:50:02] OK   return_reminder — sent=0 (2.5ms)
[2026-10-06 02:50:02] OK   same_day_reminder — sent=0 (0.8ms)
[2026-10-06 02:50:02] OK   unclaimed_document — sent=0 (1.1ms)
[2026-10-06 02:50:02] === RUN END — total_sent=0 failed=0 ===
[2026-10-06 02:55:02] === RUN START (2026-10-06 02:55:02) — 5 task(s) ===
[2026-10-06 02:55:02] OK   hearing_reminder — sent=0 (1ms)
[2026-10-06 02:55:02] OK   pickup_reminder — sent=0 (1.2ms)
[2026-10-06 02:55:02] equipment_overdue: SKIPPED resident=7 request=21 (last sent 2.7h ago)
[2026-10-06 02:55:02] equipment_overdue: SKIPPED resident=7 request=22 (last sent 2.7h ago)
[2026-10-06 02:55:02] equipment_overdue: SKIPPED resident=7 request=23 (last sent 2.7h ago)
[2026-10-06 02:55:02] equipment_overdue: SKIPPED resident=7 request=24 (last sent 2.7h ago)
[2026-10-06 02:55:02] equipment_overdue: SKIPPED resident=7 request=25 (last sent 2.7h ago)
[2026-10-06 02:55:02] equipment_overdue: SKIPPED resident=7 request=26 (last sent 2.7h ago)
[2026-10-06 02:55:02] equipment_overdue: SKIPPED resident=7 request=28 (last sent 2.7h ago)
[2026-10-06 02:55:02] equipment_overdue: SKIPPED resident=7 request=29 (last sent 2.7h ago)
[2026-10-06 02:55:02] OK   return_reminder — sent=0 (30.5ms)
[2026-10-06 02:55:02] OK   same_day_reminder — sent=0 (1ms)
[2026-10-06 02:55:02] OK   unclaimed_document — sent=0 (1.2ms)
[2026-10-06 02:55:02] === RUN END — total_sent=0 failed=0 ===
[2026-10-06 03:00:02] === RUN START (2026-10-06 03:00:02) — 5 task(s) ===
[2026-10-06 03:00:02] OK   hearing_reminder — sent=0 (0.6ms)
[2026-10-06 03:00:02] OK   pickup_reminder — sent=0 (0.6ms)
[2026-10-06 03:00:02] equipment_overdue: SKIPPED resident=7 request=21 (last sent 2.8h ago)
[2026-10-06 03:00:02] equipment_overdue: SKIPPED resident=7 request=22 (last sent 2.8h ago)
[2026-10-06 03:00:02] equipment_overdue: SKIPPED resident=7 request=23 (last sent 2.8h ago)
[2026-10-06 03:00:02] equipment_overdue: SKIPPED resident=7 request=24 (last sent 2.8h ago)
[2026-10-06 03:00:02] equipment_overdue: SKIPPED resident=7 request=25 (last sent 2.8h ago)
[2026-10-06 03:00:02] equipment_overdue: SKIPPED resident=7 request=26 (last sent 2.8h ago)
[2026-10-06 03:00:02] equipment_overdue: SKIPPED resident=7 request=28 (last sent 2.8h ago)
[2026-10-06 03:00:02] equipment_overdue: SKIPPED resident=7 request=29 (last sent 2.8h ago)
[2026-10-06 03:00:02] OK   return_reminder — sent=0 (16.3ms)
[2026-10-06 03:00:02] OK   same_day_reminder — sent=0 (0.9ms)
[2026-10-06 03:00:02] OK   unclaimed_document — sent=0 (0.9ms)
[2026-10-06 03:00:02] === RUN END — total_sent=0 failed=0 ===
[2026-10-06 03:05:02] === RUN START (2026-10-06 03:05:02) — 5 task(s) ===
[2026-10-06 03:05:02] OK   hearing_reminder — sent=0 (1.1ms)
[2026-10-06 03:05:02] OK   pickup_reminder — sent=0 (2.2ms)
[2026-10-06 03:05:02] equipment_overdue: SKIPPED resident=7 request=21 (last sent 2.8h ago)
[2026-10-06 03:05:02] equipment_overdue: SKIPPED resident=7 request=22 (last sent 2.8h ago)
[2026-10-06 03:05:02] equipment_overdue: SKIPPED resident=7 request=23 (last sent 2.8h ago)
[2026-10-06 03:05:02] equipment_overdue: SKIPPED resident=7 request=24 (last sent 2.8h ago)
[2026-10-06 03:05:02] equipment_overdue: SKIPPED resident=7 request=25 (last sent 2.8h ago)
[2026-10-06 03:05:02] equipment_overdue: SKIPPED resident=7 request=26 (last sent 2.8h ago)
[2026-10-06 03:05:02] equipment_overdue: SKIPPED resident=7 request=28 (last sent 2.8h ago)
[2026-10-06 03:05:02] equipment_overdue: SKIPPED resident=7 request=29 (last sent 2.8h ago)
[2026-10-06 03:05:02] OK   return_reminder — sent=0 (3.9ms)
[2026-10-06 03:05:02] OK   same_day_reminder — sent=0 (2.9ms)
[2026-10-06 03:05:02] OK   unclaimed_document — sent=0 (0.6ms)
[2026-10-06 03:05:02] === RUN END — total_sent=0 failed=0 ===
[2026-10-06 03:10:02] === RUN START (2026-10-06 03:10:02) — 5 task(s) ===
[2026-10-06 03:10:02] OK   hearing_reminder — sent=0 (0.4ms)
[2026-10-06 03:10:02] OK   pickup_reminder — sent=0 (0.6ms)
[2026-10-06 03:10:02] equipment_overdue: SKIPPED resident=7 request=21 (last sent 2.9h ago)
[2026-10-06 03:10:02] equipment_overdue: SKIPPED resident=7 request=22 (last sent 2.9h ago)
[2026-10-06 03:10:02] equipment_overdue: SKIPPED resident=7 request=23 (last sent 2.9h ago)
[2026-10-06 03:10:02] equipment_overdue: SKIPPED resident=7 request=24 (last sent 2.9h ago)
[2026-10-06 03:10:02] equipment_overdue: SKIPPED resident=7 request=25 (last sent 2.9h ago)
[2026-10-06 03:10:02] equipment_overdue: SKIPPED resident=7 request=26 (last sent 2.9h ago)
[2026-10-06 03:10:02] equipment_overdue: SKIPPED resident=7 request=28 (last sent 2.9h ago)
[2026-10-06 03:10:02] equipment_overdue: SKIPPED resident=7 request=29 (last sent 2.9h ago)
[2026-10-06 03:10:02] OK   return_reminder — sent=0 (4.9ms)
[2026-10-06 03:10:02] OK   same_day_reminder — sent=0 (1ms)
[2026-10-06 03:10:02] OK   unclaimed_document — sent=0 (0.9ms)
[2026-10-06 03:10:02] === RUN END — total_sent=0 failed=0 ===
[2026-10-06 03:15:02] === RUN START (2026-10-06 03:15:02) — 5 task(s) ===
[2026-10-06 03:15:02] OK   hearing_reminder — sent=0 (0.4ms)
[2026-10-06 03:15:02] OK   pickup_reminder — sent=0 (0.8ms)
[2026-10-06 03:15:02] cronSafePushResident: resident=7 has NO subscription
[2026-10-06 03:15:02] equipment_overdue: sent to resident=7 for request=21 (overdue=145)
[2026-10-06 03:15:02] cronSafePushResident: resident=7 has NO subscription
[2026-10-06 03:15:02] equipment_overdue: sent to resident=7 for request=22 (overdue=144)
[2026-10-06 03:15:02] cronSafePushResident: resident=7 has NO subscription
[2026-10-06 03:15:02] equipment_overdue: sent to resident=7 for request=23 (overdue=145)
[2026-10-06 03:15:02] cronSafePushResident: resident=7 has NO subscription
[2026-10-06 03:15:02] equipment_overdue: sent to resident=7 for request=24 (overdue=144)
[2026-10-06 03:15:02] cronSafePushResident: resident=7 has NO subscription
[2026-10-06 03:15:02] equipment_overdue: sent to resident=7 for request=25 (overdue=138)
[2026-10-06 03:15:02] cronSafePushResident: resident=7 has NO subscription
[2026-10-06 03:15:02] equipment_overdue: sent to resident=7 for request=26 (overdue=145)
[2026-10-06 03:15:02] cronSafePushResident: resident=7 has NO subscription
[2026-10-06 03:15:02] equipment_overdue: sent to resident=7 for request=28 (overdue=137)
[2026-10-06 03:15:02] cronSafePushResident: resident=7 has NO subscription
[2026-10-06 03:15:02] equipment_overdue: sent to resident=7 for request=29 (overdue=137)
[2026-10-06 03:15:02] OK   return_reminder — sent=8 (60.2ms)
[2026-10-06 03:15:02] OK   same_day_reminder — sent=0 (1ms)
[2026-10-06 03:15:02] OK   unclaimed_document — sent=0 (1ms)
[2026-10-06 03:15:02] === RUN END — total_sent=8 failed=0 ===
[2026-10-06 03:20:02] === RUN START (2026-10-06 03:20:02) — 5 task(s) ===
[2026-10-06 03:20:02] OK   hearing_reminder — sent=0 (0.4ms)
[2026-10-06 03:20:02] OK   pickup_reminder — sent=0 (0.9ms)
[2026-10-06 03:20:02] equipment_overdue: SKIPPED resident=7 request=21 (last sent 0.1h ago)
[2026-10-06 03:20:02] equipment_overdue: SKIPPED resident=7 request=22 (last sent 0.1h ago)
[2026-10-06 03:20:02] equipment_overdue: SKIPPED resident=7 request=23 (last sent 0.1h ago)
[2026-10-06 03:20:02] equipment_overdue: SKIPPED resident=7 request=24 (last sent 0.1h ago)
[2026-10-06 03:20:02] equipment_overdue: SKIPPED resident=7 request=25 (last sent 0.1h ago)
[2026-10-06 03:20:02] equipment_overdue: SKIPPED resident=7 request=26 (last sent 0.1h ago)
[2026-10-06 03:20:02] equipment_overdue: SKIPPED resident=7 request=28 (last sent 0.1h ago)
[2026-10-06 03:20:02] equipment_overdue: SKIPPED resident=7 request=29 (last sent 0.1h ago)
[2026-10-06 03:20:02] OK   return_reminder — sent=0 (5.9ms)
[2026-10-06 03:20:02] OK   same_day_reminder — sent=0 (1.9ms)
[2026-10-06 03:20:02] OK   unclaimed_document — sent=0 (1.7ms)
[2026-10-06 03:20:02] === RUN END — total_sent=0 failed=0 ===
[2026-10-06 03:25:02] === RUN START (2026-10-06 03:25:02) — 5 task(s) ===
[2026-10-06 03:25:02] OK   hearing_reminder — sent=0 (0.6ms)
[2026-10-06 03:25:02] OK   pickup_reminder — sent=0 (1.3ms)
[2026-10-06 03:25:02] equipment_overdue: SKIPPED resident=7 request=21 (last sent 0.2h ago)
[2026-10-06 03:25:02] equipment_overdue: SKIPPED resident=7 request=22 (last sent 0.2h ago)
[2026-10-06 03:25:02] equipment_overdue: SKIPPED resident=7 request=23 (last sent 0.2h ago)
[2026-10-06 03:25:02] equipment_overdue: SKIPPED resident=7 request=24 (last sent 0.2h ago)
[2026-10-06 03:25:02] equipment_overdue: SKIPPED resident=7 request=25 (last sent 0.2h ago)
[2026-10-06 03:25:02] equipment_overdue: SKIPPED resident=7 request=26 (last sent 0.2h ago)
[2026-10-06 03:25:02] equipment_overdue: SKIPPED resident=7 request=28 (last sent 0.2h ago)
[2026-10-06 03:25:02] equipment_overdue: SKIPPED resident=7 request=29 (last sent 0.2h ago)
[2026-10-06 03:25:02] OK   return_reminder — sent=0 (19ms)
[2026-10-06 03:25:02] OK   same_day_reminder — sent=0 (1.5ms)
[2026-10-06 03:25:02] OK   unclaimed_document — sent=0 (1.4ms)
[2026-10-06 03:25:02] === RUN END — total_sent=0 failed=0 ===
[2026-10-06 03:30:02] === RUN START (2026-10-06 03:30:02) — 5 task(s) ===
[2026-10-06 03:30:02] OK   hearing_reminder — sent=0 (0.6ms)
[2026-10-06 03:30:02] OK   pickup_reminder — sent=0 (22.3ms)
[2026-10-06 03:30:02] equipment_overdue: SKIPPED resident=7 request=21 (last sent 0.3h ago)
[2026-10-06 03:30:02] equipment_overdue: SKIPPED resident=7 request=22 (last sent 0.3h ago)
[2026-10-06 03:30:02] equipment_overdue: SKIPPED resident=7 request=23 (last sent 0.3h ago)
[2026-10-06 03:30:02] equipment_overdue: SKIPPED resident=7 request=24 (last sent 0.3h ago)
[2026-10-06 03:30:02] equipment_overdue: SKIPPED resident=7 request=25 (last sent 0.3h ago)
[2026-10-06 03:30:02] equipment_overdue: SKIPPED resident=7 request=26 (last sent 0.3h ago)
[2026-10-06 03:30:02] equipment_overdue: SKIPPED resident=7 request=28 (last sent 0.3h ago)
[2026-10-06 03:30:02] equipment_overdue: SKIPPED resident=7 request=29 (last sent 0.3h ago)
[2026-10-06 03:30:02] OK   return_reminder — sent=0 (14ms)
[2026-10-06 03:30:02] OK   same_day_reminder — sent=0 (1ms)
[2026-10-06 03:30:02] OK   unclaimed_document — sent=0 (3.5ms)
[2026-10-06 03:30:02] === RUN END — total_sent=0 failed=0 ===
[2026-10-06 03:35:02] === RUN START (2026-10-06 03:35:02) — 5 task(s) ===
[2026-10-06 03:35:02] OK   hearing_reminder — sent=0 (0.9ms)
[2026-10-06 03:35:02] OK   pickup_reminder — sent=0 (0.3ms)
[2026-10-06 03:35:02] equipment_overdue: SKIPPED resident=7 request=21 (last sent 0.3h ago)
[2026-10-06 03:35:02] equipment_overdue: SKIPPED resident=7 request=22 (last sent 0.3h ago)
[2026-10-06 03:35:02] equipment_overdue: SKIPPED resident=7 request=23 (last sent 0.3h ago)
[2026-10-06 03:35:02] equipment_overdue: SKIPPED resident=7 request=24 (last sent 0.3h ago)
[2026-10-06 03:35:02] equipment_overdue: SKIPPED resident=7 request=25 (last sent 0.3h ago)
[2026-10-06 03:35:02] equipment_overdue: SKIPPED resident=7 request=26 (last sent 0.3h ago)
[2026-10-06 03:35:02] equipment_overdue: SKIPPED resident=7 request=28 (last sent 0.3h ago)
[2026-10-06 03:35:02] equipment_overdue: SKIPPED resident=7 request=29 (last sent 0.3h ago)
[2026-10-06 03:35:02] OK   return_reminder — sent=0 (7.1ms)
[2026-10-06 03:35:02] OK   same_day_reminder — sent=0 (1.1ms)
[2026-10-06 03:35:02] OK   unclaimed_document — sent=0 (1.3ms)
[2026-10-06 03:35:02] === RUN END — total_sent=0 failed=0 ===
[2026-10-06 03:40:02] === RUN START (2026-10-06 03:40:02) — 5 task(s) ===
[2026-10-06 03:40:02] OK   hearing_reminder — sent=0 (0.9ms)
[2026-10-06 03:40:02] OK   pickup_reminder — sent=0 (1.4ms)
[2026-10-06 03:40:02] equipment_overdue: SKIPPED resident=7 request=21 (last sent 0.4h ago)
[2026-10-06 03:40:02] equipment_overdue: SKIPPED resident=7 request=22 (last sent 0.4h ago)
[2026-10-06 03:40:02] equipment_overdue: SKIPPED resident=7 request=23 (last sent 0.4h ago)
[2026-10-06 03:40:02] equipment_overdue: SKIPPED resident=7 request=24 (last sent 0.4h ago)
[2026-10-06 03:40:02] equipment_overdue: SKIPPED resident=7 request=25 (last sent 0.4h ago)
[2026-10-06 03:40:02] equipment_overdue: SKIPPED resident=7 request=26 (last sent 0.4h ago)
[2026-10-06 03:40:02] equipment_overdue: SKIPPED resident=7 request=28 (last sent 0.4h ago)
[2026-10-06 03:40:02] equipment_overdue: SKIPPED resident=7 request=29 (last sent 0.4h ago)
[2026-10-06 03:40:02] OK   return_reminder — sent=0 (5.5ms)
[2026-10-06 03:40:02] OK   same_day_reminder — sent=0 (1.1ms)
[2026-10-06 03:40:02] OK   unclaimed_document — sent=0 (0.8ms)
[2026-10-06 03:40:02] === RUN END — total_sent=0 failed=0 ===
[2026-10-06 17:41:28] === RUN START (2026-10-06 17:41:28) — 5 task(s) ===
[2026-10-06 17:41:28] cronSafePushResident: resident=7 has NO subscription
[2026-10-06 17:41:28] cronSafePush: called for user=4
[2026-10-06 17:41:33] cronSafePush: OK user=4 sent=1
[2026-10-06 17:41:33] hearing_reminder: processed hearing_id=22 for #CMP-20261005-3DACB1
[2026-10-06 17:41:33] cronSafePushResident: resident=7 has NO subscription
[2026-10-06 17:41:33] cronSafePush: called for user=4
[2026-10-06 17:41:33] cronSafePush: OK user=4 sent=1
[2026-10-06 17:41:33] hearing_reminder: processed hearing_id=23 for #CMP-20261005-4E63C3
[2026-10-06 17:41:33] OK   hearing_reminder — sent=2 (5251.6ms)
[2026-10-06 17:41:34] OK   pickup_reminder — sent=0 (6.9ms)
[2026-10-06 17:41:34] cronSafePushResident: resident=7 has NO subscription
[2026-10-06 17:41:34] equipment_overdue: sent to resident=7 for request=21 (overdue=145)
[2026-10-06 17:41:34] cronSafePushResident: resident=7 has NO subscription
[2026-10-06 17:41:34] equipment_overdue: sent to resident=7 for request=22 (overdue=144)
[2026-10-06 17:41:34] cronSafePushResident: resident=7 has NO subscription
[2026-10-06 17:41:34] equipment_overdue: sent to resident=7 for request=23 (overdue=145)
[2026-10-06 17:41:34] cronSafePushResident: resident=7 has NO subscription
[2026-10-06 17:41:34] equipment_overdue: sent to resident=7 for request=24 (overdue=144)
[2026-10-06 17:41:34] cronSafePushResident: resident=7 has NO subscription
[2026-10-06 17:41:34] equipment_overdue: sent to resident=7 for request=25 (overdue=138)
[2026-10-06 17:41:34] cronSafePushResident: resident=7 has NO subscription
[2026-10-06 17:41:34] equipment_overdue: sent to resident=7 for request=26 (overdue=145)
[2026-10-06 17:41:34] cronSafePushResident: resident=7 has NO subscription
[2026-10-06 17:41:34] equipment_overdue: sent to resident=7 for request=28 (overdue=137)
[2026-10-06 17:41:34] cronSafePushResident: resident=7 has NO subscription
[2026-10-06 17:41:34] equipment_overdue: sent to resident=7 for request=29 (overdue=137)
[2026-10-06 17:41:34] OK   return_reminder — sent=8 (165.3ms)
[2026-10-06 17:41:34] OK   same_day_reminder — sent=0 (0.8ms)
[2026-10-06 17:41:34] OK   unclaimed_document — sent=0 (1.4ms)
[2026-10-06 17:41:34] === RUN END — total_sent=10 failed=0 ===
[2026-10-06 21:10:02] === RUN START (2026-10-06 21:10:02) — 5 task(s) ===
[2026-10-06 21:10:02] OK   hearing_reminder — sent=0 (0.9ms)
[2026-10-06 21:10:02] OK   pickup_reminder — sent=0 (3.4ms)
[2026-10-06 21:10:02] cronSafePushResident: resident=7 has NO subscription
[2026-10-06 21:10:02] equipment_overdue: sent to resident=7 for request=21 (overdue=145)
[2026-10-06 21:10:02] cronSafePushResident: resident=7 has NO subscription
[2026-10-06 21:10:02] equipment_overdue: sent to resident=7 for request=22 (overdue=144)
[2026-10-06 21:10:02] cronSafePushResident: resident=7 has NO subscription
[2026-10-06 21:10:02] equipment_overdue: sent to resident=7 for request=23 (overdue=145)
[2026-10-06 21:10:02] cronSafePushResident: resident=7 has NO subscription
[2026-10-06 21:10:02] equipment_overdue: sent to resident=7 for request=24 (overdue=144)
[2026-10-06 21:10:02] cronSafePushResident: resident=7 has NO subscription
[2026-10-06 21:10:02] equipment_overdue: sent to resident=7 for request=25 (overdue=138)
[2026-10-06 21:10:02] cronSafePushResident: resident=7 has NO subscription
[2026-10-06 21:10:02] equipment_overdue: sent to resident=7 for request=26 (overdue=145)
[2026-10-06 21:10:02] cronSafePushResident: resident=7 has NO subscription
[2026-10-06 21:10:02] equipment_overdue: sent to resident=7 for request=28 (overdue=137)
[2026-10-06 21:10:02] cronSafePushResident: resident=7 has NO subscription
[2026-10-06 21:10:02] equipment_overdue: sent to resident=7 for request=29 (overdue=137)
[2026-10-06 21:10:02] OK   return_reminder — sent=8 (50.3ms)
[2026-10-06 21:10:02] OK   same_day_reminder — sent=0 (1.1ms)
[2026-10-06 21:10:02] OK   unclaimed_document — sent=0 (1.6ms)
[2026-10-06 21:10:02] === RUN END — total_sent=8 failed=0 ===
[2026-10-06 21:15:01] === RUN START (2026-10-06 21:15:01) — 5 task(s) ===
[2026-10-06 21:15:01] OK   hearing_reminder — sent=0 (4ms)
[2026-10-06 21:15:01] OK   pickup_reminder — sent=0 (5.6ms)
[2026-10-06 21:15:01] equipment_overdue: SKIPPED resident=7 request=21 (last sent 0.1h ago)
[2026-10-06 21:15:01] equipment_overdue: SKIPPED resident=7 request=22 (last sent 0.1h ago)
[2026-10-06 21:15:01] equipment_overdue: SKIPPED resident=7 request=23 (last sent 0.1h ago)
[2026-10-06 21:15:01] equipment_overdue: SKIPPED resident=7 request=24 (last sent 0.1h ago)
[2026-10-06 21:15:01] equipment_overdue: SKIPPED resident=7 request=25 (last sent 0.1h ago)
[2026-10-06 21:15:01] equipment_overdue: SKIPPED resident=7 request=26 (last sent 0.1h ago)
[2026-10-06 21:15:01] equipment_overdue: SKIPPED resident=7 request=28 (last sent 0.1h ago)
[2026-10-06 21:15:01] equipment_overdue: SKIPPED resident=7 request=29 (last sent 0.1h ago)
[2026-10-06 21:15:01] OK   return_reminder — sent=0 (3.7ms)
[2026-10-06 21:15:01] OK   same_day_reminder — sent=0 (1ms)
[2026-10-06 21:15:01] OK   unclaimed_document — sent=0 (4.2ms)
[2026-10-06 21:15:01] === RUN END — total_sent=0 failed=0 ===
[2026-10-06 21:20:01] === RUN START (2026-10-06 21:20:01) — 5 task(s) ===
[2026-10-06 21:20:01] OK   hearing_reminder — sent=0 (0.6ms)
[2026-10-06 21:20:01] OK   pickup_reminder — sent=0 (0.8ms)
[2026-10-06 21:20:01] equipment_overdue: SKIPPED resident=7 request=21 (last sent 0.2h ago)
[2026-10-06 21:20:01] equipment_overdue: SKIPPED resident=7 request=22 (last sent 0.2h ago)
[2026-10-06 21:20:01] equipment_overdue: SKIPPED resident=7 request=23 (last sent 0.2h ago)
[2026-10-06 21:20:01] equipment_overdue: SKIPPED resident=7 request=24 (last sent 0.2h ago)
[2026-10-06 21:20:01] equipment_overdue: SKIPPED resident=7 request=25 (last sent 0.2h ago)
[2026-10-06 21:20:01] equipment_overdue: SKIPPED resident=7 request=26 (last sent 0.2h ago)
[2026-10-06 21:20:01] equipment_overdue: SKIPPED resident=7 request=28 (last sent 0.2h ago)
[2026-10-06 21:20:01] equipment_overdue: SKIPPED resident=7 request=29 (last sent 0.2h ago)
[2026-10-06 21:20:01] OK   return_reminder — sent=0 (3.6ms)
[2026-10-06 21:20:01] OK   same_day_reminder — sent=0 (0.8ms)
[2026-10-06 21:20:01] OK   unclaimed_document — sent=0 (0.5ms)
[2026-10-06 21:20:01] === RUN END — total_sent=0 failed=0 ===
[2026-10-06 21:25:02] === RUN START (2026-10-06 21:25:02) — 5 task(s) ===
[2026-10-06 21:25:02] OK   hearing_reminder — sent=0 (0.7ms)
[2026-10-06 21:25:02] OK   pickup_reminder — sent=0 (1.5ms)
[2026-10-06 21:25:02] equipment_overdue: SKIPPED resident=7 request=21 (last sent 0.3h ago)
[2026-10-06 21:25:02] equipment_overdue: SKIPPED resident=7 request=22 (last sent 0.3h ago)
[2026-10-06 21:25:02] equipment_overdue: SKIPPED resident=7 request=23 (last sent 0.3h ago)
[2026-10-06 21:25:02] equipment_overdue: SKIPPED resident=7 request=24 (last sent 0.3h ago)
[2026-10-06 21:25:02] equipment_overdue: SKIPPED resident=7 request=25 (last sent 0.3h ago)
[2026-10-06 21:25:02] equipment_overdue: SKIPPED resident=7 request=26 (last sent 0.3h ago)
[2026-10-06 21:25:02] equipment_overdue: SKIPPED resident=7 request=28 (last sent 0.3h ago)
[2026-10-06 21:25:02] equipment_overdue: SKIPPED resident=7 request=29 (last sent 0.3h ago)
[2026-10-06 21:25:02] OK   return_reminder — sent=0 (6.4ms)
[2026-10-06 21:25:02] OK   same_day_reminder — sent=0 (1.3ms)
[2026-10-06 21:25:02] OK   unclaimed_document — sent=0 (1.2ms)
[2026-10-06 21:25:02] === RUN END — total_sent=0 failed=0 ===
[2026-10-06 21:30:01] === RUN START (2026-10-06 21:30:01) — 5 task(s) ===
[2026-10-06 21:30:01] OK   hearing_reminder — sent=0 (0.5ms)
[2026-10-06 21:30:01] OK   pickup_reminder — sent=0 (0.5ms)
[2026-10-06 21:30:01] equipment_overdue: SKIPPED resident=7 request=21 (last sent 0.3h ago)
[2026-10-06 21:30:01] equipment_overdue: SKIPPED resident=7 request=22 (last sent 0.3h ago)
[2026-10-06 21:30:01] equipment_overdue: SKIPPED resident=7 request=23 (last sent 0.3h ago)
[2026-10-06 21:30:01] equipment_overdue: SKIPPED resident=7 request=24 (last sent 0.3h ago)
[2026-10-06 21:30:01] equipment_overdue: SKIPPED resident=7 request=25 (last sent 0.3h ago)
[2026-10-06 21:30:01] equipment_overdue: SKIPPED resident=7 request=26 (last sent 0.3h ago)
[2026-10-06 21:30:01] equipment_overdue: SKIPPED resident=7 request=28 (last sent 0.3h ago)
[2026-10-06 21:30:01] equipment_overdue: SKIPPED resident=7 request=29 (last sent 0.3h ago)
[2026-10-06 21:30:01] OK   return_reminder — sent=0 (3.1ms)
[2026-10-06 21:30:01] OK   same_day_reminder — sent=0 (0.7ms)
[2026-10-06 21:30:02] OK   unclaimed_document — sent=0 (0.5ms)
[2026-10-06 21:30:02] === RUN END — total_sent=0 failed=0 ===
[2026-10-06 21:35:02] === RUN START (2026-10-06 21:35:02) — 5 task(s) ===
[2026-10-06 21:35:02] OK   hearing_reminder — sent=0 (0.5ms)
[2026-10-06 21:35:02] OK   pickup_reminder — sent=0 (0.4ms)
[2026-10-06 21:35:02] equipment_overdue: SKIPPED resident=7 request=21 (last sent 0.4h ago)
[2026-10-06 21:35:02] equipment_overdue: SKIPPED resident=7 request=22 (last sent 0.4h ago)
[2026-10-06 21:35:02] equipment_overdue: SKIPPED resident=7 request=23 (last sent 0.4h ago)
[2026-10-06 21:35:02] equipment_overdue: SKIPPED resident=7 request=24 (last sent 0.4h ago)
[2026-10-06 21:35:02] equipment_overdue: SKIPPED resident=7 request=25 (last sent 0.4h ago)
[2026-10-06 21:35:02] equipment_overdue: SKIPPED resident=7 request=26 (last sent 0.4h ago)
[2026-10-06 21:35:02] equipment_overdue: SKIPPED resident=7 request=28 (last sent 0.4h ago)
[2026-10-06 21:35:02] equipment_overdue: SKIPPED resident=7 request=29 (last sent 0.4h ago)
[2026-10-06 21:35:02] OK   return_reminder — sent=0 (6ms)
[2026-10-06 21:35:02] OK   same_day_reminder — sent=0 (0.9ms)
[2026-10-06 21:35:02] OK   unclaimed_document — sent=0 (1.2ms)
[2026-10-06 21:35:02] === RUN END — total_sent=0 failed=0 ===
[2026-10-06 21:40:02] === RUN START (2026-10-06 21:40:02) — 5 task(s) ===
[2026-10-06 21:40:02] OK   hearing_reminder — sent=0 (1.1ms)
[2026-10-06 21:40:02] OK   pickup_reminder — sent=0 (3.2ms)
[2026-10-06 21:40:02] equipment_overdue: SKIPPED resident=7 request=21 (last sent 0.5h ago)
[2026-10-06 21:40:02] equipment_overdue: SKIPPED resident=7 request=22 (last sent 0.5h ago)
[2026-10-06 21:40:02] equipment_overdue: SKIPPED resident=7 request=23 (last sent 0.5h ago)
[2026-10-06 21:40:02] equipment_overdue: SKIPPED resident=7 request=24 (last sent 0.5h ago)
[2026-10-06 21:40:02] equipment_overdue: SKIPPED resident=7 request=25 (last sent 0.5h ago)
[2026-10-06 21:40:02] equipment_overdue: SKIPPED resident=7 request=26 (last sent 0.5h ago)
[2026-10-06 21:40:02] equipment_overdue: SKIPPED resident=7 request=28 (last sent 0.5h ago)
[2026-10-06 21:40:02] equipment_overdue: SKIPPED resident=7 request=29 (last sent 0.5h ago)
[2026-10-06 21:40:02] OK   return_reminder — sent=0 (3.2ms)
[2026-10-06 21:40:02] OK   same_day_reminder — sent=0 (1ms)
[2026-10-06 21:40:02] OK   unclaimed_document — sent=0 (1.1ms)
[2026-10-06 21:40:02] === RUN END — total_sent=0 failed=0 ===
[2026-10-06 21:45:02] === RUN START (2026-10-06 21:45:02) — 5 task(s) ===
[2026-10-06 21:45:02] OK   hearing_reminder — sent=0 (2.1ms)
[2026-10-06 21:45:02] OK   pickup_reminder — sent=0 (1.1ms)
[2026-10-06 21:45:02] equipment_overdue: SKIPPED resident=7 request=21 (last sent 0.6h ago)
[2026-10-06 21:45:02] equipment_overdue: SKIPPED resident=7 request=22 (last sent 0.6h ago)
[2026-10-06 21:45:02] equipment_overdue: SKIPPED resident=7 request=23 (last sent 0.6h ago)
[2026-10-06 21:45:02] equipment_overdue: SKIPPED resident=7 request=24 (last sent 0.6h ago)
[2026-10-06 21:45:02] equipment_overdue: SKIPPED resident=7 request=25 (last sent 0.6h ago)
[2026-10-06 21:45:02] equipment_overdue: SKIPPED resident=7 request=26 (last sent 0.6h ago)
[2026-10-06 21:45:02] equipment_overdue: SKIPPED resident=7 request=28 (last sent 0.6h ago)
[2026-10-06 21:45:02] equipment_overdue: SKIPPED resident=7 request=29 (last sent 0.6h ago)
[2026-10-06 21:45:02] OK   return_reminder — sent=0 (4.1ms)
[2026-10-06 21:45:02] OK   same_day_reminder — sent=0 (2.3ms)
[2026-10-06 21:45:02] OK   unclaimed_document — sent=0 (0.7ms)
[2026-10-06 21:45:02] === RUN END — total_sent=0 failed=0 ===
[2026-10-06 21:50:01] === RUN START (2026-10-06 21:50:01) — 5 task(s) ===
[2026-10-06 21:50:01] OK   hearing_reminder — sent=0 (0.6ms)
[2026-10-06 21:50:02] OK   pickup_reminder — sent=0 (1.4ms)
[2026-10-06 21:50:02] equipment_overdue: SKIPPED resident=7 request=21 (last sent 0.7h ago)
[2026-10-06 21:50:02] equipment_overdue: SKIPPED resident=7 request=22 (last sent 0.7h ago)
[2026-10-06 21:50:02] equipment_overdue: SKIPPED resident=7 request=23 (last sent 0.7h ago)
[2026-10-06 21:50:02] equipment_overdue: SKIPPED resident=7 request=24 (last sent 0.7h ago)
[2026-10-06 21:50:02] equipment_overdue: SKIPPED resident=7 request=25 (last sent 0.7h ago)
[2026-10-06 21:50:02] equipment_overdue: SKIPPED resident=7 request=26 (last sent 0.7h ago)
[2026-10-06 21:50:02] equipment_overdue: SKIPPED resident=7 request=28 (last sent 0.7h ago)
[2026-10-06 21:50:02] equipment_overdue: SKIPPED resident=7 request=29 (last sent 0.7h ago)
[2026-10-06 21:50:02] OK   return_reminder — sent=0 (7.1ms)
[2026-10-06 21:50:02] OK   same_day_reminder — sent=0 (1.1ms)
[2026-10-06 21:50:02] OK   unclaimed_document — sent=0 (2ms)
[2026-10-06 21:50:02] === RUN END — total_sent=0 failed=0 ===
[2026-10-06 21:55:02] === RUN START (2026-10-06 21:55:02) — 5 task(s) ===
[2026-10-06 21:55:02] OK   hearing_reminder — sent=0 (0.9ms)
[2026-10-06 21:55:02] OK   pickup_reminder — sent=0 (0.7ms)
[2026-10-06 21:55:02] equipment_overdue: SKIPPED resident=7 request=21 (last sent 0.8h ago)
[2026-10-06 21:55:02] equipment_overdue: SKIPPED resident=7 request=22 (last sent 0.8h ago)
[2026-10-06 21:55:02] equipment_overdue: SKIPPED resident=7 request=23 (last sent 0.8h ago)
[2026-10-06 21:55:02] equipment_overdue: SKIPPED resident=7 request=24 (last sent 0.8h ago)
[2026-10-06 21:55:02] equipment_overdue: SKIPPED resident=7 request=25 (last sent 0.8h ago)
[2026-10-06 21:55:02] equipment_overdue: SKIPPED resident=7 request=26 (last sent 0.8h ago)
[2026-10-06 21:55:02] equipment_overdue: SKIPPED resident=7 request=28 (last sent 0.8h ago)
[2026-10-06 21:55:02] equipment_overdue: SKIPPED resident=7 request=29 (last sent 0.8h ago)
[2026-10-06 21:55:02] OK   return_reminder — sent=0 (2.7ms)
[2026-10-06 21:55:02] OK   same_day_reminder — sent=0 (1.2ms)
[2026-10-06 21:55:02] OK   unclaimed_document — sent=0 (0.6ms)
[2026-10-06 21:55:02] === RUN END — total_sent=0 failed=0 ===
[2026-10-06 22:00:02] === RUN START (2026-10-06 22:00:02) — 5 task(s) ===
[2026-10-06 22:00:02] OK   hearing_reminder — sent=0 (1.3ms)
[2026-10-06 22:00:02] OK   pickup_reminder — sent=0 (0.4ms)
[2026-10-06 22:00:02] equipment_overdue: SKIPPED resident=7 request=21 (last sent 0.8h ago)
[2026-10-06 22:00:02] equipment_overdue: SKIPPED resident=7 request=22 (last sent 0.8h ago)
[2026-10-06 22:00:02] equipment_overdue: SKIPPED resident=7 request=23 (last sent 0.8h ago)
[2026-10-06 22:00:02] equipment_overdue: SKIPPED resident=7 request=24 (last sent 0.8h ago)
[2026-10-06 22:00:02] equipment_overdue: SKIPPED resident=7 request=25 (last sent 0.8h ago)
[2026-10-06 22:00:02] equipment_overdue: SKIPPED resident=7 request=26 (last sent 0.8h ago)
[2026-10-06 22:00:02] equipment_overdue: SKIPPED resident=7 request=28 (last sent 0.8h ago)
[2026-10-06 22:00:02] equipment_overdue: SKIPPED resident=7 request=29 (last sent 0.8h ago)
[2026-10-06 22:00:02] OK   return_reminder — sent=0 (2.5ms)
[2026-10-06 22:00:02] OK   same_day_reminder — sent=0 (0.3ms)
[2026-10-06 22:00:02] OK   unclaimed_document — sent=0 (0.5ms)
[2026-10-06 22:00:02] === RUN END — total_sent=0 failed=0 ===
[2026-10-06 22:05:02] === RUN START (2026-10-06 22:05:02) — 5 task(s) ===
[2026-10-06 22:05:02] OK   hearing_reminder — sent=0 (0.4ms)
[2026-10-06 22:05:02] OK   pickup_reminder — sent=0 (1.2ms)
[2026-10-06 22:05:02] equipment_overdue: SKIPPED resident=7 request=21 (last sent 0.9h ago)
[2026-10-06 22:05:02] equipment_overdue: SKIPPED resident=7 request=22 (last sent 0.9h ago)
[2026-10-06 22:05:02] equipment_overdue: SKIPPED resident=7 request=23 (last sent 0.9h ago)
[2026-10-06 22:05:02] equipment_overdue: SKIPPED resident=7 request=24 (last sent 0.9h ago)
[2026-10-06 22:05:02] equipment_overdue: SKIPPED resident=7 request=25 (last sent 0.9h ago)
[2026-10-06 22:05:02] equipment_overdue: SKIPPED resident=7 request=26 (last sent 0.9h ago)
[2026-10-06 22:05:02] equipment_overdue: SKIPPED resident=7 request=28 (last sent 0.9h ago)
[2026-10-06 22:05:02] equipment_overdue: SKIPPED resident=7 request=29 (last sent 0.9h ago)
[2026-10-06 22:05:02] OK   return_reminder — sent=0 (5.2ms)
[2026-10-06 22:05:02] OK   same_day_reminder — sent=0 (1.2ms)
[2026-10-06 22:05:02] OK   unclaimed_document — sent=0 (0.6ms)
[2026-10-06 22:05:02] === RUN END — total_sent=0 failed=0 ===
[2026-10-06 22:10:02] === RUN START (2026-10-06 22:10:02) — 5 task(s) ===
[2026-10-06 22:10:02] OK   hearing_reminder — sent=0 (0.6ms)
[2026-10-06 22:10:02] OK   pickup_reminder — sent=0 (0.4ms)
[2026-10-06 22:10:02] equipment_overdue: SKIPPED resident=7 request=21 (last sent 1h ago)
[2026-10-06 22:10:02] equipment_overdue: SKIPPED resident=7 request=22 (last sent 1h ago)
[2026-10-06 22:10:02] equipment_overdue: SKIPPED resident=7 request=23 (last sent 1h ago)
[2026-10-06 22:10:02] equipment_overdue: SKIPPED resident=7 request=24 (last sent 1h ago)
[2026-10-06 22:10:02] equipment_overdue: SKIPPED resident=7 request=25 (last sent 1h ago)
[2026-10-06 22:10:02] equipment_overdue: SKIPPED resident=7 request=26 (last sent 1h ago)
[2026-10-06 22:10:02] equipment_overdue: SKIPPED resident=7 request=28 (last sent 1h ago)
[2026-10-06 22:10:02] equipment_overdue: SKIPPED resident=7 request=29 (last sent 1h ago)
[2026-10-06 22:10:02] OK   return_reminder — sent=0 (2.7ms)
[2026-10-06 22:10:02] OK   same_day_reminder — sent=0 (0.7ms)
[2026-10-06 22:10:02] OK   unclaimed_document — sent=0 (0.6ms)
[2026-10-06 22:10:02] === RUN END — total_sent=0 failed=0 ===
[2026-10-06 22:15:02] === RUN START (2026-10-06 22:15:02) — 5 task(s) ===
[2026-10-06 22:15:02] OK   hearing_reminder — sent=0 (1.3ms)
[2026-10-06 22:15:02] OK   pickup_reminder — sent=0 (0.9ms)
[2026-10-06 22:15:02] equipment_overdue: SKIPPED resident=7 request=21 (last sent 1.1h ago)
[2026-10-06 22:15:02] equipment_overdue: SKIPPED resident=7 request=22 (last sent 1.1h ago)
[2026-10-06 22:15:02] equipment_overdue: SKIPPED resident=7 request=23 (last sent 1.1h ago)
[2026-10-06 22:15:02] equipment_overdue: SKIPPED resident=7 request=24 (last sent 1.1h ago)
[2026-10-06 22:15:02] equipment_overdue: SKIPPED resident=7 request=25 (last sent 1.1h ago)
[2026-10-06 22:15:02] equipment_overdue: SKIPPED resident=7 request=26 (last sent 1.1h ago)
[2026-10-06 22:15:02] equipment_overdue: SKIPPED resident=7 request=28 (last sent 1.1h ago)
[2026-10-06 22:15:02] equipment_overdue: SKIPPED resident=7 request=29 (last sent 1.1h ago)
[2026-10-06 22:15:02] OK   return_reminder — sent=0 (4.4ms)
[2026-10-06 22:15:02] OK   same_day_reminder — sent=0 (1ms)
[2026-10-06 22:15:02] OK   unclaimed_document — sent=0 (1ms)
[2026-10-06 22:15:02] === RUN END — total_sent=0 failed=0 ===
[2026-10-06 22:20:02] === RUN START (2026-10-06 22:20:02) — 5 task(s) ===
[2026-10-06 22:20:02] OK   hearing_reminder — sent=0 (0.9ms)
[2026-10-06 22:20:02] OK   pickup_reminder — sent=0 (0.8ms)
[2026-10-06 22:20:02] equipment_overdue: SKIPPED resident=7 request=21 (last sent 1.2h ago)
[2026-10-06 22:20:02] equipment_overdue: SKIPPED resident=7 request=22 (last sent 1.2h ago)
[2026-10-06 22:20:02] equipment_overdue: SKIPPED resident=7 request=23 (last sent 1.2h ago)
[2026-10-06 22:20:02] equipment_overdue: SKIPPED resident=7 request=24 (last sent 1.2h ago)
[2026-10-06 22:20:02] equipment_overdue: SKIPPED resident=7 request=25 (last sent 1.2h ago)
[2026-10-06 22:20:02] equipment_overdue: SKIPPED resident=7 request=26 (last sent 1.2h ago)
[2026-10-06 22:20:02] equipment_overdue: SKIPPED resident=7 request=28 (last sent 1.2h ago)
[2026-10-06 22:20:02] equipment_overdue: SKIPPED resident=7 request=29 (last sent 1.2h ago)
[2026-10-06 22:20:02] OK   return_reminder — sent=0 (6.6ms)
[2026-10-06 22:20:02] OK   same_day_reminder — sent=0 (1.1ms)
[2026-10-06 22:20:02] OK   unclaimed_document — sent=0 (0.9ms)
[2026-10-06 22:20:02] === RUN END — total_sent=0 failed=0 ===
[2026-10-06 22:25:02] === RUN START (2026-10-06 22:25:02) — 5 task(s) ===
[2026-10-06 22:25:02] OK   hearing_reminder — sent=0 (0.5ms)
[2026-10-06 22:25:02] OK   pickup_reminder — sent=0 (1.2ms)
[2026-10-06 22:25:02] equipment_overdue: SKIPPED resident=7 request=21 (last sent 1.3h ago)
[2026-10-06 22:25:02] equipment_overdue: SKIPPED resident=7 request=22 (last sent 1.3h ago)
[2026-10-06 22:25:02] equipment_overdue: SKIPPED resident=7 request=23 (last sent 1.3h ago)
[2026-10-06 22:25:02] equipment_overdue: SKIPPED resident=7 request=24 (last sent 1.3h ago)
[2026-10-06 22:25:02] equipment_overdue: SKIPPED resident=7 request=25 (last sent 1.3h ago)
[2026-10-06 22:25:02] equipment_overdue: SKIPPED resident=7 request=26 (last sent 1.3h ago)
[2026-10-06 22:25:02] equipment_overdue: SKIPPED resident=7 request=28 (last sent 1.3h ago)
[2026-10-06 22:25:02] equipment_overdue: SKIPPED resident=7 request=29 (last sent 1.3h ago)
[2026-10-06 22:25:02] OK   return_reminder — sent=0 (5.8ms)
[2026-10-06 22:25:02] OK   same_day_reminder — sent=0 (0.7ms)
[2026-10-06 22:25:02] OK   unclaimed_document — sent=0 (0.7ms)
[2026-10-06 22:25:02] === RUN END — total_sent=0 failed=0 ===
[2026-10-06 22:30:01] === RUN START (2026-10-06 22:30:01) — 5 task(s) ===
[2026-10-06 22:30:01] OK   hearing_reminder — sent=0 (0.9ms)
[2026-10-06 22:30:01] OK   pickup_reminder — sent=0 (0.7ms)
[2026-10-06 22:30:01] equipment_overdue: SKIPPED resident=7 request=21 (last sent 1.3h ago)
[2026-10-06 22:30:01] equipment_overdue: SKIPPED resident=7 request=22 (last sent 1.3h ago)
[2026-10-06 22:30:01] equipment_overdue: SKIPPED resident=7 request=23 (last sent 1.3h ago)
[2026-10-06 22:30:01] equipment_overdue: SKIPPED resident=7 request=24 (last sent 1.3h ago)
[2026-10-06 22:30:01] equipment_overdue: SKIPPED resident=7 request=25 (last sent 1.3h ago)
[2026-10-06 22:30:01] equipment_overdue: SKIPPED resident=7 request=26 (last sent 1.3h ago)
[2026-10-06 22:30:01] equipment_overdue: SKIPPED resident=7 request=28 (last sent 1.3h ago)
[2026-10-06 22:30:01] equipment_overdue: SKIPPED resident=7 request=29 (last sent 1.3h ago)
[2026-10-06 22:30:01] OK   return_reminder — sent=0 (5.2ms)
[2026-10-06 22:30:01] OK   same_day_reminder — sent=0 (0.9ms)
[2026-10-06 22:30:01] OK   unclaimed_document — sent=0 (0.5ms)
[2026-10-06 22:30:01] === RUN END — total_sent=0 failed=0 ===
[2026-10-06 22:35:01] === RUN START (2026-10-06 22:35:01) — 5 task(s) ===
[2026-10-06 22:35:01] OK   hearing_reminder — sent=0 (0.5ms)
[2026-10-06 22:35:01] OK   pickup_reminder — sent=0 (0.7ms)
[2026-10-06 22:35:01] equipment_overdue: SKIPPED resident=7 request=21 (last sent 1.4h ago)
[2026-10-06 22:35:01] equipment_overdue: SKIPPED resident=7 request=22 (last sent 1.4h ago)
[2026-10-06 22:35:01] equipment_overdue: SKIPPED resident=7 request=23 (last sent 1.4h ago)
[2026-10-06 22:35:01] equipment_overdue: SKIPPED resident=7 request=24 (last sent 1.4h ago)
[2026-10-06 22:35:01] equipment_overdue: SKIPPED resident=7 request=25 (last sent 1.4h ago)
[2026-10-06 22:35:01] equipment_overdue: SKIPPED resident=7 request=26 (last sent 1.4h ago)
[2026-10-06 22:35:01] equipment_overdue: SKIPPED resident=7 request=28 (last sent 1.4h ago)
[2026-10-06 22:35:01] equipment_overdue: SKIPPED resident=7 request=29 (last sent 1.4h ago)
[2026-10-06 22:35:01] OK   return_reminder — sent=0 (8ms)
[2026-10-06 22:35:01] OK   same_day_reminder — sent=0 (0.7ms)
[2026-10-06 22:35:01] OK   unclaimed_document — sent=0 (0.8ms)
[2026-10-06 22:35:01] === RUN END — total_sent=0 failed=0 ===
[2026-10-06 22:40:01] === RUN START (2026-10-06 22:40:01) — 5 task(s) ===
[2026-10-06 22:40:01] OK   hearing_reminder — sent=0 (0.5ms)
[2026-10-06 22:40:01] OK   pickup_reminder — sent=0 (0.3ms)
[2026-10-06 22:40:01] equipment_overdue: SKIPPED resident=7 request=21 (last sent 1.5h ago)
[2026-10-06 22:40:01] equipment_overdue: SKIPPED resident=7 request=22 (last sent 1.5h ago)
[2026-10-06 22:40:01] equipment_overdue: SKIPPED resident=7 request=23 (last sent 1.5h ago)
[2026-10-06 22:40:01] equipment_overdue: SKIPPED resident=7 request=24 (last sent 1.5h ago)
[2026-10-06 22:40:01] equipment_overdue: SKIPPED resident=7 request=25 (last sent 1.5h ago)
[2026-10-06 22:40:01] equipment_overdue: SKIPPED resident=7 request=26 (last sent 1.5h ago)
[2026-10-06 22:40:01] equipment_overdue: SKIPPED resident=7 request=28 (last sent 1.5h ago)
[2026-10-06 22:40:01] equipment_overdue: SKIPPED resident=7 request=29 (last sent 1.5h ago)
[2026-10-06 22:40:01] OK   return_reminder — sent=0 (3.6ms)
[2026-10-06 22:40:01] OK   same_day_reminder — sent=0 (0.5ms)
[2026-10-06 22:40:01] OK   unclaimed_document — sent=0 (0.3ms)
[2026-10-06 22:40:01] === RUN END — total_sent=0 failed=0 ===
[2026-10-06 22:45:01] === RUN START (2026-10-06 22:45:01) — 5 task(s) ===
[2026-10-06 22:45:01] OK   hearing_reminder — sent=0 (0.7ms)
[2026-10-06 22:45:01] OK   pickup_reminder — sent=0 (0.6ms)
[2026-10-06 22:45:01] equipment_overdue: SKIPPED resident=7 request=21 (last sent 1.6h ago)
[2026-10-06 22:45:01] equipment_overdue: SKIPPED resident=7 request=22 (last sent 1.6h ago)
[2026-10-06 22:45:01] equipment_overdue: SKIPPED resident=7 request=23 (last sent 1.6h ago)
[2026-10-06 22:45:01] equipment_overdue: SKIPPED resident=7 request=24 (last sent 1.6h ago)
[2026-10-06 22:45:01] equipment_overdue: SKIPPED resident=7 request=25 (last sent 1.6h ago)
[2026-10-06 22:45:01] equipment_overdue: SKIPPED resident=7 request=26 (last sent 1.6h ago)
[2026-10-06 22:45:01] equipment_overdue: SKIPPED resident=7 request=28 (last sent 1.6h ago)
[2026-10-06 22:45:01] equipment_overdue: SKIPPED resident=7 request=29 (last sent 1.6h ago)
[2026-10-06 22:45:01] OK   return_reminder — sent=0 (9.5ms)
[2026-10-06 22:45:01] OK   same_day_reminder — sent=0 (1.6ms)
[2026-10-06 22:45:01] OK   unclaimed_document — sent=0 (0.8ms)
[2026-10-06 22:45:01] === RUN END — total_sent=0 failed=0 ===
[2026-10-06 22:50:01] === RUN START (2026-10-06 22:50:01) — 5 task(s) ===
[2026-10-06 22:50:01] OK   hearing_reminder — sent=0 (2ms)
[2026-10-06 22:50:01] OK   pickup_reminder — sent=0 (1.5ms)
[2026-10-06 22:50:01] equipment_overdue: SKIPPED resident=7 request=21 (last sent 1.7h ago)
[2026-10-06 22:50:01] equipment_overdue: SKIPPED resident=7 request=22 (last sent 1.7h ago)
[2026-10-06 22:50:01] equipment_overdue: SKIPPED resident=7 request=23 (last sent 1.7h ago)
[2026-10-06 22:50:01] equipment_overdue: SKIPPED resident=7 request=24 (last sent 1.7h ago)
[2026-10-06 22:50:01] equipment_overdue: SKIPPED resident=7 request=25 (last sent 1.7h ago)
[2026-10-06 22:50:01] equipment_overdue: SKIPPED resident=7 request=26 (last sent 1.7h ago)
[2026-10-06 22:50:01] equipment_overdue: SKIPPED resident=7 request=28 (last sent 1.7h ago)
[2026-10-06 22:50:01] equipment_overdue: SKIPPED resident=7 request=29 (last sent 1.7h ago)
[2026-10-06 22:50:01] OK   return_reminder — sent=0 (4.6ms)
[2026-10-06 22:50:01] OK   same_day_reminder — sent=0 (0.8ms)
[2026-10-06 22:50:01] OK   unclaimed_document — sent=0 (0.7ms)
[2026-10-06 22:50:01] === RUN END — total_sent=0 failed=0 ===
[2026-10-06 22:55:01] === RUN START (2026-10-06 22:55:01) — 5 task(s) ===
[2026-10-06 22:55:01] OK   hearing_reminder — sent=0 (0.8ms)
[2026-10-06 22:55:01] OK   pickup_reminder — sent=0 (0.7ms)
[2026-10-06 22:55:01] equipment_overdue: SKIPPED resident=7 request=21 (last sent 1.7h ago)
[2026-10-06 22:55:01] equipment_overdue: SKIPPED resident=7 request=22 (last sent 1.7h ago)
[2026-10-06 22:55:01] equipment_overdue: SKIPPED resident=7 request=23 (last sent 1.7h ago)
[2026-10-06 22:55:01] equipment_overdue: SKIPPED resident=7 request=24 (last sent 1.7h ago)
[2026-10-06 22:55:01] equipment_overdue: SKIPPED resident=7 request=25 (last sent 1.7h ago)
[2026-10-06 22:55:01] equipment_overdue: SKIPPED resident=7 request=26 (last sent 1.7h ago)
[2026-10-06 22:55:01] equipment_overdue: SKIPPED resident=7 request=28 (last sent 1.7h ago)
[2026-10-06 22:55:01] equipment_overdue: SKIPPED resident=7 request=29 (last sent 1.7h ago)
[2026-10-06 22:55:01] OK   return_reminder — sent=0 (7.6ms)
[2026-10-06 22:55:01] OK   same_day_reminder — sent=0 (1.3ms)
[2026-10-06 22:55:01] OK   unclaimed_document — sent=0 (0.6ms)
[2026-10-06 22:55:01] === RUN END — total_sent=0 failed=0 ===
[2026-10-06 23:00:02] === RUN START (2026-10-06 23:00:02) — 5 task(s) ===
[2026-10-06 23:00:02] OK   hearing_reminder — sent=0 (1.2ms)
[2026-10-06 23:00:02] OK   pickup_reminder — sent=0 (1ms)
[2026-10-06 23:00:02] equipment_overdue: SKIPPED resident=7 request=21 (last sent 1.8h ago)
[2026-10-06 23:00:02] equipment_overdue: SKIPPED resident=7 request=22 (last sent 1.8h ago)
[2026-10-06 23:00:02] equipment_overdue: SKIPPED resident=7 request=23 (last sent 1.8h ago)
[2026-10-06 23:00:02] equipment_overdue: SKIPPED resident=7 request=24 (last sent 1.8h ago)
[2026-10-06 23:00:02] equipment_overdue: SKIPPED resident=7 request=25 (last sent 1.8h ago)
[2026-10-06 23:00:02] equipment_overdue: SKIPPED resident=7 request=26 (last sent 1.8h ago)
[2026-10-06 23:00:02] equipment_overdue: SKIPPED resident=7 request=28 (last sent 1.8h ago)
[2026-10-06 23:00:02] equipment_overdue: SKIPPED resident=7 request=29 (last sent 1.8h ago)
[2026-10-06 23:00:02] OK   return_reminder — sent=0 (7.1ms)
[2026-10-06 23:00:02] OK   same_day_reminder — sent=0 (3ms)
[2026-10-06 23:00:02] OK   unclaimed_document — sent=0 (0.8ms)
[2026-10-06 23:00:02] === RUN END — total_sent=0 failed=0 ===
[2026-10-06 23:05:01] === RUN START (2026-10-06 23:05:01) — 5 task(s) ===
[2026-10-06 23:05:01] OK   hearing_reminder — sent=0 (0.5ms)
[2026-10-06 23:05:01] OK   pickup_reminder — sent=0 (0.7ms)
[2026-10-06 23:05:01] equipment_overdue: SKIPPED resident=7 request=21 (last sent 1.9h ago)
[2026-10-06 23:05:01] equipment_overdue: SKIPPED resident=7 request=22 (last sent 1.9h ago)
[2026-10-06 23:05:01] equipment_overdue: SKIPPED resident=7 request=23 (last sent 1.9h ago)
[2026-10-06 23:05:01] equipment_overdue: SKIPPED resident=7 request=24 (last sent 1.9h ago)
[2026-10-06 23:05:01] equipment_overdue: SKIPPED resident=7 request=25 (last sent 1.9h ago)
[2026-10-06 23:05:01] equipment_overdue: SKIPPED resident=7 request=26 (last sent 1.9h ago)
[2026-10-06 23:05:01] equipment_overdue: SKIPPED resident=7 request=28 (last sent 1.9h ago)
[2026-10-06 23:05:01] equipment_overdue: SKIPPED resident=7 request=29 (last sent 1.9h ago)
[2026-10-06 23:05:01] OK   return_reminder — sent=0 (6ms)
[2026-10-06 23:05:01] OK   same_day_reminder — sent=0 (0.6ms)
[2026-10-06 23:05:01] OK   unclaimed_document — sent=0 (0.4ms)
[2026-10-06 23:05:01] === RUN END — total_sent=0 failed=0 ===
[2026-10-06 23:10:01] === RUN START (2026-10-06 23:10:01) — 5 task(s) ===
[2026-10-06 23:10:01] OK   hearing_reminder — sent=0 (0.7ms)
[2026-10-06 23:10:01] OK   pickup_reminder — sent=0 (0.4ms)
[2026-10-06 23:10:01] equipment_overdue: SKIPPED resident=7 request=21 (last sent 2h ago)
[2026-10-06 23:10:01] equipment_overdue: SKIPPED resident=7 request=22 (last sent 2h ago)
[2026-10-06 23:10:01] equipment_overdue: SKIPPED resident=7 request=23 (last sent 2h ago)
[2026-10-06 23:10:01] equipment_overdue: SKIPPED resident=7 request=24 (last sent 2h ago)
[2026-10-06 23:10:01] equipment_overdue: SKIPPED resident=7 request=25 (last sent 2h ago)
[2026-10-06 23:10:01] equipment_overdue: SKIPPED resident=7 request=26 (last sent 2h ago)
[2026-10-06 23:10:01] equipment_overdue: SKIPPED resident=7 request=28 (last sent 2h ago)
[2026-10-06 23:10:01] equipment_overdue: SKIPPED resident=7 request=29 (last sent 2h ago)
[2026-10-06 23:10:01] OK   return_reminder — sent=0 (3.3ms)
[2026-10-06 23:10:01] OK   same_day_reminder — sent=0 (1ms)
[2026-10-06 23:10:01] OK   unclaimed_document — sent=0 (0.8ms)
[2026-10-06 23:10:01] === RUN END — total_sent=0 failed=0 ===
[2026-10-06 23:15:01] === RUN START (2026-10-06 23:15:01) — 5 task(s) ===
[2026-10-06 23:15:01] OK   hearing_reminder — sent=0 (0.6ms)
[2026-10-06 23:15:01] OK   pickup_reminder — sent=0 (1.4ms)
[2026-10-06 23:15:01] equipment_overdue: SKIPPED resident=7 request=21 (last sent 2.1h ago)
[2026-10-06 23:15:01] equipment_overdue: SKIPPED resident=7 request=22 (last sent 2.1h ago)
[2026-10-06 23:15:01] equipment_overdue: SKIPPED resident=7 request=23 (last sent 2.1h ago)
[2026-10-06 23:15:01] equipment_overdue: SKIPPED resident=7 request=24 (last sent 2.1h ago)
[2026-10-06 23:15:01] equipment_overdue: SKIPPED resident=7 request=25 (last sent 2.1h ago)
[2026-10-06 23:15:01] equipment_overdue: SKIPPED resident=7 request=26 (last sent 2.1h ago)
[2026-10-06 23:15:01] equipment_overdue: SKIPPED resident=7 request=28 (last sent 2.1h ago)
[2026-10-06 23:15:01] equipment_overdue: SKIPPED resident=7 request=29 (last sent 2.1h ago)
[2026-10-06 23:15:01] OK   return_reminder — sent=0 (9.2ms)
[2026-10-06 23:15:01] OK   same_day_reminder — sent=0 (0.7ms)
[2026-10-06 23:15:01] OK   unclaimed_document — sent=0 (0.7ms)
[2026-10-06 23:15:01] === RUN END — total_sent=0 failed=0 ===
[2026-10-06 23:20:01] === RUN START (2026-10-06 23:20:01) — 5 task(s) ===
[2026-10-06 23:20:01] OK   hearing_reminder — sent=0 (0.9ms)
[2026-10-06 23:20:01] OK   pickup_reminder — sent=0 (0.6ms)
[2026-10-06 23:20:01] equipment_overdue: SKIPPED resident=7 request=21 (last sent 2.2h ago)
[2026-10-06 23:20:01] equipment_overdue: SKIPPED resident=7 request=22 (last sent 2.2h ago)
[2026-10-06 23:20:01] equipment_overdue: SKIPPED resident=7 request=23 (last sent 2.2h ago)
[2026-10-06 23:20:01] equipment_overdue: SKIPPED resident=7 request=24 (last sent 2.2h ago)
[2026-10-06 23:20:01] equipment_overdue: SKIPPED resident=7 request=25 (last sent 2.2h ago)
[2026-10-06 23:20:01] equipment_overdue: SKIPPED resident=7 request=26 (last sent 2.2h ago)
[2026-10-06 23:20:01] equipment_overdue: SKIPPED resident=7 request=28 (last sent 2.2h ago)
[2026-10-06 23:20:01] equipment_overdue: SKIPPED resident=7 request=29 (last sent 2.2h ago)
[2026-10-06 23:20:01] OK   return_reminder — sent=0 (4ms)
[2026-10-06 23:20:01] OK   same_day_reminder — sent=0 (0.6ms)
[2026-10-06 23:20:01] OK   unclaimed_document — sent=0 (0.9ms)
[2026-10-06 23:20:01] === RUN END — total_sent=0 failed=0 ===
[2026-10-06 23:25:01] === RUN START (2026-10-06 23:25:01) — 5 task(s) ===
[2026-10-06 23:25:01] OK   hearing_reminder — sent=0 (0.4ms)
[2026-10-06 23:25:01] OK   pickup_reminder — sent=0 (1.4ms)
[2026-10-06 23:25:01] equipment_overdue: SKIPPED resident=7 request=21 (last sent 2.2h ago)
[2026-10-06 23:25:01] equipment_overdue: SKIPPED resident=7 request=22 (last sent 2.2h ago)
[2026-10-06 23:25:01] equipment_overdue: SKIPPED resident=7 request=23 (last sent 2.2h ago)
[2026-10-06 23:25:01] equipment_overdue: SKIPPED resident=7 request=24 (last sent 2.2h ago)
[2026-10-06 23:25:01] equipment_overdue: SKIPPED resident=7 request=25 (last sent 2.2h ago)
[2026-10-06 23:25:01] equipment_overdue: SKIPPED resident=7 request=26 (last sent 2.2h ago)
[2026-10-06 23:25:01] equipment_overdue: SKIPPED resident=7 request=28 (last sent 2.2h ago)
[2026-10-06 23:25:01] equipment_overdue: SKIPPED resident=7 request=29 (last sent 2.2h ago)
[2026-10-06 23:25:01] OK   return_reminder — sent=0 (7.2ms)
[2026-10-06 23:25:01] OK   same_day_reminder — sent=0 (2.3ms)
[2026-10-06 23:25:01] OK   unclaimed_document — sent=0 (2.2ms)
[2026-10-06 23:25:01] === RUN END — total_sent=0 failed=0 ===
[2026-10-06 23:30:01] === RUN START (2026-10-06 23:30:01) — 5 task(s) ===
[2026-10-06 23:30:01] OK   hearing_reminder — sent=0 (0.5ms)
[2026-10-06 23:30:01] OK   pickup_reminder — sent=0 (0.5ms)
[2026-10-06 23:30:01] equipment_overdue: SKIPPED resident=7 request=21 (last sent 2.3h ago)
[2026-10-06 23:30:01] equipment_overdue: SKIPPED resident=7 request=22 (last sent 2.3h ago)
[2026-10-06 23:30:01] equipment_overdue: SKIPPED resident=7 request=23 (last sent 2.3h ago)
[2026-10-06 23:30:01] equipment_overdue: SKIPPED resident=7 request=24 (last sent 2.3h ago)
[2026-10-06 23:30:01] equipment_overdue: SKIPPED resident=7 request=25 (last sent 2.3h ago)
[2026-10-06 23:30:01] equipment_overdue: SKIPPED resident=7 request=26 (last sent 2.3h ago)
[2026-10-06 23:30:01] equipment_overdue: SKIPPED resident=7 request=28 (last sent 2.3h ago)
[2026-10-06 23:30:01] equipment_overdue: SKIPPED resident=7 request=29 (last sent 2.3h ago)
[2026-10-06 23:30:01] OK   return_reminder — sent=0 (2.1ms)
[2026-10-06 23:30:01] OK   same_day_reminder — sent=0 (0.3ms)
[2026-10-06 23:30:01] OK   unclaimed_document — sent=0 (0.3ms)
[2026-10-06 23:30:01] === RUN END — total_sent=0 failed=0 ===
[2026-10-06 23:35:01] === RUN START (2026-10-06 23:35:01) — 5 task(s) ===
[2026-10-06 23:35:01] OK   hearing_reminder — sent=0 (0.8ms)
[2026-10-06 23:35:01] OK   pickup_reminder — sent=0 (0.4ms)
[2026-10-06 23:35:01] equipment_overdue: SKIPPED resident=7 request=21 (last sent 2.4h ago)
[2026-10-06 23:35:01] equipment_overdue: SKIPPED resident=7 request=22 (last sent 2.4h ago)
[2026-10-06 23:35:01] equipment_overdue: SKIPPED resident=7 request=23 (last sent 2.4h ago)
[2026-10-06 23:35:01] equipment_overdue: SKIPPED resident=7 request=24 (last sent 2.4h ago)
[2026-10-06 23:35:01] equipment_overdue: SKIPPED resident=7 request=25 (last sent 2.4h ago)
[2026-10-06 23:35:01] equipment_overdue: SKIPPED resident=7 request=26 (last sent 2.4h ago)
[2026-10-06 23:35:01] equipment_overdue: SKIPPED resident=7 request=28 (last sent 2.4h ago)
[2026-10-06 23:35:01] equipment_overdue: SKIPPED resident=7 request=29 (last sent 2.4h ago)
[2026-10-06 23:35:01] OK   return_reminder — sent=0 (5.4ms)
[2026-10-06 23:35:01] OK   same_day_reminder — sent=0 (0.9ms)
[2026-10-06 23:35:01] OK   unclaimed_document — sent=0 (0.6ms)
[2026-10-06 23:35:01] === RUN END — total_sent=0 failed=0 ===
[2026-10-06 23:40:01] === RUN START (2026-10-06 23:40:01) — 5 task(s) ===
[2026-10-06 23:40:01] OK   hearing_reminder — sent=0 (0.9ms)
[2026-10-06 23:40:01] OK   pickup_reminder — sent=0 (1.7ms)
[2026-10-06 23:40:01] equipment_overdue: SKIPPED resident=7 request=21 (last sent 2.5h ago)
[2026-10-06 23:40:01] equipment_overdue: SKIPPED resident=7 request=22 (last sent 2.5h ago)
[2026-10-06 23:40:01] equipment_overdue: SKIPPED resident=7 request=23 (last sent 2.5h ago)
[2026-10-06 23:40:01] equipment_overdue: SKIPPED resident=7 request=24 (last sent 2.5h ago)
[2026-10-06 23:40:01] equipment_overdue: SKIPPED resident=7 request=25 (last sent 2.5h ago)
[2026-10-06 23:40:01] equipment_overdue: SKIPPED resident=7 request=26 (last sent 2.5h ago)
[2026-10-06 23:40:01] equipment_overdue: SKIPPED resident=7 request=28 (last sent 2.5h ago)
[2026-10-06 23:40:01] equipment_overdue: SKIPPED resident=7 request=29 (last sent 2.5h ago)
[2026-10-06 23:40:01] OK   return_reminder — sent=0 (9.2ms)
[2026-10-06 23:40:01] OK   same_day_reminder — sent=0 (1.6ms)
[2026-10-06 23:40:01] OK   unclaimed_document — sent=0 (1.4ms)
[2026-10-06 23:40:01] === RUN END — total_sent=0 failed=0 ===
[2026-10-06 23:45:01] === RUN START (2026-10-06 23:45:01) — 5 task(s) ===
[2026-10-06 23:45:01] OK   hearing_reminder — sent=0 (0.6ms)
[2026-10-06 23:45:01] OK   pickup_reminder — sent=0 (1.3ms)
[2026-10-06 23:45:01] equipment_overdue: SKIPPED resident=7 request=21 (last sent 2.6h ago)
[2026-10-06 23:45:01] equipment_overdue: SKIPPED resident=7 request=22 (last sent 2.6h ago)
[2026-10-06 23:45:01] equipment_overdue: SKIPPED resident=7 request=23 (last sent 2.6h ago)
[2026-10-06 23:45:01] equipment_overdue: SKIPPED resident=7 request=24 (last sent 2.6h ago)
[2026-10-06 23:45:01] equipment_overdue: SKIPPED resident=7 request=25 (last sent 2.6h ago)
[2026-10-06 23:45:01] equipment_overdue: SKIPPED resident=7 request=26 (last sent 2.6h ago)
[2026-10-06 23:45:01] equipment_overdue: SKIPPED resident=7 request=28 (last sent 2.6h ago)
[2026-10-06 23:45:01] equipment_overdue: SKIPPED resident=7 request=29 (last sent 2.6h ago)
[2026-10-06 23:45:01] OK   return_reminder — sent=0 (5.2ms)
[2026-10-06 23:45:01] OK   same_day_reminder — sent=0 (1.2ms)
[2026-10-06 23:45:01] OK   unclaimed_document — sent=0 (0.4ms)
[2026-10-06 23:45:01] === RUN END — total_sent=0 failed=0 ===
[2026-10-06 23:50:01] === RUN START (2026-10-06 23:50:01) — 5 task(s) ===
[2026-10-06 23:50:01] OK   hearing_reminder — sent=0 (0.7ms)
[2026-10-06 23:50:01] OK   pickup_reminder — sent=0 (0.9ms)
[2026-10-06 23:50:01] equipment_overdue: SKIPPED resident=7 request=21 (last sent 2.7h ago)
[2026-10-06 23:50:01] equipment_overdue: SKIPPED resident=7 request=22 (last sent 2.7h ago)
[2026-10-06 23:50:01] equipment_overdue: SKIPPED resident=7 request=23 (last sent 2.7h ago)
[2026-10-06 23:50:01] equipment_overdue: SKIPPED resident=7 request=24 (last sent 2.7h ago)
[2026-10-06 23:50:01] equipment_overdue: SKIPPED resident=7 request=25 (last sent 2.7h ago)
[2026-10-06 23:50:01] equipment_overdue: SKIPPED resident=7 request=26 (last sent 2.7h ago)
[2026-10-06 23:50:01] equipment_overdue: SKIPPED resident=7 request=28 (last sent 2.7h ago)
[2026-10-06 23:50:01] equipment_overdue: SKIPPED resident=7 request=29 (last sent 2.7h ago)
[2026-10-06 23:50:01] OK   return_reminder — sent=0 (3.7ms)
[2026-10-06 23:50:01] OK   same_day_reminder — sent=0 (0.7ms)
[2026-10-06 23:50:01] OK   unclaimed_document — sent=0 (0.3ms)
[2026-10-06 23:50:01] === RUN END — total_sent=0 failed=0 ===
[2026-10-06 23:55:01] === RUN START (2026-10-06 23:55:01) — 5 task(s) ===
[2026-10-06 23:55:01] OK   hearing_reminder — sent=0 (0.7ms)
[2026-10-06 23:55:01] OK   pickup_reminder — sent=0 (1.4ms)
[2026-10-06 23:55:01] equipment_overdue: SKIPPED resident=7 request=21 (last sent 2.7h ago)
[2026-10-06 23:55:01] equipment_overdue: SKIPPED resident=7 request=22 (last sent 2.7h ago)
[2026-10-06 23:55:01] equipment_overdue: SKIPPED resident=7 request=23 (last sent 2.7h ago)
[2026-10-06 23:55:01] equipment_overdue: SKIPPED resident=7 request=24 (last sent 2.7h ago)
[2026-10-06 23:55:01] equipment_overdue: SKIPPED resident=7 request=25 (last sent 2.7h ago)
[2026-10-06 23:55:01] equipment_overdue: SKIPPED resident=7 request=26 (last sent 2.7h ago)
[2026-10-06 23:55:01] equipment_overdue: SKIPPED resident=7 request=28 (last sent 2.7h ago)
[2026-10-06 23:55:01] equipment_overdue: SKIPPED resident=7 request=29 (last sent 2.7h ago)
[2026-10-06 23:55:01] OK   return_reminder — sent=0 (5.9ms)
[2026-10-06 23:55:01] OK   same_day_reminder — sent=0 (1.3ms)
[2026-10-06 23:55:01] OK   unclaimed_document — sent=0 (0.4ms)
[2026-10-06 23:55:01] === RUN END — total_sent=0 failed=0 ===
[2026-10-07 00:00:01] === RUN START (2026-10-07 00:00:01) — 5 task(s) ===
[2026-10-07 00:00:01] cronSafePushResident: resident=7 has NO subscription
[2026-10-07 00:00:01] cronSafePush: called for user=4
[2026-10-07 00:00:02] cronSafePush: OK user=4 sent=1
[2026-10-07 00:00:02] hearing_reminder: processed hearing_id=25 for #CMP-20261006-8A345C
[2026-10-07 00:00:02] OK   hearing_reminder — sent=1 (794.6ms)
[2026-10-07 00:00:02] OK   pickup_reminder — sent=0 (1.6ms)
[2026-10-07 00:00:02] equipment_overdue: SKIPPED resident=7 request=21 (last sent 2.8h ago)
[2026-10-07 00:00:02] equipment_overdue: SKIPPED resident=7 request=22 (last sent 2.8h ago)
[2026-10-07 00:00:02] equipment_overdue: SKIPPED resident=7 request=23 (last sent 2.8h ago)
[2026-10-07 00:00:02] equipment_overdue: SKIPPED resident=7 request=24 (last sent 2.8h ago)
[2026-10-07 00:00:02] equipment_overdue: SKIPPED resident=7 request=25 (last sent 2.8h ago)
[2026-10-07 00:00:02] equipment_overdue: SKIPPED resident=7 request=26 (last sent 2.8h ago)
[2026-10-07 00:00:02] equipment_overdue: SKIPPED resident=7 request=28 (last sent 2.8h ago)
[2026-10-07 00:00:02] equipment_overdue: SKIPPED resident=7 request=29 (last sent 2.8h ago)
[2026-10-07 00:00:02] OK   return_reminder — sent=0 (10.5ms)
[2026-10-07 00:00:02] OK   same_day_reminder — sent=0 (2.1ms)
[2026-10-07 00:00:02] OK   unclaimed_document — sent=0 (1.9ms)
[2026-10-07 00:00:02] === RUN END — total_sent=1 failed=0 ===
[2026-10-07 00:05:01] === RUN START (2026-10-07 00:05:01) — 5 task(s) ===
[2026-10-07 00:05:01] OK   hearing_reminder — sent=0 (1.2ms)
[2026-10-07 00:05:01] OK   pickup_reminder — sent=0 (10.7ms)
[2026-10-07 00:05:01] equipment_overdue: SKIPPED resident=7 request=21 (last sent 2.9h ago)
[2026-10-07 00:05:01] equipment_overdue: SKIPPED resident=7 request=22 (last sent 2.9h ago)
[2026-10-07 00:05:01] equipment_overdue: SKIPPED resident=7 request=23 (last sent 2.9h ago)
[2026-10-07 00:05:01] equipment_overdue: SKIPPED resident=7 request=24 (last sent 2.9h ago)
[2026-10-07 00:05:01] equipment_overdue: SKIPPED resident=7 request=25 (last sent 2.9h ago)
[2026-10-07 00:05:01] equipment_overdue: SKIPPED resident=7 request=26 (last sent 2.9h ago)
[2026-10-07 00:05:01] equipment_overdue: SKIPPED resident=7 request=28 (last sent 2.9h ago)
[2026-10-07 00:05:01] equipment_overdue: SKIPPED resident=7 request=29 (last sent 2.9h ago)
[2026-10-07 00:05:01] OK   return_reminder — sent=0 (2.3ms)
[2026-10-07 00:05:01] OK   same_day_reminder — sent=0 (6.4ms)
[2026-10-07 00:05:01] OK   unclaimed_document — sent=0 (0.6ms)
[2026-10-07 00:05:01] === RUN END — total_sent=0 failed=0 ===
[2026-10-07 00:10:01] === RUN START (2026-10-07 00:10:01) — 5 task(s) ===
[2026-10-07 00:10:01] OK   hearing_reminder — sent=0 (0.5ms)
[2026-10-07 00:10:01] OK   pickup_reminder — sent=0 (9.4ms)
[2026-10-07 00:10:01] equipment_overdue: SKIPPED resident=7 request=21 (last sent 3h ago)
[2026-10-07 00:10:01] equipment_overdue: SKIPPED resident=7 request=22 (last sent 3h ago)
[2026-10-07 00:10:01] equipment_overdue: SKIPPED resident=7 request=23 (last sent 3h ago)
[2026-10-07 00:10:01] equipment_overdue: SKIPPED resident=7 request=24 (last sent 3h ago)
[2026-10-07 00:10:01] equipment_overdue: SKIPPED resident=7 request=25 (last sent 3h ago)
[2026-10-07 00:10:01] equipment_overdue: SKIPPED resident=7 request=26 (last sent 3h ago)
[2026-10-07 00:10:01] equipment_overdue: SKIPPED resident=7 request=28 (last sent 3h ago)
[2026-10-07 00:10:01] equipment_overdue: SKIPPED resident=7 request=29 (last sent 3h ago)
[2026-10-07 00:10:01] OK   return_reminder — sent=0 (4ms)
[2026-10-07 00:10:01] OK   same_day_reminder — sent=0 (0.4ms)
[2026-10-07 00:10:01] OK   unclaimed_document — sent=0 (0.3ms)
[2026-10-07 00:10:01] === RUN END — total_sent=0 failed=0 ===
[2026-10-07 00:15:01] === RUN START (2026-10-07 00:15:01) — 5 task(s) ===
[2026-10-07 00:15:01] OK   hearing_reminder — sent=0 (0.6ms)
[2026-10-07 00:15:01] OK   pickup_reminder — sent=0 (0.8ms)
[2026-10-07 00:15:01] cronSafePushResident: resident=7 has NO subscription
[2026-10-07 00:15:01] equipment_overdue: sent to resident=7 for request=21 (overdue=146)
[2026-10-07 00:15:01] cronSafePushResident: resident=7 has NO subscription
[2026-10-07 00:15:01] equipment_overdue: sent to resident=7 for request=22 (overdue=145)
[2026-10-07 00:15:01] cronSafePushResident: resident=7 has NO subscription
[2026-10-07 00:15:01] equipment_overdue: sent to resident=7 for request=23 (overdue=146)
[2026-10-07 00:15:01] cronSafePushResident: resident=7 has NO subscription
[2026-10-07 00:15:01] equipment_overdue: sent to resident=7 for request=24 (overdue=145)
[2026-10-07 00:15:01] cronSafePushResident: resident=7 has NO subscription
[2026-10-07 00:15:01] equipment_overdue: sent to resident=7 for request=25 (overdue=139)
[2026-10-07 00:15:01] cronSafePushResident: resident=7 has NO subscription
[2026-10-07 00:15:01] equipment_overdue: sent to resident=7 for request=26 (overdue=146)
[2026-10-07 00:15:01] cronSafePushResident: resident=7 has NO subscription
[2026-10-07 00:15:01] equipment_overdue: sent to resident=7 for request=28 (overdue=138)
[2026-10-07 00:15:01] cronSafePushResident: resident=7 has NO subscription
[2026-10-07 00:15:01] equipment_overdue: sent to resident=7 for request=29 (overdue=138)
[2026-10-07 00:15:01] OK   return_reminder — sent=8 (41.7ms)
[2026-10-07 00:15:01] OK   same_day_reminder — sent=0 (0.5ms)
[2026-10-07 00:15:01] OK   unclaimed_document — sent=0 (0.6ms)
[2026-10-07 00:15:01] === RUN END — total_sent=8 failed=0 ===
[2026-10-07 00:20:01] === RUN START (2026-10-07 00:20:01) — 5 task(s) ===
[2026-10-07 00:20:01] OK   hearing_reminder — sent=0 (1.3ms)
[2026-10-07 00:20:01] OK   pickup_reminder — sent=0 (0.8ms)
[2026-10-07 00:20:01] equipment_overdue: SKIPPED resident=7 request=21 (last sent 0.1h ago)
[2026-10-07 00:20:01] equipment_overdue: SKIPPED resident=7 request=22 (last sent 0.1h ago)
[2026-10-07 00:20:01] equipment_overdue: SKIPPED resident=7 request=23 (last sent 0.1h ago)
[2026-10-07 00:20:01] equipment_overdue: SKIPPED resident=7 request=24 (last sent 0.1h ago)
[2026-10-07 00:20:01] equipment_overdue: SKIPPED resident=7 request=25 (last sent 0.1h ago)
[2026-10-07 00:20:01] equipment_overdue: SKIPPED resident=7 request=26 (last sent 0.1h ago)
[2026-10-07 00:20:01] equipment_overdue: SKIPPED resident=7 request=28 (last sent 0.1h ago)
[2026-10-07 00:20:01] equipment_overdue: SKIPPED resident=7 request=29 (last sent 0.1h ago)
[2026-10-07 00:20:01] OK   return_reminder — sent=0 (5.5ms)
[2026-10-07 00:20:01] OK   same_day_reminder — sent=0 (1.3ms)
[2026-10-07 00:20:01] OK   unclaimed_document — sent=0 (0.9ms)
[2026-10-07 00:20:01] === RUN END — total_sent=0 failed=0 ===
[2026-10-07 00:25:01] === RUN START (2026-10-07 00:25:01) — 5 task(s) ===
[2026-10-07 00:25:01] OK   hearing_reminder — sent=0 (0.5ms)
[2026-10-07 00:25:01] OK   pickup_reminder — sent=0 (0.8ms)
[2026-10-07 00:25:01] equipment_overdue: SKIPPED resident=7 request=21 (last sent 0.2h ago)
[2026-10-07 00:25:01] equipment_overdue: SKIPPED resident=7 request=22 (last sent 0.2h ago)
[2026-10-07 00:25:01] equipment_overdue: SKIPPED resident=7 request=23 (last sent 0.2h ago)
[2026-10-07 00:25:01] equipment_overdue: SKIPPED resident=7 request=24 (last sent 0.2h ago)
[2026-10-07 00:25:01] equipment_overdue: SKIPPED resident=7 request=25 (last sent 0.2h ago)
[2026-10-07 00:25:01] equipment_overdue: SKIPPED resident=7 request=26 (last sent 0.2h ago)
[2026-10-07 00:25:01] equipment_overdue: SKIPPED resident=7 request=28 (last sent 0.2h ago)
[2026-10-07 00:25:01] equipment_overdue: SKIPPED resident=7 request=29 (last sent 0.2h ago)
[2026-10-07 00:25:01] OK   return_reminder — sent=0 (3.1ms)
[2026-10-07 00:25:01] OK   same_day_reminder — sent=0 (0.7ms)
[2026-10-07 00:25:01] OK   unclaimed_document — sent=0 (0.2ms)
[2026-10-07 00:25:01] === RUN END — total_sent=0 failed=0 ===
[2026-10-07 00:30:01] === RUN START (2026-10-07 00:30:01) — 5 task(s) ===
[2026-10-07 00:30:01] OK   hearing_reminder — sent=0 (1.9ms)
[2026-10-07 00:30:01] OK   pickup_reminder — sent=0 (1.2ms)
[2026-10-07 00:30:01] equipment_overdue: SKIPPED resident=7 request=21 (last sent 0.3h ago)
[2026-10-07 00:30:01] equipment_overdue: SKIPPED resident=7 request=22 (last sent 0.3h ago)
[2026-10-07 00:30:01] equipment_overdue: SKIPPED resident=7 request=23 (last sent 0.3h ago)
[2026-10-07 00:30:01] equipment_overdue: SKIPPED resident=7 request=24 (last sent 0.3h ago)
[2026-10-07 00:30:01] equipment_overdue: SKIPPED resident=7 request=25 (last sent 0.3h ago)
[2026-10-07 00:30:01] equipment_overdue: SKIPPED resident=7 request=26 (last sent 0.3h ago)
[2026-10-07 00:30:01] equipment_overdue: SKIPPED resident=7 request=28 (last sent 0.3h ago)
[2026-10-07 00:30:01] equipment_overdue: SKIPPED resident=7 request=29 (last sent 0.3h ago)
[2026-10-07 00:30:01] OK   return_reminder — sent=0 (5.6ms)
[2026-10-07 00:30:01] OK   same_day_reminder — sent=0 (1.5ms)
[2026-10-07 00:30:01] OK   unclaimed_document — sent=0 (1.2ms)
[2026-10-07 00:30:01] === RUN END — total_sent=0 failed=0 ===
[2026-10-07 00:35:01] === RUN START (2026-10-07 00:35:01) — 5 task(s) ===
[2026-10-07 00:35:01] OK   hearing_reminder — sent=0 (0.9ms)
[2026-10-07 00:35:01] OK   pickup_reminder — sent=0 (1.5ms)
[2026-10-07 00:35:01] equipment_overdue: SKIPPED resident=7 request=21 (last sent 0.3h ago)
[2026-10-07 00:35:01] equipment_overdue: SKIPPED resident=7 request=22 (last sent 0.3h ago)
[2026-10-07 00:35:01] equipment_overdue: SKIPPED resident=7 request=23 (last sent 0.3h ago)
[2026-10-07 00:35:01] equipment_overdue: SKIPPED resident=7 request=24 (last sent 0.3h ago)
[2026-10-07 00:35:01] equipment_overdue: SKIPPED resident=7 request=25 (last sent 0.3h ago)
[2026-10-07 00:35:01] equipment_overdue: SKIPPED resident=7 request=26 (last sent 0.3h ago)
[2026-10-07 00:35:01] equipment_overdue: SKIPPED resident=7 request=28 (last sent 0.3h ago)
[2026-10-07 00:35:01] equipment_overdue: SKIPPED resident=7 request=29 (last sent 0.3h ago)
[2026-10-07 00:35:01] OK   return_reminder — sent=0 (3.4ms)
[2026-10-07 00:35:01] OK   same_day_reminder — sent=0 (1.2ms)
[2026-10-07 00:35:01] OK   unclaimed_document — sent=0 (0.5ms)
[2026-10-07 00:35:01] === RUN END — total_sent=0 failed=0 ===
[2026-10-07 00:40:01] === RUN START (2026-10-07 00:40:01) — 5 task(s) ===
[2026-10-07 00:40:01] OK   hearing_reminder — sent=0 (0.5ms)
[2026-10-07 00:40:01] OK   pickup_reminder — sent=0 (1ms)
[2026-10-07 00:40:01] equipment_overdue: SKIPPED resident=7 request=21 (last sent 0.4h ago)
[2026-10-07 00:40:01] equipment_overdue: SKIPPED resident=7 request=22 (last sent 0.4h ago)
[2026-10-07 00:40:01] equipment_overdue: SKIPPED resident=7 request=23 (last sent 0.4h ago)
[2026-10-07 00:40:01] equipment_overdue: SKIPPED resident=7 request=24 (last sent 0.4h ago)
[2026-10-07 00:40:01] equipment_overdue: SKIPPED resident=7 request=25 (last sent 0.4h ago)
[2026-10-07 00:40:01] equipment_overdue: SKIPPED resident=7 request=26 (last sent 0.4h ago)
[2026-10-07 00:40:01] equipment_overdue: SKIPPED resident=7 request=28 (last sent 0.4h ago)
[2026-10-07 00:40:01] equipment_overdue: SKIPPED resident=7 request=29 (last sent 0.4h ago)
[2026-10-07 00:40:01] OK   return_reminder — sent=0 (2.7ms)
[2026-10-07 00:40:01] OK   same_day_reminder — sent=0 (0.9ms)
[2026-10-07 00:40:01] OK   unclaimed_document — sent=0 (0.5ms)
[2026-10-07 00:40:01] === RUN END — total_sent=0 failed=0 ===
[2026-10-07 00:45:01] === RUN START (2026-10-07 00:45:01) — 5 task(s) ===
[2026-10-07 00:45:01] OK   hearing_reminder — sent=0 (0.4ms)
[2026-10-07 00:45:01] OK   pickup_reminder — sent=0 (0.6ms)
[2026-10-07 00:45:01] equipment_overdue: SKIPPED resident=7 request=21 (last sent 0.5h ago)
[2026-10-07 00:45:01] equipment_overdue: SKIPPED resident=7 request=22 (last sent 0.5h ago)
[2026-10-07 00:45:01] equipment_overdue: SKIPPED resident=7 request=23 (last sent 0.5h ago)
[2026-10-07 00:45:01] equipment_overdue: SKIPPED resident=7 request=24 (last sent 0.5h ago)
[2026-10-07 00:45:01] equipment_overdue: SKIPPED resident=7 request=25 (last sent 0.5h ago)
[2026-10-07 00:45:01] equipment_overdue: SKIPPED resident=7 request=26 (last sent 0.5h ago)
[2026-10-07 00:45:01] equipment_overdue: SKIPPED resident=7 request=28 (last sent 0.5h ago)
[2026-10-07 00:45:01] equipment_overdue: SKIPPED resident=7 request=29 (last sent 0.5h ago)
[2026-10-07 00:45:01] OK   return_reminder — sent=0 (2.7ms)
[2026-10-07 00:45:01] OK   same_day_reminder — sent=0 (0.9ms)
[2026-10-07 00:45:01] OK   unclaimed_document — sent=0 (0.7ms)
[2026-10-07 00:45:01] === RUN END — total_sent=0 failed=0 ===
[2026-10-07 00:50:01] === RUN START (2026-10-07 00:50:01) — 5 task(s) ===
[2026-10-07 00:50:01] OK   hearing_reminder — sent=0 (0.5ms)
[2026-10-07 00:50:01] OK   pickup_reminder — sent=0 (0.8ms)
[2026-10-07 00:50:01] equipment_overdue: SKIPPED resident=7 request=21 (last sent 0.6h ago)
[2026-10-07 00:50:01] equipment_overdue: SKIPPED resident=7 request=22 (last sent 0.6h ago)
[2026-10-07 00:50:01] equipment_overdue: SKIPPED resident=7 request=23 (last sent 0.6h ago)
[2026-10-07 00:50:01] equipment_overdue: SKIPPED resident=7 request=24 (last sent 0.6h ago)
[2026-10-07 00:50:01] equipment_overdue: SKIPPED resident=7 request=25 (last sent 0.6h ago)
[2026-10-07 00:50:01] equipment_overdue: SKIPPED resident=7 request=26 (last sent 0.6h ago)
[2026-10-07 00:50:01] equipment_overdue: SKIPPED resident=7 request=28 (last sent 0.6h ago)
[2026-10-07 00:50:01] equipment_overdue: SKIPPED resident=7 request=29 (last sent 0.6h ago)
[2026-10-07 00:50:01] OK   return_reminder — sent=0 (3.4ms)
[2026-10-07 00:50:01] OK   same_day_reminder — sent=0 (0.4ms)
[2026-10-07 00:50:01] OK   unclaimed_document — sent=0 (0.3ms)
[2026-10-07 00:50:01] === RUN END — total_sent=0 failed=0 ===
[2026-10-07 00:55:01] === RUN START (2026-10-07 00:55:01) — 5 task(s) ===
[2026-10-07 00:55:01] OK   hearing_reminder — sent=0 (0.5ms)
[2026-10-07 00:55:01] OK   pickup_reminder — sent=0 (0.5ms)
[2026-10-07 00:55:01] equipment_overdue: SKIPPED resident=7 request=21 (last sent 0.7h ago)
[2026-10-07 00:55:01] equipment_overdue: SKIPPED resident=7 request=22 (last sent 0.7h ago)
[2026-10-07 00:55:01] equipment_overdue: SKIPPED resident=7 request=23 (last sent 0.7h ago)
[2026-10-07 00:55:01] equipment_overdue: SKIPPED resident=7 request=24 (last sent 0.7h ago)
[2026-10-07 00:55:01] equipment_overdue: SKIPPED resident=7 request=25 (last sent 0.7h ago)
[2026-10-07 00:55:01] equipment_overdue: SKIPPED resident=7 request=26 (last sent 0.7h ago)
[2026-10-07 00:55:01] equipment_overdue: SKIPPED resident=7 request=28 (last sent 0.7h ago)
[2026-10-07 00:55:01] equipment_overdue: SKIPPED resident=7 request=29 (last sent 0.7h ago)
[2026-10-07 00:55:01] OK   return_reminder — sent=0 (2.8ms)
[2026-10-07 00:55:01] OK   same_day_reminder — sent=0 (0.8ms)
[2026-10-07 00:55:01] OK   unclaimed_document — sent=0 (0.7ms)
[2026-10-07 00:55:01] === RUN END — total_sent=0 failed=0 ===
[2026-10-07 01:00:02] === RUN START (2026-10-07 01:00:02) — 5 task(s) ===
[2026-10-07 01:00:02] OK   hearing_reminder — sent=0 (0.8ms)
[2026-10-07 01:00:02] OK   pickup_reminder — sent=0 (0.9ms)
[2026-10-07 01:00:02] equipment_overdue: SKIPPED resident=7 request=21 (last sent 0.8h ago)
[2026-10-07 01:00:02] equipment_overdue: SKIPPED resident=7 request=22 (last sent 0.8h ago)
[2026-10-07 01:00:02] equipment_overdue: SKIPPED resident=7 request=23 (last sent 0.8h ago)
[2026-10-07 01:00:02] equipment_overdue: SKIPPED resident=7 request=24 (last sent 0.8h ago)
[2026-10-07 01:00:02] equipment_overdue: SKIPPED resident=7 request=25 (last sent 0.8h ago)
[2026-10-07 01:00:02] equipment_overdue: SKIPPED resident=7 request=26 (last sent 0.8h ago)
[2026-10-07 01:00:02] equipment_overdue: SKIPPED resident=7 request=28 (last sent 0.8h ago)
[2026-10-07 01:00:02] equipment_overdue: SKIPPED resident=7 request=29 (last sent 0.8h ago)
[2026-10-07 01:00:02] OK   return_reminder — sent=0 (3.7ms)
[2026-10-07 01:00:02] OK   same_day_reminder — sent=0 (0.8ms)
[2026-10-07 01:00:02] OK   unclaimed_document — sent=0 (1.2ms)
[2026-10-07 01:00:02] === RUN END — total_sent=0 failed=0 ===
[2026-10-07 01:05:02] === RUN START (2026-10-07 01:05:02) — 5 task(s) ===
[2026-10-07 01:05:02] OK   hearing_reminder — sent=0 (0.9ms)
[2026-10-07 01:05:02] OK   pickup_reminder — sent=0 (1.4ms)
[2026-10-07 01:05:02] equipment_overdue: SKIPPED resident=7 request=21 (last sent 0.8h ago)
[2026-10-07 01:05:02] equipment_overdue: SKIPPED resident=7 request=22 (last sent 0.8h ago)
[2026-10-07 01:05:02] equipment_overdue: SKIPPED resident=7 request=23 (last sent 0.8h ago)
[2026-10-07 01:05:02] equipment_overdue: SKIPPED resident=7 request=24 (last sent 0.8h ago)
[2026-10-07 01:05:02] equipment_overdue: SKIPPED resident=7 request=25 (last sent 0.8h ago)
[2026-10-07 01:05:02] equipment_overdue: SKIPPED resident=7 request=26 (last sent 0.8h ago)
[2026-10-07 01:05:02] equipment_overdue: SKIPPED resident=7 request=28 (last sent 0.8h ago)
[2026-10-07 01:05:02] equipment_overdue: SKIPPED resident=7 request=29 (last sent 0.8h ago)
[2026-10-07 01:05:02] OK   return_reminder — sent=0 (30.1ms)
[2026-10-07 01:05:02] OK   same_day_reminder — sent=0 (1.2ms)
[2026-10-07 01:05:02] OK   unclaimed_document — sent=0 (0.9ms)
[2026-10-07 01:05:02] === RUN END — total_sent=0 failed=0 ===
[2026-10-07 01:10:02] === RUN START (2026-10-07 01:10:02) — 5 task(s) ===
[2026-10-07 01:10:02] OK   hearing_reminder — sent=0 (0.5ms)
[2026-10-07 01:10:02] OK   pickup_reminder — sent=0 (1.3ms)
[2026-10-07 01:10:02] equipment_overdue: SKIPPED resident=7 request=21 (last sent 0.9h ago)
[2026-10-07 01:10:02] equipment_overdue: SKIPPED resident=7 request=22 (last sent 0.9h ago)
[2026-10-07 01:10:02] equipment_overdue: SKIPPED resident=7 request=23 (last sent 0.9h ago)
[2026-10-07 01:10:02] equipment_overdue: SKIPPED resident=7 request=24 (last sent 0.9h ago)
[2026-10-07 01:10:02] equipment_overdue: SKIPPED resident=7 request=25 (last sent 0.9h ago)
[2026-10-07 01:10:02] equipment_overdue: SKIPPED resident=7 request=26 (last sent 0.9h ago)
[2026-10-07 01:10:02] equipment_overdue: SKIPPED resident=7 request=28 (last sent 0.9h ago)
[2026-10-07 01:10:02] equipment_overdue: SKIPPED resident=7 request=29 (last sent 0.9h ago)
[2026-10-07 01:10:02] OK   return_reminder — sent=0 (5.6ms)
[2026-10-07 01:10:02] OK   same_day_reminder — sent=0 (0.8ms)
[2026-10-07 01:10:02] OK   unclaimed_document — sent=0 (0.4ms)
[2026-10-07 01:10:02] === RUN END — total_sent=0 failed=0 ===
[2026-10-07 01:15:01] === RUN START (2026-10-07 01:15:01) — 5 task(s) ===
[2026-10-07 01:15:02] OK   hearing_reminder — sent=0 (0.5ms)
[2026-10-07 01:15:02] OK   pickup_reminder — sent=0 (2ms)
[2026-10-07 01:15:02] equipment_overdue: SKIPPED resident=7 request=21 (last sent 1h ago)
[2026-10-07 01:15:02] equipment_overdue: SKIPPED resident=7 request=22 (last sent 1h ago)
[2026-10-07 01:15:02] equipment_overdue: SKIPPED resident=7 request=23 (last sent 1h ago)
[2026-10-07 01:15:02] equipment_overdue: SKIPPED resident=7 request=24 (last sent 1h ago)
[2026-10-07 01:15:02] equipment_overdue: SKIPPED resident=7 request=25 (last sent 1h ago)
[2026-10-07 01:15:02] equipment_overdue: SKIPPED resident=7 request=26 (last sent 1h ago)
[2026-10-07 01:15:02] equipment_overdue: SKIPPED resident=7 request=28 (last sent 1h ago)
[2026-10-07 01:15:02] equipment_overdue: SKIPPED resident=7 request=29 (last sent 1h ago)
[2026-10-07 01:15:02] OK   return_reminder — sent=0 (6ms)
[2026-10-07 01:15:02] OK   same_day_reminder — sent=0 (3.4ms)
[2026-10-07 01:15:02] OK   unclaimed_document — sent=0 (1.6ms)
[2026-10-07 01:15:02] === RUN END — total_sent=0 failed=0 ===
[2026-10-07 01:20:02] === RUN START (2026-10-07 01:20:02) — 5 task(s) ===
[2026-10-07 01:20:02] OK   hearing_reminder — sent=0 (1ms)
[2026-10-07 01:20:02] OK   pickup_reminder — sent=0 (1.5ms)
[2026-10-07 01:20:02] equipment_overdue: SKIPPED resident=7 request=21 (last sent 1.1h ago)
[2026-10-07 01:20:02] equipment_overdue: SKIPPED resident=7 request=22 (last sent 1.1h ago)
[2026-10-07 01:20:02] equipment_overdue: SKIPPED resident=7 request=23 (last sent 1.1h ago)
[2026-10-07 01:20:02] equipment_overdue: SKIPPED resident=7 request=24 (last sent 1.1h ago)
[2026-10-07 01:20:02] equipment_overdue: SKIPPED resident=7 request=25 (last sent 1.1h ago)
[2026-10-07 01:20:02] equipment_overdue: SKIPPED resident=7 request=26 (last sent 1.1h ago)
[2026-10-07 01:20:02] equipment_overdue: SKIPPED resident=7 request=28 (last sent 1.1h ago)
[2026-10-07 01:20:02] equipment_overdue: SKIPPED resident=7 request=29 (last sent 1.1h ago)
[2026-10-07 01:20:02] OK   return_reminder — sent=0 (4ms)
[2026-10-07 01:20:02] OK   same_day_reminder — sent=0 (1.7ms)
[2026-10-07 01:20:02] OK   unclaimed_document — sent=0 (0.6ms)
[2026-10-07 01:20:02] === RUN END — total_sent=0 failed=0 ===
[2026-10-07 01:25:02] === RUN START (2026-10-07 01:25:02) — 5 task(s) ===
[2026-10-07 01:25:02] OK   hearing_reminder — sent=0 (1.5ms)
[2026-10-07 01:25:02] OK   pickup_reminder — sent=0 (1.6ms)
[2026-10-07 01:25:02] equipment_overdue: SKIPPED resident=7 request=21 (last sent 1.2h ago)
[2026-10-07 01:25:02] equipment_overdue: SKIPPED resident=7 request=22 (last sent 1.2h ago)
[2026-10-07 01:25:02] equipment_overdue: SKIPPED resident=7 request=23 (last sent 1.2h ago)
[2026-10-07 01:25:02] equipment_overdue: SKIPPED resident=7 request=24 (last sent 1.2h ago)
[2026-10-07 01:25:02] equipment_overdue: SKIPPED resident=7 request=25 (last sent 1.2h ago)
[2026-10-07 01:25:02] equipment_overdue: SKIPPED resident=7 request=26 (last sent 1.2h ago)
[2026-10-07 01:25:02] equipment_overdue: SKIPPED resident=7 request=28 (last sent 1.2h ago)
[2026-10-07 01:25:02] equipment_overdue: SKIPPED resident=7 request=29 (last sent 1.2h ago)
[2026-10-07 01:25:02] OK   return_reminder — sent=0 (4ms)
[2026-10-07 01:25:02] OK   same_day_reminder — sent=0 (1.4ms)
[2026-10-07 01:25:02] OK   unclaimed_document — sent=0 (0.8ms)
[2026-10-07 01:25:02] === RUN END — total_sent=0 failed=0 ===
[2026-10-07 01:30:02] === RUN START (2026-10-07 01:30:02) — 5 task(s) ===
[2026-10-07 01:30:02] OK   hearing_reminder — sent=0 (1ms)
[2026-10-07 01:30:02] OK   pickup_reminder — sent=0 (2.4ms)
[2026-10-07 01:30:02] equipment_overdue: SKIPPED resident=7 request=21 (last sent 1.3h ago)
[2026-10-07 01:30:02] equipment_overdue: SKIPPED resident=7 request=22 (last sent 1.3h ago)
[2026-10-07 01:30:02] equipment_overdue: SKIPPED resident=7 request=23 (last sent 1.3h ago)
[2026-10-07 01:30:02] equipment_overdue: SKIPPED resident=7 request=24 (last sent 1.3h ago)
[2026-10-07 01:30:02] equipment_overdue: SKIPPED resident=7 request=25 (last sent 1.3h ago)
[2026-10-07 01:30:02] equipment_overdue: SKIPPED resident=7 request=26 (last sent 1.3h ago)
[2026-10-07 01:30:02] equipment_overdue: SKIPPED resident=7 request=28 (last sent 1.3h ago)
[2026-10-07 01:30:02] equipment_overdue: SKIPPED resident=7 request=29 (last sent 1.3h ago)
[2026-10-07 01:30:02] OK   return_reminder — sent=0 (8.6ms)
[2026-10-07 01:30:02] OK   same_day_reminder — sent=0 (1.4ms)
[2026-10-07 01:30:02] OK   unclaimed_document — sent=0 (0.5ms)
[2026-10-07 01:30:02] === RUN END — total_sent=0 failed=0 ===
[2026-10-07 01:35:02] === RUN START (2026-10-07 01:35:02) — 5 task(s) ===
[2026-10-07 01:35:02] OK   hearing_reminder — sent=0 (0.6ms)
[2026-10-07 01:35:02] OK   pickup_reminder — sent=0 (1.5ms)
[2026-10-07 01:35:02] equipment_overdue: SKIPPED resident=7 request=21 (last sent 1.3h ago)
[2026-10-07 01:35:02] equipment_overdue: SKIPPED resident=7 request=22 (last sent 1.3h ago)
[2026-10-07 01:35:02] equipment_overdue: SKIPPED resident=7 request=23 (last sent 1.3h ago)
[2026-10-07 01:35:02] equipment_overdue: SKIPPED resident=7 request=24 (last sent 1.3h ago)
[2026-10-07 01:35:02] equipment_overdue: SKIPPED resident=7 request=25 (last sent 1.3h ago)
[2026-10-07 01:35:02] equipment_overdue: SKIPPED resident=7 request=26 (last sent 1.3h ago)
[2026-10-07 01:35:02] equipment_overdue: SKIPPED resident=7 request=28 (last sent 1.3h ago)
[2026-10-07 01:35:02] equipment_overdue: SKIPPED resident=7 request=29 (last sent 1.3h ago)
[2026-10-07 01:35:02] OK   return_reminder — sent=0 (7.9ms)
[2026-10-07 01:35:02] OK   same_day_reminder — sent=0 (0.8ms)
[2026-10-07 01:35:02] OK   unclaimed_document — sent=0 (0.5ms)
[2026-10-07 01:35:02] === RUN END — total_sent=0 failed=0 ===
[2026-10-07 01:40:02] === RUN START (2026-10-07 01:40:02) — 5 task(s) ===
[2026-10-07 01:40:02] OK   hearing_reminder — sent=0 (0.8ms)
[2026-10-07 01:40:02] OK   pickup_reminder — sent=0 (0.8ms)
[2026-10-07 01:40:02] equipment_overdue: SKIPPED resident=7 request=21 (last sent 1.4h ago)
[2026-10-07 01:40:02] equipment_overdue: SKIPPED resident=7 request=22 (last sent 1.4h ago)
[2026-10-07 01:40:02] equipment_overdue: SKIPPED resident=7 request=23 (last sent 1.4h ago)
[2026-10-07 01:40:02] equipment_overdue: SKIPPED resident=7 request=24 (last sent 1.4h ago)
[2026-10-07 01:40:02] equipment_overdue: SKIPPED resident=7 request=25 (last sent 1.4h ago)
[2026-10-07 01:40:02] equipment_overdue: SKIPPED resident=7 request=26 (last sent 1.4h ago)
[2026-10-07 01:40:02] equipment_overdue: SKIPPED resident=7 request=28 (last sent 1.4h ago)
[2026-10-07 01:40:02] equipment_overdue: SKIPPED resident=7 request=29 (last sent 1.4h ago)
[2026-10-07 01:40:02] OK   return_reminder — sent=0 (4.6ms)
[2026-10-07 01:40:02] OK   same_day_reminder — sent=0 (1.2ms)
[2026-10-07 01:40:02] OK   unclaimed_document — sent=0 (0.9ms)
[2026-10-07 01:40:02] === RUN END — total_sent=0 failed=0 ===
[2026-10-07 01:45:02] === RUN START (2026-10-07 01:45:02) — 5 task(s) ===
[2026-10-07 01:45:02] OK   hearing_reminder — sent=0 (0.5ms)
[2026-10-07 01:45:02] OK   pickup_reminder — sent=0 (1.1ms)
[2026-10-07 01:45:02] equipment_overdue: SKIPPED resident=7 request=21 (last sent 1.5h ago)
[2026-10-07 01:45:02] equipment_overdue: SKIPPED resident=7 request=22 (last sent 1.5h ago)
[2026-10-07 01:45:02] equipment_overdue: SKIPPED resident=7 request=23 (last sent 1.5h ago)
[2026-10-07 01:45:02] equipment_overdue: SKIPPED resident=7 request=24 (last sent 1.5h ago)
[2026-10-07 01:45:02] equipment_overdue: SKIPPED resident=7 request=25 (last sent 1.5h ago)
[2026-10-07 01:45:02] equipment_overdue: SKIPPED resident=7 request=26 (last sent 1.5h ago)
[2026-10-07 01:45:02] equipment_overdue: SKIPPED resident=7 request=28 (last sent 1.5h ago)
[2026-10-07 01:45:02] equipment_overdue: SKIPPED resident=7 request=29 (last sent 1.5h ago)
[2026-10-07 01:45:02] OK   return_reminder — sent=0 (3.2ms)
[2026-10-07 01:45:02] OK   same_day_reminder — sent=0 (1.1ms)
[2026-10-07 01:45:02] OK   unclaimed_document — sent=0 (0.9ms)
[2026-10-07 01:45:02] === RUN END — total_sent=0 failed=0 ===
[2026-10-08 17:37:56] === RUN START (2026-10-08 17:37:56) — 5 task(s) ===
[2026-10-08 17:37:56] OK   hearing_reminder — sent=0 (0.9ms)
[2026-10-08 17:37:56] OK   pickup_reminder — sent=0 (4.3ms)
[2026-10-08 17:37:56] cronSafePushResident: resident=7 has NO subscription
[2026-10-08 17:37:56] equipment_overdue: sent to resident=7 for request=21 (overdue=147)
[2026-10-08 17:37:56] cronSafePushResident: resident=7 has NO subscription
[2026-10-08 17:37:56] equipment_overdue: sent to resident=7 for request=22 (overdue=146)
[2026-10-08 17:37:56] cronSafePushResident: resident=7 has NO subscription
[2026-10-08 17:37:56] equipment_overdue: sent to resident=7 for request=23 (overdue=147)
[2026-10-08 17:37:56] cronSafePushResident: resident=7 has NO subscription
[2026-10-08 17:37:56] equipment_overdue: sent to resident=7 for request=24 (overdue=146)
[2026-10-08 17:37:56] cronSafePushResident: resident=7 has NO subscription
[2026-10-08 17:37:56] equipment_overdue: sent to resident=7 for request=25 (overdue=140)
[2026-10-08 17:37:56] cronSafePushResident: resident=7 has NO subscription
[2026-10-08 17:37:56] equipment_overdue: sent to resident=7 for request=26 (overdue=147)
[2026-10-08 17:37:56] cronSafePushResident: resident=7 has NO subscription
[2026-10-08 17:37:56] equipment_overdue: sent to resident=7 for request=28 (overdue=139)
[2026-10-08 17:37:56] cronSafePushResident: resident=7 has NO subscription
[2026-10-08 17:37:56] equipment_overdue: sent to resident=7 for request=29 (overdue=139)
[2026-10-08 17:37:56] OK   return_reminder — sent=8 (50.8ms)
[2026-10-08 17:37:56] OK   same_day_reminder — sent=0 (1ms)
[2026-10-08 17:37:56] OK   unclaimed_document — sent=0 (1.5ms)
[2026-10-08 17:37:56] === RUN END — total_sent=8 failed=0 ===
[2026-10-08 17:40:01] === RUN START (2026-10-08 17:40:01) — 5 task(s) ===
[2026-10-08 17:40:01] OK   hearing_reminder — sent=0 (1.6ms)
[2026-10-08 17:40:01] OK   pickup_reminder — sent=0 (0.7ms)
[2026-10-08 17:40:01] equipment_overdue: SKIPPED resident=7 request=21 (last sent 0h ago)
[2026-10-08 17:40:01] equipment_overdue: SKIPPED resident=7 request=22 (last sent 0h ago)
[2026-10-08 17:40:01] equipment_overdue: SKIPPED resident=7 request=23 (last sent 0h ago)
[2026-10-08 17:40:01] equipment_overdue: SKIPPED resident=7 request=24 (last sent 0h ago)
[2026-10-08 17:40:01] equipment_overdue: SKIPPED resident=7 request=25 (last sent 0h ago)
[2026-10-08 17:40:01] equipment_overdue: SKIPPED resident=7 request=26 (last sent 0h ago)
[2026-10-08 17:40:01] equipment_overdue: SKIPPED resident=7 request=28 (last sent 0h ago)
[2026-10-08 17:40:01] equipment_overdue: SKIPPED resident=7 request=29 (last sent 0h ago)
[2026-10-08 17:40:01] OK   return_reminder — sent=0 (3.5ms)
[2026-10-08 17:40:01] OK   same_day_reminder — sent=0 (1.8ms)
[2026-10-08 17:40:01] OK   unclaimed_document — sent=0 (0.7ms)
[2026-10-08 17:40:01] === RUN END — total_sent=0 failed=0 ===
[2026-10-08 17:45:01] === RUN START (2026-10-08 17:45:01) — 5 task(s) ===
[2026-10-08 17:45:01] OK   hearing_reminder — sent=0 (0.7ms)
[2026-10-08 17:45:01] OK   pickup_reminder — sent=0 (1ms)
[2026-10-08 17:45:01] equipment_overdue: SKIPPED resident=7 request=21 (last sent 0.1h ago)
[2026-10-08 17:45:01] equipment_overdue: SKIPPED resident=7 request=22 (last sent 0.1h ago)
[2026-10-08 17:45:01] equipment_overdue: SKIPPED resident=7 request=23 (last sent 0.1h ago)
[2026-10-08 17:45:01] equipment_overdue: SKIPPED resident=7 request=24 (last sent 0.1h ago)
[2026-10-08 17:45:01] equipment_overdue: SKIPPED resident=7 request=25 (last sent 0.1h ago)
[2026-10-08 17:45:01] equipment_overdue: SKIPPED resident=7 request=26 (last sent 0.1h ago)
[2026-10-08 17:45:01] equipment_overdue: SKIPPED resident=7 request=28 (last sent 0.1h ago)
[2026-10-08 17:45:01] equipment_overdue: SKIPPED resident=7 request=29 (last sent 0.1h ago)
[2026-10-08 17:45:01] OK   return_reminder — sent=0 (3.9ms)
[2026-10-08 17:45:01] OK   same_day_reminder — sent=0 (1.8ms)
[2026-10-08 17:45:01] OK   unclaimed_document — sent=0 (0.7ms)
[2026-10-08 17:45:01] === RUN END — total_sent=0 failed=0 ===
[2026-10-08 17:50:02] === RUN START (2026-10-08 17:50:02) — 5 task(s) ===
[2026-10-08 17:50:02] OK   hearing_reminder — sent=0 (0.7ms)
[2026-10-08 17:50:02] OK   pickup_reminder — sent=0 (0.9ms)
[2026-10-08 17:50:02] equipment_overdue: SKIPPED resident=7 request=21 (last sent 0.2h ago)
[2026-10-08 17:50:02] equipment_overdue: SKIPPED resident=7 request=22 (last sent 0.2h ago)
[2026-10-08 17:50:02] equipment_overdue: SKIPPED resident=7 request=23 (last sent 0.2h ago)
[2026-10-08 17:50:02] equipment_overdue: SKIPPED resident=7 request=24 (last sent 0.2h ago)
[2026-10-08 17:50:02] equipment_overdue: SKIPPED resident=7 request=25 (last sent 0.2h ago)
[2026-10-08 17:50:02] equipment_overdue: SKIPPED resident=7 request=26 (last sent 0.2h ago)
[2026-10-08 17:50:02] equipment_overdue: SKIPPED resident=7 request=28 (last sent 0.2h ago)
[2026-10-08 17:50:02] equipment_overdue: SKIPPED resident=7 request=29 (last sent 0.2h ago)
[2026-10-08 17:50:02] OK   return_reminder — sent=0 (4.3ms)
[2026-10-08 17:50:02] OK   same_day_reminder — sent=0 (0.5ms)
[2026-10-08 17:50:02] OK   unclaimed_document — sent=0 (0.5ms)
[2026-10-08 17:50:02] === RUN END — total_sent=0 failed=0 ===
[2026-10-08 17:55:01] === RUN START (2026-10-08 17:55:01) — 5 task(s) ===
[2026-10-08 17:55:01] OK   hearing_reminder — sent=0 (0.9ms)
[2026-10-08 17:55:01] OK   pickup_reminder — sent=0 (1.7ms)
[2026-10-08 17:55:01] equipment_overdue: SKIPPED resident=7 request=21 (last sent 0.3h ago)
[2026-10-08 17:55:01] equipment_overdue: SKIPPED resident=7 request=22 (last sent 0.3h ago)
[2026-10-08 17:55:01] equipment_overdue: SKIPPED resident=7 request=23 (last sent 0.3h ago)
[2026-10-08 17:55:01] equipment_overdue: SKIPPED resident=7 request=24 (last sent 0.3h ago)
[2026-10-08 17:55:01] equipment_overdue: SKIPPED resident=7 request=25 (last sent 0.3h ago)
[2026-10-08 17:55:01] equipment_overdue: SKIPPED resident=7 request=26 (last sent 0.3h ago)
[2026-10-08 17:55:01] equipment_overdue: SKIPPED resident=7 request=28 (last sent 0.3h ago)
[2026-10-08 17:55:01] equipment_overdue: SKIPPED resident=7 request=29 (last sent 0.3h ago)
[2026-10-08 17:55:01] OK   return_reminder — sent=0 (6.6ms)
[2026-10-08 17:55:01] OK   same_day_reminder — sent=0 (1.1ms)
[2026-10-08 17:55:01] OK   unclaimed_document — sent=0 (1.4ms)
[2026-10-08 17:55:01] === RUN END — total_sent=0 failed=0 ===
[2026-10-08 18:00:01] === RUN START (2026-10-08 18:00:01) — 5 task(s) ===
[2026-10-08 18:00:01] OK   hearing_reminder — sent=0 (1.2ms)
[2026-10-08 18:00:01] OK   pickup_reminder — sent=0 (1.9ms)
[2026-10-08 18:00:01] equipment_overdue: SKIPPED resident=7 request=21 (last sent 0.4h ago)
[2026-10-08 18:00:01] equipment_overdue: SKIPPED resident=7 request=22 (last sent 0.4h ago)
[2026-10-08 18:00:01] equipment_overdue: SKIPPED resident=7 request=23 (last sent 0.4h ago)
[2026-10-08 18:00:01] equipment_overdue: SKIPPED resident=7 request=24 (last sent 0.4h ago)
[2026-10-08 18:00:01] equipment_overdue: SKIPPED resident=7 request=25 (last sent 0.4h ago)
[2026-10-08 18:00:01] equipment_overdue: SKIPPED resident=7 request=26 (last sent 0.4h ago)
[2026-10-08 18:00:01] equipment_overdue: SKIPPED resident=7 request=28 (last sent 0.4h ago)
[2026-10-08 18:00:01] equipment_overdue: SKIPPED resident=7 request=29 (last sent 0.4h ago)
[2026-10-08 18:00:01] OK   return_reminder — sent=0 (5.5ms)
[2026-10-08 18:00:01] OK   same_day_reminder — sent=0 (1.4ms)
[2026-10-08 18:00:01] OK   unclaimed_document — sent=0 (1ms)
[2026-10-08 18:00:01] === RUN END — total_sent=0 failed=0 ===
[2026-10-08 18:05:01] === RUN START (2026-10-08 18:05:01) — 5 task(s) ===
[2026-10-08 18:05:01] OK   hearing_reminder — sent=0 (1.2ms)
[2026-10-08 18:05:01] OK   pickup_reminder — sent=0 (1.4ms)
[2026-10-08 18:05:01] equipment_overdue: SKIPPED resident=7 request=21 (last sent 0.5h ago)
[2026-10-08 18:05:01] equipment_overdue: SKIPPED resident=7 request=22 (last sent 0.5h ago)
[2026-10-08 18:05:01] equipment_overdue: SKIPPED resident=7 request=23 (last sent 0.5h ago)
[2026-10-08 18:05:01] equipment_overdue: SKIPPED resident=7 request=24 (last sent 0.5h ago)
[2026-10-08 18:05:01] equipment_overdue: SKIPPED resident=7 request=25 (last sent 0.5h ago)
[2026-10-08 18:05:01] equipment_overdue: SKIPPED resident=7 request=26 (last sent 0.5h ago)
[2026-10-08 18:05:01] equipment_overdue: SKIPPED resident=7 request=28 (last sent 0.5h ago)
[2026-10-08 18:05:01] equipment_overdue: SKIPPED resident=7 request=29 (last sent 0.5h ago)
[2026-10-08 18:05:01] OK   return_reminder — sent=0 (5.1ms)
[2026-10-08 18:05:01] OK   same_day_reminder — sent=0 (2.3ms)
[2026-10-08 18:05:01] OK   unclaimed_document — sent=0 (1.3ms)
[2026-10-08 18:05:01] === RUN END — total_sent=0 failed=0 ===
[2026-10-08 18:10:01] === RUN START (2026-10-08 18:10:01) — 5 task(s) ===
[2026-10-08 18:10:01] OK   hearing_reminder — sent=0 (0.6ms)
[2026-10-08 18:10:01] OK   pickup_reminder — sent=0 (0.6ms)
[2026-10-08 18:10:01] equipment_overdue: SKIPPED resident=7 request=21 (last sent 0.5h ago)
[2026-10-08 18:10:01] equipment_overdue: SKIPPED resident=7 request=22 (last sent 0.5h ago)
[2026-10-08 18:10:01] equipment_overdue: SKIPPED resident=7 request=23 (last sent 0.5h ago)
[2026-10-08 18:10:01] equipment_overdue: SKIPPED resident=7 request=24 (last sent 0.5h ago)
[2026-10-08 18:10:01] equipment_overdue: SKIPPED resident=7 request=25 (last sent 0.5h ago)
[2026-10-08 18:10:01] equipment_overdue: SKIPPED resident=7 request=26 (last sent 0.5h ago)
[2026-10-08 18:10:01] equipment_overdue: SKIPPED resident=7 request=28 (last sent 0.5h ago)
[2026-10-08 18:10:01] equipment_overdue: SKIPPED resident=7 request=29 (last sent 0.5h ago)
[2026-10-08 18:10:01] OK   return_reminder — sent=0 (5.1ms)
[2026-10-08 18:10:01] OK   same_day_reminder — sent=0 (1.1ms)
[2026-10-08 18:10:01] OK   unclaimed_document — sent=0 (0.6ms)
[2026-10-08 18:10:01] === RUN END — total_sent=0 failed=0 ===
[2026-10-08 18:15:01] === RUN START (2026-10-08 18:15:01) — 5 task(s) ===
[2026-10-08 18:15:01] OK   hearing_reminder — sent=0 (0.8ms)
[2026-10-08 18:15:01] OK   pickup_reminder — sent=0 (0.7ms)
[2026-10-08 18:15:01] equipment_overdue: SKIPPED resident=7 request=21 (last sent 0.6h ago)
[2026-10-08 18:15:01] equipment_overdue: SKIPPED resident=7 request=22 (last sent 0.6h ago)
[2026-10-08 18:15:01] equipment_overdue: SKIPPED resident=7 request=23 (last sent 0.6h ago)
[2026-10-08 18:15:01] equipment_overdue: SKIPPED resident=7 request=24 (last sent 0.6h ago)
[2026-10-08 18:15:01] equipment_overdue: SKIPPED resident=7 request=25 (last sent 0.6h ago)
[2026-10-08 18:15:01] equipment_overdue: SKIPPED resident=7 request=26 (last sent 0.6h ago)
[2026-10-08 18:15:01] equipment_overdue: SKIPPED resident=7 request=28 (last sent 0.6h ago)
[2026-10-08 18:15:01] equipment_overdue: SKIPPED resident=7 request=29 (last sent 0.6h ago)
[2026-10-08 18:15:01] OK   return_reminder — sent=0 (3.4ms)
[2026-10-08 18:15:01] OK   same_day_reminder — sent=0 (0.8ms)
[2026-10-08 18:15:01] OK   unclaimed_document — sent=0 (0.4ms)
[2026-10-08 18:15:01] === RUN END — total_sent=0 failed=0 ===
[2026-10-08 18:20:01] === RUN START (2026-10-08 18:20:01) — 5 task(s) ===
[2026-10-08 18:20:01] OK   hearing_reminder — sent=0 (0.7ms)
[2026-10-08 18:20:01] OK   pickup_reminder — sent=0 (1.4ms)
[2026-10-08 18:20:01] equipment_overdue: SKIPPED resident=7 request=21 (last sent 0.7h ago)
[2026-10-08 18:20:01] equipment_overdue: SKIPPED resident=7 request=22 (last sent 0.7h ago)
[2026-10-08 18:20:01] equipment_overdue: SKIPPED resident=7 request=23 (last sent 0.7h ago)
[2026-10-08 18:20:01] equipment_overdue: SKIPPED resident=7 request=24 (last sent 0.7h ago)
[2026-10-08 18:20:01] equipment_overdue: SKIPPED resident=7 request=25 (last sent 0.7h ago)
[2026-10-08 18:20:01] equipment_overdue: SKIPPED resident=7 request=26 (last sent 0.7h ago)
[2026-10-08 18:20:01] equipment_overdue: SKIPPED resident=7 request=28 (last sent 0.7h ago)
[2026-10-08 18:20:01] equipment_overdue: SKIPPED resident=7 request=29 (last sent 0.7h ago)
[2026-10-08 18:20:01] OK   return_reminder — sent=0 (6.9ms)
[2026-10-08 18:20:01] OK   same_day_reminder — sent=0 (1.1ms)
[2026-10-08 18:20:01] OK   unclaimed_document — sent=0 (1.1ms)
[2026-10-08 18:20:01] === RUN END — total_sent=0 failed=0 ===
[2026-10-08 18:25:01] === RUN START (2026-10-08 18:25:01) — 5 task(s) ===
[2026-10-08 18:25:01] OK   hearing_reminder — sent=0 (0.6ms)
[2026-10-08 18:25:01] OK   pickup_reminder — sent=0 (0.7ms)
[2026-10-08 18:25:01] equipment_overdue: SKIPPED resident=7 request=21 (last sent 0.8h ago)
[2026-10-08 18:25:01] equipment_overdue: SKIPPED resident=7 request=22 (last sent 0.8h ago)
[2026-10-08 18:25:01] equipment_overdue: SKIPPED resident=7 request=23 (last sent 0.8h ago)
[2026-10-08 18:25:01] equipment_overdue: SKIPPED resident=7 request=24 (last sent 0.8h ago)
[2026-10-08 18:25:01] equipment_overdue: SKIPPED resident=7 request=25 (last sent 0.8h ago)
[2026-10-08 18:25:01] equipment_overdue: SKIPPED resident=7 request=26 (last sent 0.8h ago)
[2026-10-08 18:25:01] equipment_overdue: SKIPPED resident=7 request=28 (last sent 0.8h ago)
[2026-10-08 18:25:01] equipment_overdue: SKIPPED resident=7 request=29 (last sent 0.8h ago)
[2026-10-08 18:25:01] OK   return_reminder — sent=0 (3.7ms)
[2026-10-08 18:25:01] OK   same_day_reminder — sent=0 (0.7ms)
[2026-10-08 18:25:01] OK   unclaimed_document — sent=0 (0.9ms)
[2026-10-08 18:25:01] === RUN END — total_sent=0 failed=0 ===
[2026-10-08 18:30:01] === RUN START (2026-10-08 18:30:01) — 5 task(s) ===
[2026-10-08 18:30:01] OK   hearing_reminder — sent=0 (1.3ms)
[2026-10-08 18:30:01] OK   pickup_reminder — sent=0 (1.9ms)
[2026-10-08 18:30:01] equipment_overdue: SKIPPED resident=7 request=21 (last sent 0.9h ago)
[2026-10-08 18:30:01] equipment_overdue: SKIPPED resident=7 request=22 (last sent 0.9h ago)
[2026-10-08 18:30:01] equipment_overdue: SKIPPED resident=7 request=23 (last sent 0.9h ago)
[2026-10-08 18:30:01] equipment_overdue: SKIPPED resident=7 request=24 (last sent 0.9h ago)
[2026-10-08 18:30:01] equipment_overdue: SKIPPED resident=7 request=25 (last sent 0.9h ago)
[2026-10-08 18:30:01] equipment_overdue: SKIPPED resident=7 request=26 (last sent 0.9h ago)
[2026-10-08 18:30:01] equipment_overdue: SKIPPED resident=7 request=28 (last sent 0.9h ago)
[2026-10-08 18:30:01] equipment_overdue: SKIPPED resident=7 request=29 (last sent 0.9h ago)
[2026-10-08 18:30:01] OK   return_reminder — sent=0 (5.7ms)
[2026-10-08 18:30:01] OK   same_day_reminder — sent=0 (1.3ms)
[2026-10-08 18:30:01] OK   unclaimed_document — sent=0 (1ms)
[2026-10-08 18:30:01] === RUN END — total_sent=0 failed=0 ===
[2026-10-08 18:35:01] === RUN START (2026-10-08 18:35:01) — 5 task(s) ===
[2026-10-08 18:35:01] OK   hearing_reminder — sent=0 (1ms)
[2026-10-08 18:35:01] OK   pickup_reminder — sent=0 (1.2ms)
[2026-10-08 18:35:01] equipment_overdue: SKIPPED resident=7 request=21 (last sent 1h ago)
[2026-10-08 18:35:01] equipment_overdue: SKIPPED resident=7 request=22 (last sent 1h ago)
[2026-10-08 18:35:01] equipment_overdue: SKIPPED resident=7 request=23 (last sent 1h ago)
[2026-10-08 18:35:01] equipment_overdue: SKIPPED resident=7 request=24 (last sent 1h ago)
[2026-10-08 18:35:01] equipment_overdue: SKIPPED resident=7 request=25 (last sent 1h ago)
[2026-10-08 18:35:01] equipment_overdue: SKIPPED resident=7 request=26 (last sent 1h ago)
[2026-10-08 18:35:01] equipment_overdue: SKIPPED resident=7 request=28 (last sent 1h ago)
[2026-10-08 18:35:01] equipment_overdue: SKIPPED resident=7 request=29 (last sent 1h ago)
[2026-10-08 18:35:01] OK   return_reminder — sent=0 (3.6ms)
[2026-10-08 18:35:01] OK   same_day_reminder — sent=0 (1.2ms)
[2026-10-08 18:35:02] OK   unclaimed_document — sent=0 (1.4ms)
[2026-10-08 18:35:02] === RUN END — total_sent=0 failed=0 ===
[2026-10-08 18:40:01] === RUN START (2026-10-08 18:40:01) — 5 task(s) ===
[2026-10-08 18:40:01] OK   hearing_reminder — sent=0 (1ms)
[2026-10-08 18:40:01] OK   pickup_reminder — sent=0 (1.2ms)
[2026-10-08 18:40:01] equipment_overdue: SKIPPED resident=7 request=21 (last sent 1h ago)
[2026-10-08 18:40:01] equipment_overdue: SKIPPED resident=7 request=22 (last sent 1h ago)
[2026-10-08 18:40:01] equipment_overdue: SKIPPED resident=7 request=23 (last sent 1h ago)
[2026-10-08 18:40:01] equipment_overdue: SKIPPED resident=7 request=24 (last sent 1h ago)
[2026-10-08 18:40:01] equipment_overdue: SKIPPED resident=7 request=25 (last sent 1h ago)
[2026-10-08 18:40:01] equipment_overdue: SKIPPED resident=7 request=26 (last sent 1h ago)
[2026-10-08 18:40:01] equipment_overdue: SKIPPED resident=7 request=28 (last sent 1h ago)
[2026-10-08 18:40:01] equipment_overdue: SKIPPED resident=7 request=29 (last sent 1h ago)
[2026-10-08 18:40:01] OK   return_reminder — sent=0 (5.9ms)
[2026-10-08 18:40:01] OK   same_day_reminder — sent=0 (1.3ms)
[2026-10-08 18:40:01] OK   unclaimed_document — sent=0 (1.3ms)
[2026-10-08 18:40:01] === RUN END — total_sent=0 failed=0 ===
[2026-10-08 18:45:01] === RUN START (2026-10-08 18:45:01) — 5 task(s) ===
[2026-10-08 18:45:01] OK   hearing_reminder — sent=0 (0.8ms)
[2026-10-08 18:45:01] OK   pickup_reminder — sent=0 (0.9ms)
[2026-10-08 18:45:01] equipment_overdue: SKIPPED resident=7 request=21 (last sent 1.1h ago)
[2026-10-08 18:45:01] equipment_overdue: SKIPPED resident=7 request=22 (last sent 1.1h ago)
[2026-10-08 18:45:01] equipment_overdue: SKIPPED resident=7 request=23 (last sent 1.1h ago)
[2026-10-08 18:45:01] equipment_overdue: SKIPPED resident=7 request=24 (last sent 1.1h ago)
[2026-10-08 18:45:01] equipment_overdue: SKIPPED resident=7 request=25 (last sent 1.1h ago)
[2026-10-08 18:45:01] equipment_overdue: SKIPPED resident=7 request=26 (last sent 1.1h ago)
[2026-10-08 18:45:01] equipment_overdue: SKIPPED resident=7 request=28 (last sent 1.1h ago)
[2026-10-08 18:45:01] equipment_overdue: SKIPPED resident=7 request=29 (last sent 1.1h ago)
[2026-10-08 18:45:01] OK   return_reminder — sent=0 (4.9ms)
[2026-10-08 18:45:01] OK   same_day_reminder — sent=0 (1ms)
[2026-10-08 18:45:01] OK   unclaimed_document — sent=0 (0.7ms)
[2026-10-08 18:45:01] === RUN END — total_sent=0 failed=0 ===
[2026-10-08 18:50:01] === RUN START (2026-10-08 18:50:01) — 5 task(s) ===
[2026-10-08 18:50:01] OK   hearing_reminder — sent=0 (0.6ms)
[2026-10-08 18:50:01] OK   pickup_reminder — sent=0 (0.9ms)
[2026-10-08 18:50:01] equipment_overdue: SKIPPED resident=7 request=21 (last sent 1.2h ago)
[2026-10-08 18:50:01] equipment_overdue: SKIPPED resident=7 request=22 (last sent 1.2h ago)
[2026-10-08 18:50:01] equipment_overdue: SKIPPED resident=7 request=23 (last sent 1.2h ago)
[2026-10-08 18:50:01] equipment_overdue: SKIPPED resident=7 request=24 (last sent 1.2h ago)
[2026-10-08 18:50:01] equipment_overdue: SKIPPED resident=7 request=25 (last sent 1.2h ago)
[2026-10-08 18:50:01] equipment_overdue: SKIPPED resident=7 request=26 (last sent 1.2h ago)
[2026-10-08 18:50:01] equipment_overdue: SKIPPED resident=7 request=28 (last sent 1.2h ago)
[2026-10-08 18:50:01] equipment_overdue: SKIPPED resident=7 request=29 (last sent 1.2h ago)
[2026-10-08 18:50:01] OK   return_reminder — sent=0 (6.3ms)
[2026-10-08 18:50:01] OK   same_day_reminder — sent=0 (1.1ms)
[2026-10-08 18:50:01] OK   unclaimed_document — sent=0 (0.9ms)
[2026-10-08 18:50:01] === RUN END — total_sent=0 failed=0 ===
[2026-10-08 18:55:01] === RUN START (2026-10-08 18:55:01) — 5 task(s) ===
[2026-10-08 18:55:01] OK   hearing_reminder — sent=0 (1.2ms)
[2026-10-08 18:55:01] OK   pickup_reminder — sent=0 (1.5ms)
[2026-10-08 18:55:01] equipment_overdue: SKIPPED resident=7 request=21 (last sent 1.3h ago)
[2026-10-08 18:55:01] equipment_overdue: SKIPPED resident=7 request=22 (last sent 1.3h ago)
[2026-10-08 18:55:01] equipment_overdue: SKIPPED resident=7 request=23 (last sent 1.3h ago)
[2026-10-08 18:55:01] equipment_overdue: SKIPPED resident=7 request=24 (last sent 1.3h ago)
[2026-10-08 18:55:01] equipment_overdue: SKIPPED resident=7 request=25 (last sent 1.3h ago)
[2026-10-08 18:55:01] equipment_overdue: SKIPPED resident=7 request=26 (last sent 1.3h ago)
[2026-10-08 18:55:01] equipment_overdue: SKIPPED resident=7 request=28 (last sent 1.3h ago)
[2026-10-08 18:55:01] equipment_overdue: SKIPPED resident=7 request=29 (last sent 1.3h ago)
[2026-10-08 18:55:01] OK   return_reminder — sent=0 (6.9ms)
[2026-10-08 18:55:01] OK   same_day_reminder — sent=0 (1.3ms)
[2026-10-08 18:55:01] OK   unclaimed_document — sent=0 (1ms)
[2026-10-08 18:55:01] === RUN END — total_sent=0 failed=0 ===
[2026-10-08 19:00:01] === RUN START (2026-10-08 19:00:01) — 5 task(s) ===
[2026-10-08 19:00:01] OK   hearing_reminder — sent=0 (0.7ms)
[2026-10-08 19:00:01] OK   pickup_reminder — sent=0 (0.4ms)
[2026-10-08 19:00:02] equipment_overdue: SKIPPED resident=7 request=21 (last sent 1.4h ago)
[2026-10-08 19:00:02] equipment_overdue: SKIPPED resident=7 request=22 (last sent 1.4h ago)
[2026-10-08 19:00:02] equipment_overdue: SKIPPED resident=7 request=23 (last sent 1.4h ago)
[2026-10-08 19:00:02] equipment_overdue: SKIPPED resident=7 request=24 (last sent 1.4h ago)
[2026-10-08 19:00:02] equipment_overdue: SKIPPED resident=7 request=25 (last sent 1.4h ago)
[2026-10-08 19:00:02] equipment_overdue: SKIPPED resident=7 request=26 (last sent 1.4h ago)
[2026-10-08 19:00:02] equipment_overdue: SKIPPED resident=7 request=28 (last sent 1.4h ago)
[2026-10-08 19:00:02] equipment_overdue: SKIPPED resident=7 request=29 (last sent 1.4h ago)
[2026-10-08 19:00:02] OK   return_reminder — sent=0 (30.4ms)
[2026-10-08 19:00:02] OK   same_day_reminder — sent=0 (2.9ms)
[2026-10-08 19:00:02] OK   unclaimed_document — sent=0 (1.5ms)
[2026-10-08 19:00:02] === RUN END — total_sent=0 failed=0 ===
[2026-10-08 19:05:01] === RUN START (2026-10-08 19:05:01) — 5 task(s) ===
[2026-10-08 19:05:01] OK   hearing_reminder — sent=0 (0.7ms)
[2026-10-08 19:05:01] OK   pickup_reminder — sent=0 (0.6ms)
[2026-10-08 19:05:01] equipment_overdue: SKIPPED resident=7 request=21 (last sent 1.5h ago)
[2026-10-08 19:05:01] equipment_overdue: SKIPPED resident=7 request=22 (last sent 1.5h ago)
[2026-10-08 19:05:01] equipment_overdue: SKIPPED resident=7 request=23 (last sent 1.5h ago)
[2026-10-08 19:05:01] equipment_overdue: SKIPPED resident=7 request=24 (last sent 1.5h ago)
[2026-10-08 19:05:01] equipment_overdue: SKIPPED resident=7 request=25 (last sent 1.5h ago)
[2026-10-08 19:05:01] equipment_overdue: SKIPPED resident=7 request=26 (last sent 1.5h ago)
[2026-10-08 19:05:01] equipment_overdue: SKIPPED resident=7 request=28 (last sent 1.5h ago)
[2026-10-08 19:05:01] equipment_overdue: SKIPPED resident=7 request=29 (last sent 1.5h ago)
[2026-10-08 19:05:01] OK   return_reminder — sent=0 (3.8ms)
[2026-10-08 19:05:01] OK   same_day_reminder — sent=0 (0.9ms)
[2026-10-08 19:05:01] OK   unclaimed_document — sent=0 (0.6ms)
[2026-10-08 19:05:01] === RUN END — total_sent=0 failed=0 ===
[2026-10-08 19:10:02] === RUN START (2026-10-08 19:10:02) — 5 task(s) ===
[2026-10-08 19:10:02] OK   hearing_reminder — sent=0 (0.7ms)
[2026-10-08 19:10:02] OK   pickup_reminder — sent=0 (1.9ms)
[2026-10-08 19:10:02] equipment_overdue: SKIPPED resident=7 request=21 (last sent 1.5h ago)
[2026-10-08 19:10:02] equipment_overdue: SKIPPED resident=7 request=22 (last sent 1.5h ago)
[2026-10-08 19:10:02] equipment_overdue: SKIPPED resident=7 request=23 (last sent 1.5h ago)
[2026-10-08 19:10:02] equipment_overdue: SKIPPED resident=7 request=24 (last sent 1.5h ago)
[2026-10-08 19:10:02] equipment_overdue: SKIPPED resident=7 request=25 (last sent 1.5h ago)
[2026-10-08 19:10:02] equipment_overdue: SKIPPED resident=7 request=26 (last sent 1.5h ago)
[2026-10-08 19:10:02] equipment_overdue: SKIPPED resident=7 request=28 (last sent 1.5h ago)
[2026-10-08 19:10:02] equipment_overdue: SKIPPED resident=7 request=29 (last sent 1.5h ago)
[2026-10-08 19:10:02] OK   return_reminder — sent=0 (9.8ms)
[2026-10-08 19:10:02] OK   same_day_reminder — sent=0 (1.7ms)
[2026-10-08 19:10:02] OK   unclaimed_document — sent=0 (1.5ms)
[2026-10-08 19:10:02] === RUN END — total_sent=0 failed=0 ===
[2026-10-08 19:15:01] === RUN START (2026-10-08 19:15:01) — 5 task(s) ===
[2026-10-08 19:15:01] OK   hearing_reminder — sent=0 (0.5ms)
[2026-10-08 19:15:01] OK   pickup_reminder — sent=0 (1.1ms)
[2026-10-08 19:15:01] equipment_overdue: SKIPPED resident=7 request=21 (last sent 1.6h ago)
[2026-10-08 19:15:01] equipment_overdue: SKIPPED resident=7 request=22 (last sent 1.6h ago)
[2026-10-08 19:15:01] equipment_overdue: SKIPPED resident=7 request=23 (last sent 1.6h ago)
[2026-10-08 19:15:01] equipment_overdue: SKIPPED resident=7 request=24 (last sent 1.6h ago)
[2026-10-08 19:15:01] equipment_overdue: SKIPPED resident=7 request=25 (last sent 1.6h ago)
[2026-10-08 19:15:01] equipment_overdue: SKIPPED resident=7 request=26 (last sent 1.6h ago)
[2026-10-08 19:15:01] equipment_overdue: SKIPPED resident=7 request=28 (last sent 1.6h ago)
[2026-10-08 19:15:01] equipment_overdue: SKIPPED resident=7 request=29 (last sent 1.6h ago)
[2026-10-08 19:15:01] OK   return_reminder — sent=0 (3.7ms)
[2026-10-08 19:15:01] OK   same_day_reminder — sent=0 (1.1ms)
[2026-10-08 19:15:01] OK   unclaimed_document — sent=0 (1.1ms)
[2026-10-08 19:15:01] === RUN END — total_sent=0 failed=0 ===
[2026-10-08 19:20:01] === RUN START (2026-10-08 19:20:01) — 5 task(s) ===
[2026-10-08 19:20:01] OK   hearing_reminder — sent=0 (1.1ms)
[2026-10-08 19:20:01] OK   pickup_reminder — sent=0 (1.5ms)
[2026-10-08 19:20:01] equipment_overdue: SKIPPED resident=7 request=21 (last sent 1.7h ago)
[2026-10-08 19:20:01] equipment_overdue: SKIPPED resident=7 request=22 (last sent 1.7h ago)
[2026-10-08 19:20:01] equipment_overdue: SKIPPED resident=7 request=23 (last sent 1.7h ago)
[2026-10-08 19:20:01] equipment_overdue: SKIPPED resident=7 request=24 (last sent 1.7h ago)
[2026-10-08 19:20:01] equipment_overdue: SKIPPED resident=7 request=25 (last sent 1.7h ago)
[2026-10-08 19:20:01] equipment_overdue: SKIPPED resident=7 request=26 (last sent 1.7h ago)
[2026-10-08 19:20:01] equipment_overdue: SKIPPED resident=7 request=28 (last sent 1.7h ago)
[2026-10-08 19:20:01] equipment_overdue: SKIPPED resident=7 request=29 (last sent 1.7h ago)
[2026-10-08 19:20:01] OK   return_reminder — sent=0 (4.5ms)
[2026-10-08 19:20:01] OK   same_day_reminder — sent=0 (1ms)
[2026-10-08 19:20:01] OK   unclaimed_document — sent=0 (0.8ms)
[2026-10-08 19:20:01] === RUN END — total_sent=0 failed=0 ===
[2026-10-08 19:25:02] === RUN START (2026-10-08 19:25:02) — 5 task(s) ===
[2026-10-08 19:25:02] OK   hearing_reminder — sent=0 (1.2ms)
[2026-10-08 19:25:02] OK   pickup_reminder — sent=0 (1.5ms)
[2026-10-08 19:25:02] equipment_overdue: SKIPPED resident=7 request=21 (last sent 1.8h ago)
[2026-10-08 19:25:02] equipment_overdue: SKIPPED resident=7 request=22 (last sent 1.8h ago)
[2026-10-08 19:25:02] equipment_overdue: SKIPPED resident=7 request=23 (last sent 1.8h ago)
[2026-10-08 19:25:02] equipment_overdue: SKIPPED resident=7 request=24 (last sent 1.8h ago)
[2026-10-08 19:25:02] equipment_overdue: SKIPPED resident=7 request=25 (last sent 1.8h ago)
[2026-10-08 19:25:02] equipment_overdue: SKIPPED resident=7 request=26 (last sent 1.8h ago)
[2026-10-08 19:25:02] equipment_overdue: SKIPPED resident=7 request=28 (last sent 1.8h ago)
[2026-10-08 19:25:02] equipment_overdue: SKIPPED resident=7 request=29 (last sent 1.8h ago)
[2026-10-08 19:25:02] OK   return_reminder — sent=0 (5.9ms)
[2026-10-08 19:25:02] OK   same_day_reminder — sent=0 (0.9ms)
[2026-10-08 19:25:02] OK   unclaimed_document — sent=0 (1.1ms)
[2026-10-08 19:25:02] === RUN END — total_sent=0 failed=0 ===
[2026-10-08 19:30:01] === RUN START (2026-10-08 19:30:01) — 5 task(s) ===
[2026-10-08 19:30:01] OK   hearing_reminder — sent=0 (0.8ms)
[2026-10-08 19:30:01] OK   pickup_reminder — sent=0 (0.5ms)
[2026-10-08 19:30:01] equipment_overdue: SKIPPED resident=7 request=21 (last sent 1.9h ago)
[2026-10-08 19:30:01] equipment_overdue: SKIPPED resident=7 request=22 (last sent 1.9h ago)
[2026-10-08 19:30:01] equipment_overdue: SKIPPED resident=7 request=23 (last sent 1.9h ago)
[2026-10-08 19:30:01] equipment_overdue: SKIPPED resident=7 request=24 (last sent 1.9h ago)
[2026-10-08 19:30:01] equipment_overdue: SKIPPED resident=7 request=25 (last sent 1.9h ago)
[2026-10-08 19:30:01] equipment_overdue: SKIPPED resident=7 request=26 (last sent 1.9h ago)
[2026-10-08 19:30:01] equipment_overdue: SKIPPED resident=7 request=28 (last sent 1.9h ago)
[2026-10-08 19:30:01] equipment_overdue: SKIPPED resident=7 request=29 (last sent 1.9h ago)
[2026-10-08 19:30:01] OK   return_reminder — sent=0 (3ms)
[2026-10-08 19:30:01] OK   same_day_reminder — sent=0 (1ms)
[2026-10-08 19:30:01] OK   unclaimed_document — sent=0 (0.5ms)
[2026-10-08 19:30:01] === RUN END — total_sent=0 failed=0 ===
[2026-10-08 19:35:01] === RUN START (2026-10-08 19:35:01) — 5 task(s) ===
[2026-10-08 19:35:01] OK   hearing_reminder — sent=0 (1.2ms)
[2026-10-08 19:35:01] OK   pickup_reminder — sent=0 (0.3ms)
[2026-10-08 19:35:01] equipment_overdue: SKIPPED resident=7 request=21 (last sent 2h ago)
[2026-10-08 19:35:01] equipment_overdue: SKIPPED resident=7 request=22 (last sent 2h ago)
[2026-10-08 19:35:01] equipment_overdue: SKIPPED resident=7 request=23 (last sent 2h ago)
[2026-10-08 19:35:01] equipment_overdue: SKIPPED resident=7 request=24 (last sent 2h ago)
[2026-10-08 19:35:01] equipment_overdue: SKIPPED resident=7 request=25 (last sent 2h ago)
[2026-10-08 19:35:01] equipment_overdue: SKIPPED resident=7 request=26 (last sent 2h ago)
[2026-10-08 19:35:01] equipment_overdue: SKIPPED resident=7 request=28 (last sent 2h ago)
[2026-10-08 19:35:01] equipment_overdue: SKIPPED resident=7 request=29 (last sent 2h ago)
[2026-10-08 19:35:01] OK   return_reminder — sent=0 (8.4ms)
[2026-10-08 19:35:01] OK   same_day_reminder — sent=0 (0.7ms)
[2026-10-08 19:35:01] OK   unclaimed_document — sent=0 (0.2ms)
[2026-10-08 19:35:01] === RUN END — total_sent=0 failed=0 ===
[2026-10-08 19:40:01] === RUN START (2026-10-08 19:40:01) — 5 task(s) ===
[2026-10-08 19:40:01] OK   hearing_reminder — sent=0 (0.6ms)
[2026-10-08 19:40:01] OK   pickup_reminder — sent=0 (0.5ms)
[2026-10-08 19:40:01] equipment_overdue: SKIPPED resident=7 request=21 (last sent 2h ago)
[2026-10-08 19:40:01] equipment_overdue: SKIPPED resident=7 request=22 (last sent 2h ago)
[2026-10-08 19:40:01] equipment_overdue: SKIPPED resident=7 request=23 (last sent 2h ago)
[2026-10-08 19:40:01] equipment_overdue: SKIPPED resident=7 request=24 (last sent 2h ago)
[2026-10-08 19:40:01] equipment_overdue: SKIPPED resident=7 request=25 (last sent 2h ago)
[2026-10-08 19:40:01] equipment_overdue: SKIPPED resident=7 request=26 (last sent 2h ago)
[2026-10-08 19:40:01] equipment_overdue: SKIPPED resident=7 request=28 (last sent 2h ago)
[2026-10-08 19:40:01] equipment_overdue: SKIPPED resident=7 request=29 (last sent 2h ago)
[2026-10-08 19:40:01] OK   return_reminder — sent=0 (5.7ms)
[2026-10-08 19:40:01] OK   same_day_reminder — sent=0 (1.7ms)
[2026-10-08 19:40:01] OK   unclaimed_document — sent=0 (0.4ms)
[2026-10-08 19:40:01] === RUN END — total_sent=0 failed=0 ===
